{"textures":{"0":"modelengine:entity/artoriasknight"},"elements":[{"name":"cube","from":[5.6,4.1,8.0],"to":[10.4,8.299999,8.0],"rotation":{"angle":0.0,"axis":"x","origin":[7.7,6.2,9.139999]},"faces":{"down":{"uv":[1.0,0.0,0.0,0.0],"rotation":0,"texture":"#0","tintindex":0},"east":{"uv":[0.0,0.0,0.0,0.875],"rotation":0,"texture":"#0","tintindex":0},"north":{"uv":[3.75,7.75,4.75,8.625],"rotation":0,"texture":"#0","tintindex":0},"south":{"uv":[4.75,7.75,3.75,8.625],"rotation":0,"texture":"#0","tintindex":0},"up":{"uv":[1.0,0.0,0.0,0.0],"rotation":0,"texture":"#0","tintindex":0},"west":{"uv":[0.0,0.0,0.0,0.875],"rotation":0,"texture":"#0","tintindex":0}}}],"display":{"head":{"translation":[0.0,-6.4,0.0],"rotation":[0.0,0.0,0.0],"scale":[3.8095,3.8095,3.8095]}}}