{"textures":{"0":"modelengine:entity/artoriasknight"},"elements":[{"name":"cube","from":[5.0,5.739523,7.006774],"to":[11.0,8.739524,7.006774],"rotation":{"angle":22.5,"axis":"x","origin":[6.8,7.8395243,7.306774]},"faces":{"down":{"uv":[1.25,0.0,0.0,0.0],"rotation":0,"texture":"#0","tintindex":0},"east":{"uv":[0.0,0.0,0.0,0.625],"rotation":0,"texture":"#0","tintindex":0},"north":{"uv":[5.75,7.875,7.0,8.5],"rotation":0,"texture":"#0","tintindex":0},"south":{"uv":[7.0,7.875,5.75,8.5],"rotation":0,"texture":"#0","tintindex":0},"up":{"uv":[1.25,0.0,0.0,0.0],"rotation":0,"texture":"#0","tintindex":0},"west":{"uv":[0.0,0.0,0.0,0.625],"rotation":0,"texture":"#0","tintindex":0}}}],"display":{"head":{"translation":[0.0,-6.4,0.0],"rotation":[0.0,0.0,0.0],"scale":[3.8095,3.8095,3.8095]}}}