{"textures":{"0":"modelengine:entity/artoriasknight"},"elements":[{"name":"hitbox","from":[3.1999998,-16.0,3.7999997],"to":[12.8,26.000004,13.400001],"rotation":{"angle":0.0,"axis":"x","origin":[8.0,18.800003,8.0]},"faces":{"down":{"uv":[0.0,0.0,2.0,2.0],"rotation":0,"texture":"#0","tintindex":0},"east":{"uv":[0.0,0.0,2.0,8.75],"rotation":0,"texture":"#0","tintindex":0},"north":{"uv":[0.0,0.0,2.0,8.75],"rotation":0,"texture":"#0","tintindex":0},"south":{"uv":[0.0,0.0,2.0,8.75],"rotation":0,"texture":"#0","tintindex":0},"up":{"uv":[0.0,0.0,2.0,2.0],"rotation":0,"texture":"#0","tintindex":0},"west":{"uv":[0.0,0.0,2.0,8.75],"rotation":0,"texture":"#0","tintindex":0}}}],"display":{"head":{"translation":[0.0,-46.720013,0.0],"rotation":[0.0,0.0,0.0],"scale":[3.8095,3.8095,3.8095]}}}