{"textures":{"0":"modelengine:entity/artoriasknight"},"elements":[{"name":"cube","from":[5.6,3.4777982,8.419826],"to":[9.2,8.277799,8.419826],"rotation":{"angle":0.0,"axis":"x","origin":[7.4,6.4777985,8.419826]},"faces":{"down":{"uv":[0.75,0.0,0.0,0.0],"rotation":0,"texture":"#0","tintindex":0},"east":{"uv":[0.0,0.0,0.0,1.0],"rotation":0,"texture":"#0","tintindex":0},"north":{"uv":[5.25,8.75,4.5,9.75],"rotation":0,"texture":"#0","tintindex":0},"south":{"uv":[4.5,8.75,5.25,9.75],"rotation":0,"texture":"#0","tintindex":0},"up":{"uv":[0.75,0.0,0.0,0.0],"rotation":0,"texture":"#0","tintindex":0},"west":{"uv":[0.0,0.0,0.0,1.0],"rotation":0,"texture":"#0","tintindex":0}}}],"display":{"head":{"translation":[0.0,-6.4,0.0],"rotation":[0.0,0.0,0.0],"scale":[3.8095,3.8095,3.8095]}}}