{"credit":"MadewithBlockbench","texture_size":[24,24],"textures":{"0":"halloween_pack:furniture/pumpkin_crate_key"},"elements":[{"from":[7.5,7,2.5],"to":[8.5,9,4.5],"rotation":{"angle":0,"axis":"y","origin":[8,7,10]},"faces":{"north":{"uv":[10,2,10.66667,3.33333],"texture":"#0"},"east":{"uv":[5.33333,5.33333,6.66667,6.66667],"texture":"#0"},"south":{"uv":[10,6,10.66667,7.33333],"texture":"#0"},"west":{"uv":[0,6.66667,1.33333,8],"texture":"#0"},"up":{"uv":[10.66667,9.33333,10,8],"texture":"#0"},"down":{"uv":[10.66667,10,10,11.33333],"texture":"#0"}}},{"from":[8.4,7,1.5],"to":[8.5,11,4.5],"rotation":{"angle":-22.5,"axis":"y","origin":[8.5,8,3.5]},"faces":{"north":{"uv":[0,12,0.16667,14.66667],"texture":"#0"},"east":{"uv":[0,0,2,2.66667],"texture":"#0"},"south":{"uv":[1.33333,12,1.5,14.66667],"texture":"#0"},"west":{"uv":[2.66667,0,4.66667,2.66667],"texture":"#0"},"up":{"uv":[8.16667,14.66667,8,12.66667],"texture":"#0"},"down":{"uv":[12.83333,8.66667,12.66667,10.66667],"texture":"#0"}}},{"from":[7.5,7,1.5],"to":[7.6,11,4.5],"rotation":{"angle":22.5,"axis":"y","origin":[7.5,8,3.5]},"faces":{"north":{"uv":[2.66667,12,2.83333,14.66667],"texture":"#0"},"east":{"uv":[0,3.33333,2,6],"texture":"#0"},"south":{"uv":[9.33333,12,9.5,14.66667],"texture":"#0"},"west":{"uv":[2.66667,3.33333,4.66667,6],"texture":"#0"},"up":{"uv":[12.83333,13.33333,12.66667,11.33333],"texture":"#0"},"down":{"uv":[13.5,1.33333,13.33333,3.33333],"texture":"#0"}}},{"from":[7.3,7.8,3.5],"to":[8.7,9.2,5.5],"rotation":{"angle":0,"axis":"y","origin":[8,7,10]},"faces":{"north":{"uv":[8,9.33333,9,10.33333],"texture":"#0"},"east":{"uv":[2,8.66667,3.33333,9.66667],"texture":"#0"},"south":{"uv":[10,0,11,1],"texture":"#0"},"west":{"uv":[4,9.33333,5.33333,10.33333],"texture":"#0"},"up":{"uv":[10.33333,5.33333,9.33333,4],"texture":"#0"},"down":{"uv":[7,9.33333,6,10.66667],"texture":"#0"}}},{"from":[7,7.5,5],"to":[9,9.5,7],"rotation":{"angle":0,"axis":"y","origin":[8,10.75,-10.17595]},"faces":{"north":{"uv":[2,6.66667,3.33333,8],"texture":"#0"},"east":{"uv":[4,7.33333,5.33333,8.66667],"texture":"#0"},"south":{"uv":[7.33333,5.33333,8.66667,6.66667],"texture":"#0"},"west":{"uv":[6,7.33333,7.33333,8.66667],"texture":"#0"},"up":{"uv":[9.33333,1.33333,8,0],"texture":"#0"},"down":{"uv":[9.33333,2,8,3.33333],"texture":"#0"}}},{"from":[7.7,7.4,5],"to":[8.3,8,9],"rotation":{"angle":0,"axis":"y","origin":[8,10.75,-10.17595]},"faces":{"north":{"uv":[14.66667,14.66667,15,15],"texture":"#0"},"east":{"uv":[6,11.33333,8.66667,11.66667],"texture":"#0"},"south":{"uv":[0,15.33333,0.33333,15.66667],"texture":"#0"},"west":{"uv":[11.33333,6,14,6.33333],"texture":"#0"},"up":{"uv":[11.66667,10,11.33333,7.33333],"texture":"#0"},"down":{"uv":[11.66667,10.66667,11.33333,13.33333],"texture":"#0"}}},{"from":[7.9,6.4,8],"to":[8,9,11],"rotation":{"angle":0,"axis":"y","origin":[8,10.75,-10.17595]},"faces":{"north":{"uv":[6.66667,14,6.83333,15.66667],"texture":"#0"},"east":{"uv":[5.33333,0,7.33333,1.66667],"texture":"#0"},"south":{"uv":[14,8.66667,14.16667,10.33333],"texture":"#0"},"west":{"uv":[5.33333,2.66667,7.33333,4.33333],"texture":"#0"},"up":{"uv":[4.16667,16,4,14],"texture":"#0"},"down":{"uv":[5.5,14,5.33333,16],"texture":"#0"}}},{"from":[7,6.6,4.5],"to":[9,7.1,6.5],"rotation":{"angle":22.5,"axis":"x","origin":[8,6.25,6]},"faces":{"north":{"uv":[12,0,13.33333,0.33333],"texture":"#0"},"east":{"uv":[4,12.66667,5.33333,13],"texture":"#0"},"south":{"uv":[6,12.66667,7.33333,13],"texture":"#0"},"west":{"uv":[12.66667,7.33333,14,7.66667],"texture":"#0"},"up":{"uv":[9.33333,8.66667,8,7.33333],"texture":"#0"},"down":{"uv":[1.33333,8.66667,0,10],"texture":"#0"}}},{"from":[6.9,7,5],"to":[7,8,7],"rotation":{"angle":22.5,"axis":"x","origin":[6.9,7.3,6]},"faces":{"north":{"uv":[14.66667,2.66667,14.83333,3.33333],"texture":"#0"},"east":{"uv":[11.33333,2,12.66667,2.66667],"texture":"#0"},"south":{"uv":[14.66667,5.33333,14.83333,6],"texture":"#0"},"west":{"uv":[11.33333,3.33333,12.66667,4],"texture":"#0"},"up":{"uv":[10.83333,15.33333,10.66667,14],"texture":"#0"},"down":{"uv":[14.16667,11.33333,14,12.66667],"texture":"#0"}}},{"from":[9,6.8,5],"to":[9.1,7.8,7],"rotation":{"angle":22.5,"axis":"x","origin":[9.1,7.3,6]},"faces":{"north":{"uv":[14.66667,6.66667,14.83333,7.33333],"texture":"#0"},"east":{"uv":[4,11.33333,5.33333,12],"texture":"#0"},"south":{"uv":[14.66667,13.33333,14.83333,14],"texture":"#0"},"west":{"uv":[11.33333,4.66667,12.66667,5.33333],"texture":"#0"},"up":{"uv":[12.16667,15.33333,12,14],"texture":"#0"},"down":{"uv":[13.5,14,13.33333,15.33333],"texture":"#0"}}},{"from":[7,6.6,7],"to":[9,7.6,7.1],"rotation":{"angle":22.5,"axis":"x","origin":[8,7.4,7.1]},"faces":{"north":{"uv":[0,10.66667,1.33333,11.33333],"texture":"#0"},"east":{"uv":[8,4,8.16667,4.66667],"texture":"#0"},"south":{"uv":[2,10.66667,3.33333,11.33333],"texture":"#0"},"west":{"uv":[14.66667,1.33333,14.83333,2],"texture":"#0"},"up":{"uv":[14.66667,4.16667,13.33333,4],"texture":"#0"},"down":{"uv":[15.33333,0,14,0.16667],"texture":"#0"}}}],"display":{"thirdperson_righthand":{"rotation":[-180,-1,-180],"translation":[0,0,-2.5]},"thirdperson_lefthand":{"rotation":[-180,0,-180],"translation":[0,0,-2.5]},"firstperson_righthand":{"rotation":[0,-180,0],"translation":[-0.75,2,-1]},"firstperson_lefthand":{"rotation":[0,-180,0],"translation":[-0.75,2,-1]},"gui":{"rotation":[0,90,0],"translation":[2.5,-0.75,0],"scale":[1.5,1.5,1.5]},"head":{"rotation":[0,-180,0]},"fixed":{"rotation":[0,-90,0],"translation":[-3.25,0,0],"scale":[2,2,2]}},"groups":[0,1,2,3,4,5,6,7,8,9,10,{"name":"head_main","origin":[0.744,8.2955,-2.04431],"rotation":[2.5,0,0],"color":0,"children":[{"name":"jaw","origin":[0.17733,10.86597,0.82225],"color":0,"children":[]}]}]}