{"credit":"MadewithBlockbench-ByToffy","texture_size":[64,64],"textures":{"0":"jackpot:models/armor/santa/toffy_xmas_hat","particle":"jackpot:models/armor/santa/toffy_xmas_hat"},"elements":[{"name":"head","from":[4,10,4],"to":[12,12,12],"rotation":{"angle":0,"axis":"y","origin":[0,2,0]},"faces":{"north":{"uv":[0,6.25,2,6.75],"texture":"#0"},"east":{"uv":[2.25,6.25,4.25,6.75],"texture":"#0"},"south":{"uv":[6.5,0,8.5,0.5],"texture":"#0"},"west":{"uv":[6.5,0.75,8.5,1.25],"texture":"#0"},"up":{"uv":[4.5,2,2.5,0],"texture":"#0"},"down":{"uv":[4.5,2.25,2.5,4.25],"texture":"#0"}}},{"name":"head","from":[5,10,5],"to":[11,14,11],"rotation":{"angle":22.5,"axis":"x","origin":[8,11,8]},"faces":{"north":{"uv":[4.75,0,6.25,1],"texture":"#0"},"east":{"uv":[4.75,1.25,6.25,2.25],"texture":"#0"},"south":{"uv":[4.75,2.5,6.25,3.5],"texture":"#0"},"west":{"uv":[0,5,1.5,6],"texture":"#0"},"up":{"uv":[4,6,2.5,4.5],"texture":"#0"},"down":{"uv":[5.75,4.5,4.25,6],"texture":"#0"}}},{"name":"head","from":[6,10,9],"to":[10,14,13],"rotation":{"angle":-22.5,"axis":"x","origin":[8,11,8]},"faces":{"north":{"uv":[4.5,6.25,5.5,7.25],"texture":"#0"},"east":{"uv":[6.5,1.5,7.5,2.5],"texture":"#0"},"south":{"uv":[5.75,6.75,6.75,7.75],"texture":"#0"},"west":{"uv":[0,7,1,8],"texture":"#0"},"up":{"uv":[2.25,8,1.25,7],"texture":"#0"},"down":{"uv":[3.5,7,2.5,8],"texture":"#0"}}},{"name":"head","from":[7,13.5,9],"to":[9,15.5,14],"rotation":{"angle":22.5,"axis":"x","origin":[8,11,8]},"faces":{"north":{"uv":[7.75,7.5,8.25,8],"texture":"#0"},"east":{"uv":[6.5,2.75,7.75,3.25],"texture":"#0"},"south":{"uv":[8,2.5,8.5,3],"texture":"#0"},"west":{"uv":[7,6.75,8.25,7.25],"texture":"#0"},"up":{"uv":[4.25,8.25,3.75,7],"texture":"#0"},"down":{"uv":[5,7.5,4.5,8.75],"texture":"#0"}}},{"name":"head","from":[7.025,6.72377,13.49163],"to":[8.975,9.72377,15.49163],"rotation":{"angle":-22.5,"axis":"x","origin":[8,10.72377,7.49163]},"faces":{"north":{"uv":[1.75,5,2.25,5.75],"texture":"#0"},"east":{"uv":[7.25,3.5,7.75,4.25],"texture":"#0"},"south":{"uv":[7,7.5,7.5,8.25],"texture":"#0"},"west":{"uv":[7.75,1.5,8.25,2.25],"texture":"#0"},"up":{"uv":[8.5,3.75,8,3.25],"texture":"#0"},"down":{"uv":[5.75,8,5.25,8.5],"texture":"#0"}}},{"name":"head","from":[7.5,8.08972,14.6634],"to":[8.5,10.08972,15.6634],"rotation":{"angle":22.5,"axis":"y","origin":[8,8.08972,15.1634]},"faces":{"north":{"uv":[7.75,8.25,8,8.75],"texture":"#0"},"east":{"uv":[8.25,8.25,8.5,8.75],"texture":"#0"},"south":{"uv":[8.5,1.5,8.75,2],"texture":"#0"},"west":{"uv":[3.75,8.5,4,9],"texture":"#0"},"up":{"uv":[5.5,7.75,5.25,7.5],"texture":"#0"},"down":{"uv":[8.25,4,8,4.25],"texture":"#0"}}},{"name":"head","from":[7,6.08972,14.1634],"to":[9,8.08972,16.1634],"rotation":{"angle":-22.5,"axis":"y","origin":[8,5.08972,15.1634]},"faces":{"north":{"uv":[6,8,6.5,8.5],"texture":"#0"},"east":{"uv":[0,8.25,0.5,8.75],"texture":"#0"},"south":{"uv":[0.75,8.25,1.25,8.75],"texture":"#0"},"west":{"uv":[1.5,8.25,2,8.75],"texture":"#0"},"up":{"uv":[2.75,8.75,2.25,8.25],"texture":"#0"},"down":{"uv":[3.5,8.25,3,8.75],"texture":"#0"}}},{"name":"head","from":[3.5,8,3.5],"to":[12.5,10,12.5],"rotation":{"angle":0,"axis":"y","origin":[0,2,0]},"faces":{"north":{"uv":[4.75,3.75,7,4.25],"texture":"#0"},"east":{"uv":[6,4.5,8.25,5],"texture":"#0"},"south":{"uv":[6,5.25,8.25,5.75],"texture":"#0"},"west":{"uv":[6,6,8.25,6.5],"texture":"#0"},"up":{"uv":[2.25,2.25,0,0],"texture":"#0"},"down":{"uv":[2.25,2.5,0,4.75],"texture":"#0"}}}],"gui_light":"front","display":{"thirdperson_righthand":{"translation":[-1.25,0,0],"scale":[0.5,0.5,0.5]},"thirdperson_lefthand":{"translation":[-1.25,0,0],"scale":[0.5,0.5,0.5]},"firstperson_righthand":{"scale":[0.5,0.5,0.5]},"firstperson_lefthand":{"scale":[0.5,0.5,0.5]},"ground":{"translation":[0,-1.25,0],"scale":[0.3,0.3,0.3]},"gui":{"rotation":[-11,-105,-5],"translation":[1.25,-3.25,0]},"head":{"rotation":[0,-90,0],"scale":[1.81,1.81,1.81]},"fixed":{"rotation":[0,-90,0],"translation":[0.75,-3.75,-1.75]}}}