{"textures":{"0":"modelengine:entity/mechanical_bull"},"elements":[{"name":"cube","from":[7.1,8.0,11.0],"to":[8.9,9.8,14.0],"rotation":{"angle":-22.5,"axis":"z","origin":[11.0,6.8,8.0]},"faces":{"down":{"uv":[2.625,9.125,2.25,8.5],"rotation":0,"texture":"#0","tintindex":0},"east":{"uv":[9.625,5.5,9.0,5.875],"rotation":0,"texture":"#0","tintindex":0},"north":{"uv":[1.125,9.125,0.75,9.5],"rotation":0,"texture":"#0","tintindex":0},"south":{"uv":[5.75,8.75,5.375,9.125],"rotation":0,"texture":"#0","tintindex":0},"up":{"uv":[1.125,8.5,0.75,9.125],"rotation":0,"texture":"#0","tintindex":0},"west":{"uv":[8.625,9.125,8.0,9.5],"rotation":0,"texture":"#0","tintindex":0}}},{"name":"cube","from":[8.0,4.7,5.6],"to":[11.0,8.9,10.4],"rotation":{"angle":-22.5,"axis":"z","origin":[11.0,6.8,8.0]},"faces":{"down":{"uv":[3.75,8.0,3.125,9.0],"rotation":0,"texture":"#0","tintindex":0},"east":{"uv":[6.0,7.5,7.0,8.375],"rotation":0,"texture":"#0","tintindex":0},"north":{"uv":[8.375,5.0,9.0,5.875],"rotation":0,"texture":"#0","tintindex":0},"south":{"uv":[9.0,5.0,8.375,5.875],"rotation":0,"texture":"#0","tintindex":0},"up":{"uv":[2.75,4.25,2.125,3.25],"rotation":0,"texture":"#0","tintindex":0},"west":{"uv":[7.0,7.5,8.0,8.375],"rotation":0,"texture":"#0","tintindex":0}}},{"name":"cube","from":[11.0,5.3,6.8],"to":[14.0,8.3,9.2],"rotation":{"angle":-22.5,"axis":"z","origin":[11.0,6.8,8.0]},"faces":{"down":{"uv":[2.25,9.125,1.625,9.625],"rotation":0,"texture":"#0","tintindex":0},"east":{"uv":[8.875,5.875,9.375,6.5],"rotation":0,"texture":"#0","tintindex":0},"north":{"uv":[1.625,8.5,2.25,9.125],"rotation":0,"texture":"#0","tintindex":0},"south":{"uv":[2.25,8.5,1.625,9.125],"rotation":0,"texture":"#0","tintindex":0},"up":{"uv":[9.625,5.5,9.0,5.0],"rotation":0,"texture":"#0","tintindex":0},"west":{"uv":[3.125,9.0,3.625,9.625],"rotation":0,"texture":"#0","tintindex":0}}},{"name":"cube","from":[13.1,3.6499999,6.2],"to":[13.7,6.05,6.8],"rotation":{"angle":0.0,"axis":"x","origin":[4.3999996,-4.9000006,8.0]},"faces":{"down":{"uv":[5.125,3.0,5.0,3.125],"rotation":0,"texture":"#0","tintindex":0},"east":{"uv":[5.875,7.75,6.0,8.25],"rotation":0,"texture":"#0","tintindex":0},"north":{"uv":[5.75,7.75,5.875,8.25],"rotation":0,"texture":"#0","tintindex":0},"south":{"uv":[4.75,8.25,4.875,8.75],"rotation":0,"texture":"#0","tintindex":0},"up":{"uv":[5.0,3.125,4.875,3.0],"rotation":0,"texture":"#0","tintindex":0},"west":{"uv":[4.875,8.25,5.0,8.75],"rotation":0,"texture":"#0","tintindex":0}}},{"name":"cube","from":[13.1,3.6499999,9.2],"to":[13.7,6.05,9.8],"rotation":{"angle":0.0,"axis":"x","origin":[4.3999996,-4.9000006,8.0]},"faces":{"down":{"uv":[5.375,3.0,5.25,3.125],"rotation":0,"texture":"#0","tintindex":0},"east":{"uv":[5.125,9.375,5.25,9.875],"rotation":0,"texture":"#0","tintindex":0},"north":{"uv":[3.625,9.0,3.75,9.5],"rotation":0,"texture":"#0","tintindex":0},"south":{"uv":[5.25,9.375,5.375,9.875],"rotation":0,"texture":"#0","tintindex":0},"up":{"uv":[5.25,3.125,5.125,3.0],"rotation":0,"texture":"#0","tintindex":0},"west":{"uv":[3.0,9.5,3.125,10.0],"rotation":0,"texture":"#0","tintindex":0}}},{"name":"cube","from":[13.1,3.0499997,6.2],"to":[13.7,3.6499999,9.8],"rotation":{"angle":0.0,"axis":"x","origin":[4.3999996,-4.9000006,8.0]},"faces":{"down":{"uv":[1.625,9.25,1.5,10.0],"rotation":0,"texture":"#0","tintindex":0},"east":{"uv":[4.875,4.125,5.625,4.25],"rotation":0,"texture":"#0","tintindex":0},"north":{"uv":[5.375,3.0,5.5,3.125],"rotation":0,"texture":"#0","tintindex":0},"south":{"uv":[7.0,3.0,7.125,3.125],"rotation":0,"texture":"#0","tintindex":0},"up":{"uv":[1.75,8.5,1.625,7.75],"rotation":0,"texture":"#0","tintindex":0},"west":{"uv":[8.875,6.625,9.625,6.75],"rotation":0,"texture":"#0","tintindex":0}}},{"name":"cube","from":[6.8,7.7,5.0],"to":[9.2,10.1,11.0],"rotation":{"angle":-22.5,"axis":"z","origin":[11.0,6.8,8.0]},"faces":{"down":{"uv":[4.75,8.25,4.25,9.5],"rotation":0,"texture":"#0","tintindex":0},"east":{"uv":[8.25,2.75,9.5,3.25],"rotation":0,"texture":"#0","tintindex":0},"north":{"uv":[3.75,7.0,4.25,7.5],"rotation":0,"texture":"#0","tintindex":0},"south":{"uv":[7.5,9.125,8.0,9.625],"rotation":0,"texture":"#0","tintindex":0},"up":{"uv":[4.25,9.5,3.75,8.25],"rotation":0,"texture":"#0","tintindex":0},"west":{"uv":[8.25,3.25,9.5,3.75],"rotation":0,"texture":"#0","tintindex":0}}},{"name":"cube","from":[7.1,8.0,1.9999998],"to":[8.9,9.8,5.0],"rotation":{"angle":-22.5,"axis":"z","origin":[11.0,6.8,8.0]},"faces":{"down":{"uv":[2.625,8.5,2.25,9.125],"rotation":0,"texture":"#0","tintindex":0},"east":{"uv":[9.0,5.5,9.625,5.875],"rotation":0,"texture":"#0","tintindex":0},"north":{"uv":[5.375,8.75,5.75,9.125],"rotation":0,"texture":"#0","tintindex":0},"south":{"uv":[0.75,9.125,1.125,9.5],"rotation":0,"texture":"#0","tintindex":0},"up":{"uv":[1.125,9.125,0.75,8.5],"rotation":0,"texture":"#0","tintindex":0},"west":{"uv":[8.0,9.125,8.625,9.5],"rotation":0,"texture":"#0","tintindex":0}}},{"name":"cube","from":[7.4,9.8,1.9999998],"to":[8.6,11.0,3.1999998],"rotation":{"angle":-22.5,"axis":"z","origin":[11.0,6.8,8.0]},"faces":{"down":{"uv":[5.625,9.5,5.375,9.75],"rotation":0,"texture":"#0","tintindex":0},"east":{"uv":[5.375,5.75,5.625,6.0],"rotation":0,"texture":"#0","tintindex":0},"north":{"uv":[5.125,5.75,5.375,6.0],"rotation":0,"texture":"#0","tintindex":0},"south":{"uv":[7.25,1.25,7.5,1.5],"rotation":0,"texture":"#0","tintindex":0},"up":{"uv":[8.125,3.0,7.875,2.75],"rotation":0,"texture":"#0","tintindex":0},"west":{"uv":[7.5,1.25,7.75,1.5],"rotation":0,"texture":"#0","tintindex":0}}},{"name":"cube","from":[3.7999997,4.1,6.2],"to":[9.2,8.9,9.8],"rotation":{"angle":22.5,"axis":"z","origin":[5.8999996,7.4,8.0]},"faces":{"down":{"uv":[8.875,6.0,7.75,6.75],"rotation":0,"texture":"#0","tintindex":0},"east":{"uv":[4.875,3.125,5.625,4.125],"rotation":0,"texture":"#0","tintindex":0},"north":{"uv":[2.625,7.0,3.75,8.0],"rotation":0,"texture":"#0","tintindex":0},"south":{"uv":[3.75,7.0,2.625,8.0],"rotation":0,"texture":"#0","tintindex":0},"up":{"uv":[1.125,8.5,0.0,7.75],"rotation":0,"texture":"#0","tintindex":0},"west":{"uv":[5.0,7.75,5.75,8.75],"rotation":0,"texture":"#0","tintindex":0}}},{"name":"cube","from":[1.3999997,1.6999998,3.7999997],"to":[5.6,8.9,12.2],"rotation":{"angle":0.0,"axis":"x","origin":[8.0,12.5,8.0]},"faces":{"down":{"uv":[0.875,6.0,0.0,7.75],"rotation":0,"texture":"#0","tintindex":0},"east":{"uv":[2.125,4.25,3.875,5.75],"rotation":0,"texture":"#0","tintindex":0},"north":{"uv":[6.0,6.0,6.875,7.5],"rotation":0,"texture":"#0","tintindex":0},"south":{"uv":[6.875,6.0,6.0,7.5],"rotation":0,"texture":"#0","tintindex":0},"up":{"uv":[5.125,7.5,4.25,5.75],"rotation":0,"texture":"#0","tintindex":0},"west":{"uv":[3.875,4.25,5.625,5.75],"rotation":0,"texture":"#0","tintindex":0}}},{"name":"cube","from":[-10.000001,1.6999998,3.7999997],"to":[-5.8,8.9,12.2],"rotation":{"angle":0.0,"axis":"x","origin":[8.0,12.5,8.0]},"faces":{"down":{"uv":[6.0,6.0,5.125,7.75],"rotation":0,"texture":"#0","tintindex":0},"east":{"uv":[0.0,4.5,1.75,6.0],"rotation":0,"texture":"#0","tintindex":0},"north":{"uv":[7.0,1.5,7.875,3.0],"rotation":0,"texture":"#0","tintindex":0},"south":{"uv":[7.875,1.5,7.0,3.0],"rotation":0,"texture":"#0","tintindex":0},"up":{"uv":[1.75,7.75,0.875,6.0],"rotation":0,"texture":"#0","tintindex":0},"west":{"uv":[5.5,0.0,7.25,1.5],"rotation":0,"texture":"#0","tintindex":0}}},{"name":"cube","from":[-8.8,0.49999976,4.3999996],"to":[4.3999996,8.3,11.6],"rotation":{"angle":0.0,"axis":"x","origin":[8.0,12.5,8.0]},"faces":{"down":{"uv":[5.5,1.5,2.75,3.0],"rotation":0,"texture":"#0","tintindex":0},"east":{"uv":[5.5,1.5,7.0,3.125],"rotation":0,"texture":"#0","tintindex":0},"north":{"uv":[0.0,0.0,2.75,1.625],"rotation":0,"texture":"#0","tintindex":0},"south":{"uv":[2.75,0.0,0.0,1.625],"rotation":0,"texture":"#0","tintindex":0},"up":{"uv":[5.5,1.5,2.75,0.0],"rotation":0,"texture":"#0","tintindex":0},"west":{"uv":[5.625,3.125,7.125,4.75],"rotation":0,"texture":"#0","tintindex":0}}},{"name":"cube","from":[1.9999998,8.9,4.3999996],"to":[3.7999997,10.700001,6.2],"rotation":{"angle":0.0,"axis":"x","origin":[8.0,12.5,8.0]},"faces":{"down":{"uv":[6.875,9.25,6.5,9.625],"rotation":0,"texture":"#0","tintindex":0},"east":{"uv":[5.375,9.125,5.75,9.5],"rotation":0,"texture":"#0","tintindex":0},"north":{"uv":[2.25,9.125,2.625,9.5],"rotation":0,"texture":"#0","tintindex":0},"south":{"uv":[9.125,9.125,9.5,9.5],"rotation":0,"texture":"#0","tintindex":0},"up":{"uv":[9.625,4.375,9.25,4.0],"rotation":0,"texture":"#0","tintindex":0},"west":{"uv":[1.125,9.25,1.5,9.625],"rotation":0,"texture":"#0","tintindex":0}}},{"name":"cube","from":[1.9999998,8.9,9.8],"to":[3.7999997,10.700001,11.6],"rotation":{"angle":0.0,"axis":"x","origin":[8.0,12.5,8.0]},"faces":{"down":{"uv":[1.125,9.5,0.75,9.875],"rotation":0,"texture":"#0","tintindex":0},"east":{"uv":[9.375,0.0,9.75,0.375],"rotation":0,"texture":"#0","tintindex":0},"north":{"uv":[9.25,8.25,9.625,8.625],"rotation":0,"texture":"#0","tintindex":0},"south":{"uv":[4.75,9.375,5.125,9.75],"rotation":0,"texture":"#0","tintindex":0},"up":{"uv":[9.75,6.625,9.375,6.25],"rotation":0,"texture":"#0","tintindex":0},"west":{"uv":[9.375,5.875,9.75,6.25],"rotation":0,"texture":"#0","tintindex":0}}},{"name":"cube","from":[2.6,9.5,6.2],"to":[3.1999998,10.1,9.8],"rotation":{"angle":0.0,"axis":"x","origin":[8.0,12.5,8.0]},"faces":{"down":{"uv":[7.125,9.25,7.0,10.0],"rotation":0,"texture":"#0","tintindex":0},"east":{"uv":[9.25,4.375,10.0,4.5],"rotation":0,"texture":"#0","tintindex":0},"north":{"uv":[5.0,7.5,5.125,7.625],"rotation":0,"texture":"#0","tintindex":0},"south":{"uv":[5.0,7.625,5.125,7.75],"rotation":0,"texture":"#0","tintindex":0},"up":{"uv":[7.0,10.0,6.875,9.25],"rotation":0,"texture":"#0","tintindex":0},"west":{"uv":[9.25,8.625,10.0,8.75],"rotation":0,"texture":"#0","tintindex":0}}},{"name":"cube","from":[-11.050001,1.5499997,6.5],"to":[-11.050001,7.55,9.5],"rotation":{"angle":-22.5,"axis":"z","origin":[-11.050001,4.5499997,8.0]},"faces":{"down":{"uv":[0.0,0.0,0.75,0.0],"rotation":270,"texture":"#0","tintindex":0},"east":{"uv":[8.5,0.625,7.25,1.25],"rotation":270,"texture":"#0","tintindex":0},"north":{"uv":[0.0,0.0,1.25,0.0],"rotation":90,"texture":"#0","tintindex":0},"south":{"uv":[0.0,0.0,1.25,0.0],"rotation":270,"texture":"#0","tintindex":0},"up":{"uv":[0.0,0.0,0.75,0.0],"rotation":270,"texture":"#0","tintindex":0},"west":{"uv":[8.5,1.25,7.25,0.625],"rotation":270,"texture":"#0","tintindex":0}}},{"name":"cube","from":[-7.6000004,-0.7000003,5.0],"to":[2.6,1.6999998,11.0],"rotation":{"angle":0.0,"axis":"x","origin":[8.0,12.5,8.0]},"faces":{"down":{"uv":[2.125,3.25,0.0,4.5],"rotation":0,"texture":"#0","tintindex":0},"east":{"uv":[8.0,8.25,9.25,8.75],"rotation":0,"texture":"#0","tintindex":0},"north":{"uv":[7.125,4.0,9.25,4.5],"rotation":0,"texture":"#0","tintindex":0},"south":{"uv":[7.25,0.0,9.375,0.5],"rotation":0,"texture":"#0","tintindex":0},"up":{"uv":[4.875,4.25,2.75,3.0],"rotation":0,"texture":"#0","tintindex":0},"west":{"uv":[8.375,4.5,9.625,5.0],"rotation":0,"texture":"#0","tintindex":0}}},{"name":"cube","from":[-3.4000006,-7.9000006,7.4],"to":[-1.0000005,-0.7000003,9.2],"rotation":{"angle":0.0,"axis":"x","origin":[8.0,12.5,8.0]},"faces":{"down":{"uv":[9.125,9.125,8.625,9.5],"rotation":0,"texture":"#0","tintindex":0},"east":{"uv":[5.75,8.375,6.125,9.875],"rotation":0,"texture":"#0","tintindex":0},"north":{"uv":[1.125,7.75,1.625,9.25],"rotation":0,"texture":"#0","tintindex":0},"south":{"uv":[2.625,8.0,3.125,9.5],"rotation":0,"texture":"#0","tintindex":0},"up":{"uv":[8.0,8.75,7.5,8.375],"rotation":0,"texture":"#0","tintindex":0},"west":{"uv":[6.125,8.375,6.5,9.875],"rotation":0,"texture":"#0","tintindex":0}}},{"name":"cube","from":[-8.8,-2.5000005,4.3999996],"to":[4.3999996,0.49999976,4.3999996],"rotation":{"angle":0.0,"axis":"x","origin":[8.0,12.5,8.0]},"faces":{"down":{"uv":[2.75,0.0,0.0,0.0],"rotation":0,"texture":"#0","tintindex":0},"east":{"uv":[0.0,0.0,0.0,0.625],"rotation":0,"texture":"#0","tintindex":0},"north":{"uv":[5.625,4.75,8.375,5.375],"rotation":0,"texture":"#0","tintindex":0},"south":{"uv":[5.625,4.75,8.375,5.375],"rotation":0,"texture":"#0","tintindex":0},"up":{"uv":[2.75,0.0,0.0,0.0],"rotation":0,"texture":"#0","tintindex":0},"west":{"uv":[0.0,0.0,0.0,0.625],"rotation":0,"texture":"#0","tintindex":0}}},{"name":"cube","from":[-8.8,-2.5000005,11.6],"to":[4.3999996,0.49999976,11.6],"rotation":{"angle":0.0,"axis":"x","origin":[8.0,12.5,8.0]},"faces":{"down":{"uv":[2.75,0.0,0.0,0.0],"rotation":0,"texture":"#0","tintindex":0},"east":{"uv":[0.0,0.0,0.0,0.625],"rotation":0,"texture":"#0","tintindex":0},"north":{"uv":[8.375,4.75,5.625,5.375],"rotation":0,"texture":"#0","tintindex":0},"south":{"uv":[8.375,4.75,5.625,5.375],"rotation":0,"texture":"#0","tintindex":0},"up":{"uv":[2.75,0.0,0.0,0.0],"rotation":0,"texture":"#0","tintindex":0},"west":{"uv":[0.0,0.0,0.0,0.625],"rotation":0,"texture":"#0","tintindex":0}}},{"name":"cube","from":[7.4,9.8,12.8],"to":[8.6,11.0,14.0],"rotation":{"angle":-22.5,"axis":"z","origin":[11.0,6.8,8.0]},"faces":{"down":{"uv":[5.625,9.75,5.375,9.5],"rotation":0,"texture":"#0","tintindex":0},"east":{"uv":[5.625,5.75,5.375,6.0],"rotation":0,"texture":"#0","tintindex":0},"north":{"uv":[7.5,1.25,7.25,1.5],"rotation":0,"texture":"#0","tintindex":0},"south":{"uv":[5.375,5.75,5.125,6.0],"rotation":0,"texture":"#0","tintindex":0},"up":{"uv":[8.125,2.75,7.875,3.0],"rotation":0,"texture":"#0","tintindex":0},"west":{"uv":[7.75,1.25,7.5,1.5],"rotation":0,"texture":"#0","tintindex":0}}}],"display":{"head":{"translation":[0.0,-6.4,0.0],"rotation":[0.0,0.0,0.0],"scale":[3.8095,3.8095,3.8095]}}}