{"credit":"madebymaxwell","texture_size":[450,450],"textures":{"1":"jackpot:bb/heart","particle":"jackpot:bb/heart"},"elements":[{"name":"heart_0","from":[3.55556,-0.6,0],"to":[7.11111,1.03556,12.44444],"rotation":{"angle":0,"axis":"y","origin":[8,0.51778,8.09877]},"faces":{"north":{"uv":[7.11111,0,3.55556,0.03556],"texture":"#1","cullface":"north"},"east":{"uv":[7.07556,0,7.11111,12.44444],"rotation":90,"texture":"#1"},"south":{"uv":[3.55556,12.40889,7.11111,12.44444],"texture":"#1"},"west":{"uv":[3.55556,0,3.59111,12.44444],"rotation":270,"texture":"#1"},"up":{"uv":[3.55556,0,7.11111,12.44444],"texture":"#1"},"down":{"uv":[3.55556,12.44444,7.11111,0],"texture":"#1","cullface":"down"}}},{"name":"heart_1","from":[8.88889,-0.6,0],"to":[12.44444,1.03556,12.44444],"rotation":{"angle":0,"axis":"y","origin":[8,0.51778,8.09877]},"faces":{"north":{"uv":[12.44444,0,8.88889,0.03556],"texture":"#1","cullface":"north"},"east":{"uv":[12.40889,0,12.44444,12.44444],"rotation":90,"texture":"#1"},"south":{"uv":[8.88889,12.40889,12.44444,12.44444],"texture":"#1"},"west":{"uv":[8.88889,0,8.92444,12.44444],"rotation":270,"texture":"#1"},"up":{"uv":[8.88889,0,12.44444,12.44444],"texture":"#1"},"down":{"uv":[8.88889,12.44444,12.44444,0],"texture":"#1","cullface":"down"}}},{"name":"heart_2","from":[1.77778,-0.6,1.77778],"to":[3.55556,1.03556,10.66667],"rotation":{"angle":0,"axis":"y","origin":[8,0.51778,8.09877]},"faces":{"north":{"uv":[3.55556,1.77778,1.77778,1.81333],"texture":"#1"},"south":{"uv":[1.77778,10.63111,3.55556,10.66667],"texture":"#1"},"west":{"uv":[1.77778,1.77778,1.81333,10.66667],"rotation":270,"texture":"#1"},"up":{"uv":[1.77778,1.77778,3.55556,10.66667],"texture":"#1"},"down":{"uv":[1.77778,10.66667,3.55556,1.77778],"texture":"#1","cullface":"down"}}},{"name":"heart_3","from":[7.11111,-0.6,1.77778],"to":[8.88889,1.03556,16],"rotation":{"angle":0,"axis":"y","origin":[8,0.51778,8.09877]},"faces":{"north":{"uv":[8.88889,1.77778,7.11111,1.81333],"texture":"#1"},"east":{"uv":[8.85333,1.77778,8.88889,16],"rotation":90,"texture":"#1"},"south":{"uv":[7.11111,15.96444,8.88889,16],"texture":"#1","cullface":"south"},"west":{"uv":[7.11111,1.77778,7.14667,16],"rotation":270,"texture":"#1"},"up":{"uv":[7.11111,1.77778,8.88889,16],"texture":"#1"},"down":{"uv":[7.11111,16,8.88889,1.77778],"texture":"#1","cullface":"down"}}},{"name":"heart_4","from":[12.44444,-0.6,1.77778],"to":[14.22222,1.03556,10.66667],"rotation":{"angle":0,"axis":"y","origin":[8,0.51778,8.09877]},"faces":{"north":{"uv":[14.22222,1.77778,12.44444,1.81333],"texture":"#1"},"east":{"uv":[14.18667,1.77778,14.22222,10.66667],"rotation":90,"texture":"#1"},"south":{"uv":[12.44444,10.63111,14.22222,10.66667],"texture":"#1"},"up":{"uv":[12.44444,1.77778,14.22222,10.66667],"texture":"#1"},"down":{"uv":[12.44444,10.66667,14.22222,1.77778],"texture":"#1","cullface":"down"}}},{"name":"heart_5","from":[0,-0.6,3.55556],"to":[1.77778,1.03556,8.88889],"rotation":{"angle":0,"axis":"y","origin":[8,0.51778,8.09877]},"faces":{"north":{"uv":[1.77778,3.55556,0,3.59111],"texture":"#1"},"south":{"uv":[0,8.85333,1.77778,8.88889],"texture":"#1"},"west":{"uv":[0,3.55556,0.03556,8.88889],"rotation":270,"texture":"#1","cullface":"west"},"up":{"uv":[0,3.55556,1.77778,8.88889],"texture":"#1"},"down":{"uv":[0,8.88889,1.77778,3.55556],"texture":"#1","cullface":"down"}}},{"name":"heart_6","from":[14.22222,-0.6,3.55556],"to":[16,1.03556,8.88889],"rotation":{"angle":0,"axis":"y","origin":[8,0.51778,8.09877]},"faces":{"north":{"uv":[16,3.55556,14.22222,3.59111],"texture":"#1"},"east":{"uv":[15.96444,3.55556,16,8.88889],"rotation":90,"texture":"#1","cullface":"east"},"south":{"uv":[14.22222,8.85333,16,8.88889],"texture":"#1"},"up":{"uv":[14.22222,3.55556,16,8.88889],"texture":"#1"},"down":{"uv":[14.22222,8.88889,16,3.55556],"texture":"#1","cullface":"down"}}},{"name":"heart_7","from":[5.33333,-0.6,12.44444],"to":[7.11111,1.03556,14.22222],"rotation":{"angle":0,"axis":"y","origin":[8,0.51778,8.09877]},"faces":{"south":{"uv":[5.33333,14.18667,7.11111,14.22222],"texture":"#1"},"west":{"uv":[5.33333,12.44444,5.36889,14.22222],"rotation":270,"texture":"#1"},"up":{"uv":[5.33333,12.44444,7.11111,14.22222],"texture":"#1"},"down":{"uv":[5.33333,14.22222,7.11111,12.44444],"texture":"#1","cullface":"down"}}},{"name":"heart_8","from":[8.88889,-0.6,12.44444],"to":[10.66667,1.03556,14.22222],"rotation":{"angle":0,"axis":"y","origin":[8,0.51778,8.09877]},"faces":{"east":{"uv":[10.63111,12.44444,10.66667,14.22222],"rotation":90,"texture":"#1"},"south":{"uv":[8.88889,14.18667,10.66667,14.22222],"texture":"#1"},"up":{"uv":[8.88889,12.44444,10.66667,14.22222],"texture":"#1"},"down":{"uv":[8.88889,14.22222,10.66667,12.44444],"texture":"#1","cullface":"down"}}}],"display":{"thirdperson_righthand":{"rotation":[94,0,24],"translation":[-1.5,2,5.5],"scale":[0.42,0.7,0.42]},"thirdperson_lefthand":{"rotation":[94,0,0],"translation":[0,2,5.5],"scale":[0.42,0.7,0.42]},"firstperson_righthand":{"rotation":[93.5,-8,56.25],"translation":[-4,2.5,2.25],"scale":[0.42,0.42,0.42]},"firstperson_lefthand":{"rotation":[93.5,-8,56.25],"translation":[-4,2.75,2.25],"scale":[0.42,0.42,0.42]},"ground":{"rotation":[90,0,0],"translation":[0,2.5,5.5],"scale":[0.38,0.38,0.38]},"gui":{"rotation":[90,0,0],"scale":[0.8,0.8,0.8]},"fixed":{"rotation":[90,0,0],"translation":[0,0,6.5]}},"groups":[{"name":"heart","origin":[8,8,8],"color":0,"children":[0,1,2,3,4,5,6,7,8]}]}