{	"credit":"madebymaxwell",	"texture_size":[450,450],	"display":{		"thirdperson_righthand":{			"rotation":[94,0,24],			"translation":[-1.5,2,5.5],			"scale":[0.42,0.7,0.42]		},		"thirdperson_lefthand":{			"rotation":[94,0,0],			"translation":[0,2,5.5],			"scale":[0.42,0.7,0.42]		},		"firstperson_righthand":{			"rotation":[93.5,-8,56.25],			"translation":[-4,2.5,2.25],			"scale":[0.42,0.42,0.42]		},		"firstperson_lefthand":{			"rotation":[93.5,-8,56.25],			"translation":[-4,2.75,2.25],			"scale":[0.42,0.42,0.42]		},		"ground":{			"rotation":[90,0,0],			"translation":[0,2.5,5.5],			"scale":[0.38,0.38,0.38]		},		"gui":{			"rotation":[90,0,0],			"scale":[0.8,0.8,0.8]		},		"fixed":{			"rotation":[90,0,0],			"translation":[0,0,6.5]		}	}}