{"credit":"MadewithBlockbench","texture_size":[32,32],"textures":{"0":"jackpot:bb/legendarykey","particle":"jackpot:bb/legendarykey"},"elements":[{"from":[6.08579,0,2.91421],"to":[7.08579,1,6.41421],"rotation":{"angle":0,"axis":"y","origin":[8.83579,0.5,5.41421]},"faces":{"north":{"uv":[2,8.5,2.5,9],"texture":"#0"},"east":{"uv":[7.75,3.5,9.5,3],"texture":"#0"},"south":{"uv":[2.5,8.5,3,9],"texture":"#0"},"west":{"uv":[9.5,3.5,7.75,3],"texture":"#0"},"up":{"uv":[7,2.75,6.5,1],"texture":"#0"},"down":{"uv":[7,1,6.5,2.75],"texture":"#0"}}},{"from":[7.08679,0.001,2.91521],"to":[9.93479,0.999,3.91321],"rotation":{"angle":0,"axis":"y","origin":[8.83579,0.5,5.41421]},"faces":{"north":{"uv":[9,3.5,8,3],"texture":"#0"},"east":{"uv":[8.5,8,9,8.5],"texture":"#0"},"south":{"uv":[9,1.5,7.5,1],"texture":"#0"},"west":{"uv":[8.5,8.5,9,9],"texture":"#0"},"up":{"uv":[9,1.5,7.5,1],"texture":"#0"},"down":{"uv":[9,1.5,7.5,1],"texture":"#0"}}},{"from":[6.501,-0.249,1.91521],"to":[8.999,1.249,3.41321],"rotation":{"angle":22.5,"axis":"y","origin":[8.5,0.5,5.41421]},"faces":{"north":{"uv":[5,2.75,6.25,2],"texture":"#0"},"east":{"uv":[5.5,7.5,6.25,8.25],"texture":"#0"},"south":{"uv":[6.25,2,5,2.75],"texture":"#0"},"west":{"uv":[5.5,7.5,6.25,8.25],"texture":"#0"},"up":{"uv":[6.25,2.75,5,2],"texture":"#0"},"down":{"uv":[6.25,2.75,5,2],"texture":"#0"}}},{"from":[8.001,-0.249,1.91521],"to":[10.499,1.249,3.41321],"rotation":{"angle":-22.5,"axis":"y","origin":[8.5,0.5,5.41421]},"faces":{"north":{"uv":[6.25,2.75,5,2],"texture":"#0"},"east":{"uv":[5.5,7.5,6.25,8.25],"texture":"#0"},"south":{"uv":[5,2,6.25,2.75],"texture":"#0"},"west":{"uv":[5.5,7.5,6.25,8.25],"texture":"#0"},"up":{"uv":[5.25,6.75,4,6],"texture":"#0"},"down":{"uv":[5,2.75,6.25,2],"texture":"#0"}}},{"from":[5.98844,0.001,4.17778],"to":[6.98644,0.999,6.17578],"rotation":{"angle":45,"axis":"y","origin":[8.73744,0.5,5.17678]},"faces":{"north":{"uv":[3,8.5,3.5,9],"texture":"#0"},"east":{"uv":[9,3.5,8,3],"texture":"#0"},"south":{"uv":[3.5,8.5,4,9],"texture":"#0"},"west":{"uv":[9,3.5,8,3],"texture":"#0"},"up":{"uv":[1.5,9,1,8],"texture":"#0"},"down":{"uv":[1.5,9,1,8],"texture":"#0"}}},{"from":[7.5,0,6.82843],"to":[9.5,1,7.82843],"rotation":{"angle":0,"axis":"y","origin":[8.5,0.5,5.07843]},"faces":{"north":{"uv":[9,3.5,8,3],"texture":"#0"},"east":{"uv":[4.5,8.5,5,9],"texture":"#0"},"south":{"uv":[9,3.5,8,3],"texture":"#0"},"west":{"uv":[8.5,4.5,9,5],"texture":"#0"},"up":{"uv":[9,3.5,8,3],"texture":"#0"},"down":{"uv":[9,3.5,8,3],"texture":"#0"}}},{"from":[8.5,0,7.82843],"to":[9.5,1,10.82843],"rotation":{"angle":0,"axis":"y","origin":[8.5,0.5,5.07843]},"faces":{"north":{"uv":[0,9,0.5,9.5],"texture":"#0"},"east":{"uv":[7.5,2,9,2.5],"texture":"#0"},"south":{"uv":[0.5,9,1,9.5],"texture":"#0"},"west":{"uv":[7.5,2.5,9,3],"texture":"#0"},"up":{"uv":[8,4.5,7.5,3],"texture":"#0"},"down":{"uv":[8,3,7.5,4.5],"texture":"#0"}}},{"from":[7.75,0.25,7.82843],"to":[9.25,0.75,13.82843],"rotation":{"angle":0,"axis":"y","origin":[8.5,0.5,5.07843]},"faces":{"north":{"uv":[1,9,1.75,9.25],"texture":"#0"},"east":{"uv":[4,7,7,7.25],"texture":"#0"},"south":{"uv":[9,1,9.75,1.25],"texture":"#0"},"west":{"uv":[7,6,10,6.25],"texture":"#0"},"up":{"uv":[4.75,3,4,0],"texture":"#0"},"down":{"uv":[4.75,0,4,3],"texture":"#0"}}},{"from":[4.75,0.5,7.82843],"to":[12.25,0.5,15.82843],"rotation":{"angle":0,"axis":"y","origin":[8.5,0.5,5.07843]},"faces":{"north":{"uv":[0,0,3.75,0],"texture":"#0"},"east":{"uv":[0,0,4,0],"texture":"#0"},"south":{"uv":[0,0,3.75,0],"texture":"#0"},"west":{"uv":[0,0,4,0],"texture":"#0"},"up":{"uv":[3.75,4,0,0],"texture":"#0"},"down":{"uv":[3.75,0,0,4],"texture":"#0"}}},{"from":[8,0.25,5.82843],"to":[9,0.75,6.82843],"rotation":{"angle":0,"axis":"y","origin":[8.5,0.5,5.07843]},"faces":{"north":{"uv":[9,1.5,9.5,1.75],"texture":"#0"},"east":{"uv":[2,9,2.5,9.25],"texture":"#0"},"south":{"uv":[9,2,9.5,2.25],"texture":"#0"},"west":{"uv":[2.5,9,3,9.25],"texture":"#0"},"up":{"uv":[5.5,9,5,8.5],"texture":"#0"},"down":{"uv":[5.5,9,5,8.5],"texture":"#0"}}},{"from":[8.25,0.25,3.82843],"to":[8.75,0.75,5.82843],"rotation":{"angle":0,"axis":"y","origin":[8.5,0.5,5.07843]},"faces":{"north":{"uv":[9,2.5,9.25,2.75],"texture":"#0"},"east":{"uv":[5.5,8.5,6.5,8.75],"texture":"#0"},"south":{"uv":[3,9,3.25,9.25],"texture":"#0"},"west":{"uv":[8.5,5.5,9.5,5.75],"texture":"#0"},"up":{"uv":[6.75,9.5,6.5,8.5],"texture":"#0"},"down":{"uv":[6.75,9.5,6.5,8.5],"texture":"#0"}}},{"from":[7.26356,0.001,6.92778],"to":[9.26156,0.999,7.92578],"rotation":{"angle":45,"axis":"y","origin":[8.26256,0.5,5.17678]},"faces":{"north":{"uv":[9,3.5,8,3],"texture":"#0"},"east":{"uv":[7,8.5,7.5,9],"texture":"#0"},"south":{"uv":[9,3.5,8,3],"texture":"#0"},"west":{"uv":[7.5,8.5,8,9],"texture":"#0"},"up":{"uv":[9.5,0.5,8.5,0],"texture":"#0"},"down":{"uv":[9.5,0.5,8.5,0],"texture":"#0"}}},{"from":[9.91421,0,2.91421],"to":[10.91421,1,6.41421],"rotation":{"angle":0,"axis":"y","origin":[8.16421,0.5,5.41421]},"faces":{"north":{"uv":[8.5,7.5,9,8],"texture":"#0"},"east":{"uv":[7.75,3.5,9.5,3],"texture":"#0"},"south":{"uv":[8,8.5,8.5,9],"texture":"#0"},"west":{"uv":[9.5,3.5,7.75,3],"texture":"#0"},"up":{"uv":[7.5,2.75,7,1],"texture":"#0"},"down":{"uv":[7.5,1,7,2.75],"texture":"#0"}}}],"display":{"thirdperson_righthand":{"rotation":[90,-180,90],"translation":[4.5,1.75,-0.25],"scale":[0.6,0.6,0.6]},"thirdperson_lefthand":{"rotation":[90,-180,-90],"translation":[-4.5,1.75,-0.25],"scale":[0.6,0.6,0.6]},"firstperson_righthand":{"rotation":[9,-166,90],"translation":[5.25,1.75,0],"scale":[0.55,0.55,0.55]},"firstperson_lefthand":{"rotation":[9,-180,-90],"translation":[-0.25,1.75,0],"scale":[0.55,0.55,0.55]},"ground":{"rotation":[41,0,90],"translation":[-6.75,2.5,0],"scale":[0.9,0.9,0.9]},"gui":{"rotation":[64,50.62,17.76],"translation":[-1,1.25,0]},"fixed":{"rotation":[90,0,0],"translation":[0,0,6.75]}}}