{"credit":"MadewithBlockbench","texture_size":[32,32],"textures":{"0":"jackpot:bb/mythickey","particle":"jackpot:bb/mythickey"},"elements":[{"from":[7.5,0,3],"to":[9.5,1,4],"rotation":{"angle":0,"axis":"y","origin":[8.5,0.5,5.75]},"faces":{"north":{"uv":[7.5,3,8.5,3.5],"texture":"#0"},"east":{"uv":[9,3,9.5,3.5],"texture":"#0"},"south":{"uv":[1,9,0,8.5],"texture":"#0"},"west":{"uv":[3.5,9,4,9.5],"texture":"#0"},"up":{"uv":[1,8.5,0,8],"texture":"#0"},"down":{"uv":[1,9,0,8.5],"texture":"#0"}}},{"from":[7.26356,0.001,2.90265],"to":[9.26156,0.999,3.90065],"rotation":{"angle":-45,"axis":"y","origin":[8.26256,0.5,5.65165]},"faces":{"north":{"uv":[3.5,8.5,4.5,9],"texture":"#0"},"east":{"uv":[8.5,9,9,9.5],"texture":"#0"},"south":{"uv":[5,8.5,4,8],"texture":"#0"},"west":{"uv":[9,9,9.5,9.5],"texture":"#0"},"up":{"uv":[5.5,9,4.5,8.5],"texture":"#0"},"down":{"uv":[8.5,7.5,8,6.5],"texture":"#0"}}},{"from":[7.73844,0.001,2.90265],"to":[9.73644,0.999,3.90065],"rotation":{"angle":45,"axis":"y","origin":[8.73744,0.5,5.65165]},"faces":{"north":{"uv":[5,8.5,4,8],"texture":"#0"},"east":{"uv":[4,9,4.5,9.5],"texture":"#0"},"south":{"uv":[5,8.5,4,8],"texture":"#0"},"west":{"uv":[9,4,9.5,4.5],"texture":"#0"},"up":{"uv":[5,8.5,4,8],"texture":"#0"},"down":{"uv":[5,8.5,4,8],"texture":"#0"}}},{"from":[6.08579,0,4.41421],"to":[7.08579,1,6.41421],"rotation":{"angle":0,"axis":"y","origin":[8.83579,0.5,5.41421]},"faces":{"north":{"uv":[4.5,9,5,9.5],"texture":"#0"},"east":{"uv":[8,4.5,9,5],"texture":"#0"},"south":{"uv":[9,4.5,9.5,5],"texture":"#0"},"west":{"uv":[1,9,0,8.5],"texture":"#0"},"up":{"uv":[8.5,6,8,5],"texture":"#0"},"down":{"uv":[8.5,6,8,5],"texture":"#0"}}},{"from":[5.98844,0.001,4.17778],"to":[6.98644,0.999,6.17578],"rotation":{"angle":45,"axis":"y","origin":[8.73744,0.5,5.17678]},"faces":{"north":{"uv":[5,9,5.5,9.5],"texture":"#0"},"east":{"uv":[5,8.5,4,8],"texture":"#0"},"south":{"uv":[6,9,6.5,9.5],"texture":"#0"},"west":{"uv":[5,8.5,4,8],"texture":"#0"},"up":{"uv":[8.5,7.5,8,6.5],"texture":"#0"},"down":{"uv":[8.5,7.5,8,6.5],"texture":"#0"}}},{"from":[7.5,0,6.82843],"to":[9.5,1,7.82843],"rotation":{"angle":0,"axis":"y","origin":[8.5,0.5,5.07843]},"faces":{"north":{"uv":[1,9,0,8.5],"texture":"#0"},"east":{"uv":[9,6,9.5,6.5],"texture":"#0"},"south":{"uv":[1,9,0,8.5],"texture":"#0"},"west":{"uv":[6.5,9,7,9.5],"texture":"#0"},"up":{"uv":[1,9,0,8.5],"texture":"#0"},"down":{"uv":[1,9,0,8.5],"texture":"#0"}}},{"from":[7.75,0.25,7.82843],"to":[9.25,0.75,13.82843],"rotation":{"angle":0,"axis":"y","origin":[8.5,0.5,5.07843]},"faces":{"north":{"uv":[9.5,1.5,10.25,1.75],"texture":"#0"},"east":{"uv":[5,4,8,4.25],"texture":"#0"},"south":{"uv":[2,9.5,2.75,9.75],"texture":"#0"},"west":{"uv":[5,4.5,8,4.75],"texture":"#0"},"up":{"uv":[4.75,3,4,0],"texture":"#0"},"down":{"uv":[4.75,0,4,3],"texture":"#0"}}},{"from":[4.75,0.5,7.82843],"to":[12.25,0.5,15.82843],"rotation":{"angle":0,"axis":"y","origin":[8.5,0.5,5.07843]},"faces":{"north":{"uv":[0,0,3.75,0],"texture":"#0"},"east":{"uv":[0,0,4,0],"texture":"#0"},"south":{"uv":[0,0,3.75,0],"texture":"#0"},"west":{"uv":[0,0,4,0],"texture":"#0"},"up":{"uv":[3.75,4,0,0],"texture":"#0"},"down":{"uv":[3.75,0,0,4],"texture":"#0"}}},{"from":[8,0.25,5.82843],"to":[9,0.75,6.82843],"rotation":{"angle":0,"axis":"y","origin":[8.5,0.5,5.07843]},"faces":{"north":{"uv":[4.5,9.5,5,9.75],"texture":"#0"},"east":{"uv":[9.5,4.5,10,4.75],"texture":"#0"},"south":{"uv":[5,9.5,5.5,9.75],"texture":"#0"},"west":{"uv":[9.5,5,10,5.25],"texture":"#0"},"up":{"uv":[10,1,9.5,0.5],"texture":"#0"},"down":{"uv":[10,0.5,9.5,1],"texture":"#0"}}},{"from":[8.25,0.25,4.82843],"to":[8.75,0.75,5.82843],"rotation":{"angle":0,"axis":"y","origin":[8.5,0.5,5.07843]},"faces":{"north":{"uv":[6.5,9.5,6.75,9.75],"texture":"#0"},"east":{"uv":[5.5,9.5,6,9.75],"texture":"#0"},"south":{"uv":[9.5,6.5,9.75,6.75],"texture":"#0"},"west":{"uv":[9.5,5.5,10,5.75],"texture":"#0"},"up":{"uv":[6.25,10,6,9.5],"texture":"#0"},"down":{"uv":[6.25,9.5,6,10],"texture":"#0"}}},{"from":[7.26356,0.001,6.92778],"to":[9.26156,0.999,7.92578],"rotation":{"angle":45,"axis":"y","origin":[8.26256,0.5,5.17678]},"faces":{"north":{"uv":[5,8.5,4,8],"texture":"#0"},"east":{"uv":[7,9,7.5,9.5],"texture":"#0"},"south":{"uv":[5,8.5,4,8],"texture":"#0"},"west":{"uv":[7.5,9,8,9.5],"texture":"#0"},"up":{"uv":[9.5,1.5,8.5,1],"texture":"#0"},"down":{"uv":[5,8.5,4,8],"texture":"#0"}}},{"from":[9.91421,0,4.41421],"to":[10.91421,1,6.41421],"rotation":{"angle":0,"axis":"y","origin":[8.16421,0.5,5.41421]},"faces":{"north":{"uv":[9,7.5,9.5,8],"texture":"#0"},"east":{"uv":[2,8.5,3,9],"texture":"#0"},"south":{"uv":[9,8,9.5,8.5],"texture":"#0"},"west":{"uv":[1,9,0,8.5],"texture":"#0"},"up":{"uv":[9,3.5,8.5,2.5],"texture":"#0"},"down":{"uv":[8.5,6,8,5],"texture":"#0"}}},{"from":[7.75,-0.25,2.5],"to":[9.75,1.25,3.75],"faces":{"north":{"uv":[5,5,6,5.75],"texture":"#0"},"east":{"uv":[7,7,7.75,7.75],"texture":"#0"},"south":{"uv":[6,5.75,5,5],"texture":"#0"},"west":{"uv":[7.5,0,8.25,0.75],"texture":"#0"},"up":{"uv":[6,6.75,5,6],"texture":"#0"},"down":{"uv":[6,6.75,5,6],"texture":"#0"}}},{"from":[6.749,-0.001,2.499],"to":[8.751,1.001,3.751],"rotation":{"angle":-22.5,"axis":"y","origin":[8.75,0.5,3.125]},"faces":{"north":{"uv":[8.5,5.5,9.5,6],"texture":"#0"},"east":{"uv":[8.5,8.5,9.25,9],"texture":"#0"},"south":{"uv":[9.5,6,8.5,5.5],"texture":"#0"},"west":{"uv":[0,9,0.75,9.5],"texture":"#0"},"up":{"uv":[6,7.75,5,7],"texture":"#0"},"down":{"uv":[6,7.75,5,7],"texture":"#0"}}},{"from":[7.124,0.249,0.374],"to":[7.876,0.751,1.876],"rotation":{"angle":22.5,"axis":"y","origin":[8.75,0.5,3.125]},"faces":{"north":{"uv":[9.5,3,10,3.25],"texture":"#0"},"east":{"uv":[9.5,2,10.25,2.25],"texture":"#0"},"south":{"uv":[9.5,3.5,10,3.75],"texture":"#0"},"west":{"uv":[3,9.5,3.75,9.75],"texture":"#0"},"up":{"uv":[1.5,9.75,1,9],"texture":"#0"},"down":{"uv":[1.5,9.75,1,9],"texture":"#0"}}},{"from":[9,-0.5,1.75],"to":[11.25,1.5,3.25],"rotation":{"angle":-45,"axis":"y","origin":[8.75,0.5,3.125]},"faces":{"north":{"uv":[5,0,6.25,1],"texture":"#0"},"east":{"uv":[6,6,6.75,7],"texture":"#0"},"south":{"uv":[5,1,6.25,0],"texture":"#0"},"west":{"uv":[6.5,0,7.25,1],"texture":"#0"},"up":{"uv":[6.25,2.75,5,2],"texture":"#0"},"down":{"uv":[6.25,2.75,5,2],"texture":"#0"}}},{"from":[9.375,-0.25,4.875],"to":[10.625,1.25,6.625],"rotation":{"angle":22.5,"axis":"y","origin":[8.75,0.5,3.125]},"faces":{"north":{"uv":[7.5,1,8.25,1.75],"texture":"#0"},"east":{"uv":[6.5,1,7.5,1.75],"texture":"#0"},"south":{"uv":[7.5,2,8.25,2.75],"texture":"#0"},"west":{"uv":[7.5,1,6.5,1.75],"texture":"#0"},"up":{"uv":[7.25,4,6.5,3],"texture":"#0"},"down":{"uv":[6.5,3,7.25,4],"texture":"#0"}}},{"from":[10.374,-0.001,5.374],"to":[11.626,1.001,7.126],"rotation":{"angle":0,"axis":"y","origin":[8.75,0.5,3.125]},"faces":{"north":{"uv":[2,9,2.75,9.5],"texture":"#0"},"east":{"uv":[8.5,6.5,9.5,7],"texture":"#0"},"south":{"uv":[9,2.5,9.75,3],"texture":"#0"},"west":{"uv":[9.5,7,8.5,6.5],"texture":"#0"},"up":{"uv":[6.75,8,6,7],"texture":"#0"},"down":{"uv":[6,7,6.75,8],"texture":"#0"}}},{"from":[8.874,0.249,7.374],"to":[9.626,0.751,9.126],"rotation":{"angle":22.5,"axis":"y","origin":[8.75,0.5,3.125]},"faces":{"north":{"uv":[4,9.5,4.5,9.75],"texture":"#0"},"east":{"uv":[0,9.5,1,9.75],"texture":"#0"},"south":{"uv":[9.5,4,10,4.25],"texture":"#0"},"west":{"uv":[1,9.5,0,9.75],"texture":"#0"},"up":{"uv":[6,9.5,5.5,8.5],"texture":"#0"},"down":{"uv":[6,9.5,5.5,8.5],"texture":"#0"}}}],"display":{"thirdperson_righthand":{"rotation":[90,-180,90],"translation":[4.5,1.75,-0.25],"scale":[0.6,0.6,0.6]},"thirdperson_lefthand":{"rotation":[90,-180,-90],"translation":[-4.5,1.75,-0.25],"scale":[0.6,0.6,0.6]},"firstperson_righthand":{"rotation":[9,-166,90],"translation":[5.25,1.75,0],"scale":[0.55,0.55,0.55]},"firstperson_lefthand":{"rotation":[9,-180,-90],"translation":[-0.25,1.75,0],"scale":[0.55,0.55,0.55]},"ground":{"rotation":[41,0,90],"translation":[-6.75,2.5,0],"scale":[0.9,0.9,0.9]},"gui":{"rotation":[64,50.62,17.76],"translation":[-0.75,1.25,0]},"fixed":{"rotation":[90,0,0],"translation":[0,0,6.75]}}}