{	"texture_size":[64,64],	"textures":{		"3":"jackpot:bb/swaghili_sword"	},	"elements":[		{			"from":[12.5412,4.19344,7.5],			"to":[14.5412,6.19344,8.5],			"rotation":{"angle":22.5,"axis":"z","origin":[13.5412,5.19344,8]},			"faces":{				"north":{"uv":[5.5,2.25,5,2.75],"texture":"#3"},				"east":{"uv":[6.5,2.25,6.25,2.75],"texture":"#3"},				"south":{"uv":[3.5,6,3,6.5],"texture":"#3"},				"up":{"uv":[6.25,3,6.75,2.75],"texture":"#3"},				"down":{"uv":[6.25,3,6.75,3.25],"texture":"#3"}			}		},		{			"from":[1.4588,4.19344,7.5],			"to":[3.4588,6.19344,8.5],			"rotation":{"angle":-22.5,"axis":"z","origin":[2.4588,5.19344,8]},			"faces":{				"north":{"uv":[6.5,5,6,5.5],"texture":"#3"},				"south":{"uv":[1.5,6.25,1,6.75],"texture":"#3"},				"west":{"uv":[3,6.25,2.75,6.75],"texture":"#3"},				"up":{"uv":[6.25,3.5,6.75,3.25],"texture":"#3"},				"down":{"uv":[6.25,3.5,6.75,3.75],"texture":"#3"}			}		},		{			"from":[10,2.92,7],			"to":[13,5.92,9],			"rotation":{"angle":0,"axis":"y","origin":[6,-0.6,8]},			"faces":{				"north":{"uv":[5.75,0,5,0.75],"texture":"#3"},				"east":{"uv":[3,5.5,2.5,6.25],"texture":"#3"},				"south":{"uv":[5.75,0.75,5,1.5],"texture":"#3"},				"up":{"uv":[5.5,5,6.25,4.5],"texture":"#3"},				"down":{"uv":[5.75,1.5,6.5,2],"texture":"#3"}			}		},		{			"from":[3,2.92,7],			"to":[6,5.92,9],			"rotation":{"angle":0,"axis":"y","origin":[10,-0.6,8]},			"faces":{				"north":{"uv":[5.75,1.5,5,2.25],"texture":"#3"},				"south":{"uv":[5.25,5,4.5,5.75],"texture":"#3"},				"west":{"uv":[5,5.75,4.5,6.5],"texture":"#3"},				"up":{"uv":[5,6.25,5.75,5.75],"texture":"#3"},				"down":{"uv":[5.75,5.75,6.5,6.25],"texture":"#3"}			}		},		{			"from":[5.95172,22.25828,7.48],			"to":[9.99172,26.29828,8.52],			"rotation":{"angle":45,"axis":"z","origin":[7.97172,24.27828,6]},			"faces":{				"north":{"uv":[2,4.5,1,5.5],"texture":"#3"},				"east":{"uv":[1.75,6.25,1.5,7.25],"texture":"#3"},				"south":{"uv":[3,4.5,2,5.5],"texture":"#3"},				"west":{"uv":[3.75,6,3.5,7],"texture":"#3"},				"up":{"uv":[5.75,2.25,6.75,2],"texture":"#3"},				"down":{"uv":[6,5.5,7,5.75],"texture":"#3"}			}		},		{			"from":[5.5,5.88,7.5],			"to":[10.5,23.88,8.5],			"rotation":{"angle":0,"axis":"y","origin":[12.5,1.4,8]},			"faces":{				"north":{"uv":[1.25,0,0,4.5],"texture":"#3"},				"east":{"uv":[1,4.5,0.75,9],"texture":"#3"},				"south":{"uv":[2.5,0,1.25,4.5],"texture":"#3"},				"west":{"uv":[0.75,4.5,0.5,9],"texture":"#3"}			}		},		{			"from":[7.01,-7.99,7.01],			"to":[8.99,2.99,8.99],			"rotation":{"angle":0,"axis":"y","origin":[16,20,0]},			"faces":{				"north":{"uv":[4.5,0,4,2.75],"texture":"#3"},				"east":{"uv":[5,0,4.5,2.75],"texture":"#3"},				"south":{"uv":[0.5,4.5,0,7.25],"texture":"#3"},				"west":{"uv":[4.5,2.75,4,5.5],"texture":"#3"},				"up":{"uv":[1.75,6.75,2.25,6.25],"texture":"#3"},				"down":{"uv":[2.25,6.25,2.75,6.75],"texture":"#3"}			}		},		{			"from":[6,2.9,6.5],			"to":[10,5.9,9.5],			"rotation":{"angle":0,"axis":"y","origin":[13.5,15.9,0]},			"faces":{				"north":{"uv":[5.5,2.75,4.5,3.5],"texture":"#3"},				"east":{"uv":[6,5,5.25,5.75],"texture":"#3"},				"south":{"uv":[4,4.5,3,5.25],"texture":"#3"},				"west":{"uv":[3.75,5.25,3,6],"texture":"#3"},				"up":{"uv":[4.5,4.25,5.5,3.5],"texture":"#3"},				"down":{"uv":[4.5,4.25,5.5,5],"texture":"#3"}			}		},		{			"from":[7.01,-9.99,6.51],			"to":[9.99,-7.01,9.49],			"rotation":{"angle":-45,"axis":"z","origin":[8,-8,8]},			"faces":{				"north":{"uv":[1.75,5.5,1,6.25],"texture":"#3"},				"east":{"uv":[6.25,3,5.5,3.75],"texture":"#3"},				"south":{"uv":[6.25,2.25,5.5,3],"texture":"#3"},				"west":{"uv":[2.5,5.5,1.75,6.25],"texture":"#3"},				"up":{"uv":[3.75,6.25,4.5,5.5],"texture":"#3"},				"down":{"uv":[5.5,3.75,6.25,4.5],"texture":"#3"}			}		},		{			"from":[8.99,-9.21711,7.99],			"to":[12.01,-6.19711,8.01],			"rotation":{"angle":22.5,"axis":"z","origin":[10.5,-7.70711,8]},			"faces":{				"north":{"uv":[6.5,8,7.25,8.75],"rotation":270,"texture":"#3"},				"south":{"uv":[7.25,8,6.5,8.75],"rotation":90,"texture":"#3"}			}		},		{			"from":[4.99,-11.21711,7.99],			"to":[8.01,-8.19711,8.01],			"rotation":{"angle":-22.5,"axis":"z","origin":[6.5,-9.70711,8]},			"faces":{				"north":{"uv":[6.5,7.25,7.25,8],"rotation":270,"texture":"#3"},				"south":{"uv":[7.25,7.25,6.5,8],"rotation":90,"texture":"#3"}			}		},		{			"from":[1.33672,2.0123,7.99],			"to":[3.35672,4.0323,8.01],			"rotation":{"angle":22.5,"axis":"z","origin":[2.34672,3.0223,8]},			"faces":{				"north":{"uv":[5.75,8.25,6.25,8.75],"texture":"#3"},				"south":{"uv":[6.25,8.25,5.75,8.75],"texture":"#3"}			}		},		{			"from":[8.24,-0.2583,7.99],			"to":[11.26,2.7617,8.01],			"rotation":{"angle":-22.5,"axis":"z","origin":[9.75,1.2517,8]},			"faces":{				"north":{"uv":[5,8,5.75,8.75],"texture":"#3"},				"south":{"uv":[5.75,8,5,8.75],"texture":"#3"}			}		},		{			"from":[9.87478,5.64707,7.99],			"to":[12.89478,10.66707,8.01],			"rotation":{"angle":-22.5,"axis":"z","origin":[11.38478,8.65707,8]},			"faces":{				"north":{"uv":[5.5,8.75,6.25,10],"texture":"#3"},				"south":{"uv":[6.25,8.75,5.5,10],"texture":"#3"}			}		},		{			"from":[6.5,-7,6.5],			"to":[9.5,2,9.5],			"rotation":{"angle":0,"axis":"y","origin":[8,-2.7,8]},			"faces":{				"north":{"uv":[3.25,0,2.5,2.25],"texture":"#3"},				"east":{"uv":[4,2.25,3.25,4.5],"texture":"#3"},				"south":{"uv":[4,0,3.25,2.25],"texture":"#3"},				"west":{"uv":[3.25,2.25,2.5,4.5],"texture":"#3"},				"up":{"uv":[5.75,0.75,6.5,0],"texture":"#3"},				"down":{"uv":[5.75,0.75,6.5,1.5],"texture":"#3"}			}		},		{			"from":[7.38645,3.96087,6.24],			"to":[8.40645,4.98087,6.26],			"rotation":{"angle":-22.5,"axis":"y","origin":[7.89645,4.47087,6.25]},			"faces":{				"north":{"uv":[8.75,8.25,8.5,8.5],"rotation":90,"texture":"#3"},				"east":{"uv":[0,0,0,0],"rotation":270,"texture":"#3"},				"south":{"uv":[8.75,8.25,8.5,8.5],"rotation":90,"texture":"#3"},				"west":{"uv":[0,0,0,0],"rotation":270,"texture":"#3"},				"up":{"uv":[0,0,0,0],"rotation":270,"texture":"#3"},				"down":{"uv":[0,0,0,0],"rotation":270,"texture":"#3"}			}		},		{			"from":[8.37145,3.96087,6.43593],			"to":[9.39145,4.98087,6.45593],			"rotation":{"angle":0,"axis":"y","origin":[8.37145,4.98087,6.43593]},			"faces":{				"north":{"uv":[8.5,8.25,8.25,8.5],"rotation":90,"texture":"#3"},				"east":{"uv":[0,0,0,0],"rotation":270,"texture":"#3"},				"south":{"uv":[8.5,8.25,8.25,8.5],"rotation":90,"texture":"#3"},				"west":{"uv":[0,0,0,0],"rotation":270,"texture":"#3"},				"up":{"uv":[0,0,0,0],"rotation":270,"texture":"#3"},				"down":{"uv":[0,0,0,0],"rotation":270,"texture":"#3"}			}		},		{			"from":[9.35646,3.96087,6.24],			"to":[10.37646,4.98087,6.26],			"rotation":{"angle":22.5,"axis":"y","origin":[9.86646,4.47087,6.25]},			"faces":{				"north":{"uv":[8.25,8.25,8,8.5],"rotation":90,"texture":"#3"},				"east":{"uv":[0,0,0,0],"rotation":270,"texture":"#3"},				"south":{"uv":[8.25,8.25,8,8.5],"rotation":90,"texture":"#3"},				"west":{"uv":[0,0,0,0],"rotation":270,"texture":"#3"},				"up":{"uv":[0,0,0,0],"rotation":270,"texture":"#3"},				"down":{"uv":[0,0,0,0],"rotation":270,"texture":"#3"}			}		},		{			"from":[8.37145,4.94588,6.24],			"to":[9.39145,5.96588,6.26],			"rotation":{"angle":-22.5,"axis":"x","origin":[8.88145,5.45588,6.25]},			"faces":{				"north":{"uv":[8.5,8,8.25,8.25],"rotation":90,"texture":"#3"},				"east":{"uv":[0,0,0,0],"rotation":270,"texture":"#3"},				"south":{"uv":[8.5,8,8.25,8.25],"rotation":90,"texture":"#3"},				"west":{"uv":[0,0,0,0],"rotation":270,"texture":"#3"},				"up":{"uv":[0,0,0,0],"rotation":270,"texture":"#3"},				"down":{"uv":[0,0,0,0],"rotation":270,"texture":"#3"}			}		},		{			"from":[8.37145,2.97586,6.24],			"to":[9.39145,3.99586,6.26],			"rotation":{"angle":22.5,"axis":"x","origin":[8.88145,3.48586,6.25]},			"faces":{				"north":{"uv":[8.5,8.5,8.25,8.75],"rotation":90,"texture":"#3"},				"east":{"uv":[0,0,0,0],"rotation":270,"texture":"#3"},				"south":{"uv":[8.5,8.5,8.25,8.75],"rotation":90,"texture":"#3"},				"west":{"uv":[0,0,0,0],"rotation":270,"texture":"#3"},				"up":{"uv":[0,0,0,0],"rotation":270,"texture":"#3"},				"down":{"uv":[0,0,0,0],"rotation":270,"texture":"#3"}			}		},		{			"from":[3.13645,3.46087,9.24],			"to":[4.15645,4.48087,9.26],			"rotation":{"angle":22.5,"axis":"y","origin":[3.64645,3.97087,9.25]},			"faces":{				"north":{"uv":[9,9,8.75,8.75],"rotation":90,"texture":"#3"},				"east":{"uv":[0,0,0,0],"rotation":270,"texture":"#3"},				"south":{"uv":[9,9,8.75,8.75],"rotation":90,"texture":"#3"},				"west":{"uv":[0,0,0,0],"rotation":270,"texture":"#3"},				"up":{"uv":[0,0,0,0],"rotation":270,"texture":"#3"},				"down":{"uv":[0,0,0,0],"rotation":270,"texture":"#3"}			}		},		{			"from":[4.12145,3.46087,9.04407],			"to":[5.14145,4.48087,9.06407],			"rotation":{"angle":0,"axis":"y","origin":[4.12145,4.48087,9.06407]},			"faces":{				"north":{"uv":[8.75,9,8.5,8.75],"rotation":90,"texture":"#3"},				"east":{"uv":[0,0,0,0],"rotation":270,"texture":"#3"},				"south":{"uv":[8.75,9,8.5,8.75],"rotation":90,"texture":"#3"},				"west":{"uv":[0,0,0,0],"rotation":270,"texture":"#3"},				"up":{"uv":[0,0,0,0],"rotation":270,"texture":"#3"},				"down":{"uv":[0,0,0,0],"rotation":270,"texture":"#3"}			}		},		{			"from":[5.10646,3.46087,9.24],			"to":[6.12646,4.48087,9.26],			"rotation":{"angle":-22.5,"axis":"y","origin":[5.61646,3.97087,9.25]},			"faces":{				"north":{"uv":[8.5,9,8.25,8.75],"rotation":90,"texture":"#3"},				"east":{"uv":[0,0,0,0],"rotation":270,"texture":"#3"},				"south":{"uv":[8.5,9,8.25,8.75],"rotation":90,"texture":"#3"},				"west":{"uv":[0,0,0,0],"rotation":270,"texture":"#3"},				"up":{"uv":[0,0,0,0],"rotation":270,"texture":"#3"},				"down":{"uv":[0,0,0,0],"rotation":270,"texture":"#3"}			}		},		{			"from":[4.12145,4.44588,9.24],			"to":[5.14145,5.46588,9.26],			"rotation":{"angle":22.5,"axis":"x","origin":[4.63145,4.95588,9.25]},			"faces":{				"north":{"uv":[8.75,8.75,8.5,8.5],"rotation":90,"texture":"#3"},				"east":{"uv":[0,0,0,0],"rotation":270,"texture":"#3"},				"south":{"uv":[8.75,8.75,8.5,8.5],"rotation":90,"texture":"#3"},				"west":{"uv":[0,0,0,0],"rotation":270,"texture":"#3"},				"up":{"uv":[0,0,0,0],"rotation":270,"texture":"#3"},				"down":{"uv":[0,0,0,0],"rotation":270,"texture":"#3"}			}		},		{			"from":[4.12145,2.47586,9.24],			"to":[5.14145,3.49586,9.26],			"rotation":{"angle":-22.5,"axis":"x","origin":[4.63145,2.98586,9.25]},			"faces":{				"north":{"uv":[8.75,9.25,8.5,9],"rotation":90,"texture":"#3"},				"east":{"uv":[0,0,0,0],"rotation":270,"texture":"#3"},				"south":{"uv":[8.75,9.25,8.5,9],"rotation":90,"texture":"#3"},				"west":{"uv":[0,0,0,0],"rotation":270,"texture":"#3"},				"up":{"uv":[0,0,0,0],"rotation":270,"texture":"#3"},				"down":{"uv":[0,0,0,0],"rotation":270,"texture":"#3"}			}		}	],	"gui_light":"front",	"display":{		"thirdperson_righthand":{			"rotation":[-10,-90,0],			"translation":[0,4.75,0.5],			"scale":[0.7,0.7,0.7]		},		"thirdperson_lefthand":{			"rotation":[-10,90,0],			"translation":[0,4.75,0.5],			"scale":[0.7,0.7,0.7]		},		"firstperson_righthand":{			"rotation":[20,-90,0],			"translation":[3.75,-0.5,-3],			"scale":[0.6,0.6,0.6]		},		"firstperson_lefthand":{			"rotation":[20,90,0],			"translation":[3.75,-0.5,-3],			"scale":[0.6,0.6,0.6]		},		"ground":{			"rotation":[0,0,-45],			"translation":[2.5,3,0],			"scale":[0.3,0.3,0.3]		},		"gui":{			"rotation":[0,0,-45],			"translation":[0,0.25,-0.75],			"scale":[0.575,0.575,0.575]		},		"head":{			"rotation":[0,0,45],			"translation":[14,3.5,0.75],			"scale":[0.6,0.6,0.6]		},		"fixed":{			"rotation":[0,-180,-45],			"translation":[-0.25,0.25,-0.75],			"scale":[0.65,0.65,0.65]		}	},	"groups":[		{			"name":"pickaxe",			"origin":[8,8,8],			"color":0,			"children":[0,1,2,3,4,5,6,7,8,9,10,11,12,13,14,15,16,17,18,19,20,21,22,23,24]		}	]}