{"texture_size":[32,32],"textures":{"2":"jackpot:bb/swaghili_pickaxe"},"elements":[{"from":[14,10.6,7.5],"to":[17,12.6,8.5],"rotation":{"angle":-22.5,"axis":"z","origin":[14,12.6,8]},"faces":{"north":{"uv":[7,5,5.5,6],"texture":"#2"},"east":{"uv":[6,6.5,6.5,7.5],"texture":"#2"},"south":{"uv":[5.5,5,7,6],"texture":"#2"},"up":{"uv":[7.5,6.5,6,6],"texture":"#2"},"down":{"uv":[7,5.5,8.5,6],"texture":"#2"}}},{"from":[-1,10.6,7.5],"to":[2,12.6,8.5],"rotation":{"angle":22.5,"axis":"z","origin":[2,12.6,8]},"faces":{"north":{"uv":[5.5,5,7,6],"texture":"#2"},"south":{"uv":[7,5,5.5,6],"texture":"#2"},"west":{"uv":[6.5,6.5,6,7.5],"texture":"#2"},"up":{"uv":[6,6.5,7.5,6],"texture":"#2"},"down":{"uv":[8.5,5.5,7,6],"texture":"#2"}}},{"from":[2,10,7],"to":[14,13,9],"rotation":{"angle":0,"axis":"y","origin":[7,5.5,8]},"faces":{"north":{"uv":[10.5,0,4.5,1.5],"texture":"#2"},"east":{"uv":[10.5,0,11,1.5],"texture":"#2"},"south":{"uv":[4.5,1.5,10.5,3],"texture":"#2"},"west":{"uv":[4.5,0,4,1.5],"texture":"#2"},"up":{"uv":[4.5,3,10.5,4],"texture":"#2"},"down":{"uv":[4.5,4,10.5,5],"texture":"#2"}}},{"from":[7.01,-9.99,7.01],"to":[8.99,13.99,8.99],"rotation":{"angle":0,"axis":"y","origin":[0,20,0]},"faces":{"north":{"uv":[16,0,15,12],"texture":"#2"},"east":{"uv":[1,0,2,12],"texture":"#2"},"south":{"uv":[2,0,3,12],"texture":"#2"},"west":{"uv":[3,0,4,12],"texture":"#2"},"up":{"uv":[5,7,4,6],"texture":"#2"},"down":{"uv":[6,6,5,7],"texture":"#2"}}},{"from":[8.99,6.99,7.99],"to":[12.01,10.01,8.01],"rotation":{"angle":0,"axis":"y","origin":[2,23,0]},"faces":{"north":{"uv":[4.5,14.5,3,16],"texture":"#2"},"south":{"uv":[3,14.5,4.5,16],"texture":"#2"}}},{"from":[0.95194,11.79866,7.99],"to":[4.97194,13.81866,8.01],"rotation":{"angle":-45,"axis":"z","origin":[2.96194,13.30866,8]},"faces":{"north":{"uv":[4.5,15,6.5,16],"texture":"#2"},"south":{"uv":[6.5,15,4.5,16],"texture":"#2"}}},{"from":[10.67451,11.65221,7.99],"to":[15.69451,15.67221,8.01],"rotation":{"angle":-22.5,"axis":"z","origin":[12.68451,13.66221,8]},"faces":{"north":{"uv":[6.5,12.5,4.5,15],"rotation":90,"texture":"#2"},"south":{"uv":[4.5,12.5,6.5,15],"rotation":270,"texture":"#2"}}},{"from":[9.88645,10.96087,6.74],"to":[10.90645,11.98087,6.76],"rotation":{"angle":-22.5,"axis":"y","origin":[10.39645,11.47087,6.75]},"faces":{"north":{"uv":[8,12.5,7.5,13],"rotation":90,"texture":"#2"},"south":{"uv":[8,12.5,7.5,13],"rotation":90,"texture":"#2"}}},{"from":[10.87145,9.97586,6.74],"to":[11.89145,10.99586,6.76],"rotation":{"angle":22.5,"axis":"x","origin":[11.38145,10.48586,6.75]},"faces":{"north":{"uv":[7.5,13,7,13.5],"rotation":90,"texture":"#2"},"south":{"uv":[7.5,13,7,13.5],"rotation":90,"texture":"#2"}}},{"from":[10.87145,10.96087,6.93593],"to":[11.89145,11.98087,6.95593],"rotation":{"angle":0,"axis":"y","origin":[10.87145,11.98087,6.93593]},"faces":{"north":{"uv":[7.5,12.5,7,13],"rotation":90,"texture":"#2"},"south":{"uv":[7.5,12.5,7,13],"rotation":90,"texture":"#2"}}},{"from":[10.87145,11.94588,6.74],"to":[11.89145,12.96588,6.76],"rotation":{"angle":-22.5,"axis":"x","origin":[11.38145,12.45588,6.75]},"faces":{"north":{"uv":[7.5,12,7,12.5],"rotation":90,"texture":"#2"},"south":{"uv":[7.5,12,7,12.5],"rotation":90,"texture":"#2"}}},{"from":[11.85646,10.96087,6.74],"to":[12.87646,11.98087,6.76],"rotation":{"angle":22.5,"axis":"y","origin":[12.36646,11.47087,6.75]},"faces":{"north":{"uv":[7,12.5,6.5,13],"rotation":90,"texture":"#2"},"south":{"uv":[7,12.5,6.5,13],"rotation":90,"texture":"#2"}}},{"from":[5.88645,8.96087,9.24],"to":[6.90645,9.98087,9.26],"rotation":{"angle":22.5,"axis":"y","origin":[6.39645,9.47087,9.25]},"faces":{"north":{"uv":[8.5,14,8,13.5],"rotation":90,"texture":"#2"},"south":{"uv":[8.5,14,8,13.5],"rotation":90,"texture":"#2"}}},{"from":[6.87145,8.96087,9.04407],"to":[7.89145,9.98087,9.06407],"rotation":{"angle":0,"axis":"y","origin":[6.87145,9.98087,9.06407]},"faces":{"north":{"uv":[8,14,7.5,13.5],"rotation":90,"texture":"#2"},"south":{"uv":[8,14,7.5,13.5],"rotation":90,"texture":"#2"}}},{"from":[6.87145,7.97586,9.24],"to":[7.89145,8.99586,9.26],"rotation":{"angle":-22.5,"axis":"x","origin":[7.38145,8.48586,9.25]},"faces":{"north":{"uv":[8,14.5,7.5,14],"rotation":90,"texture":"#2"},"south":{"uv":[8,14.5,7.5,14],"rotation":90,"texture":"#2"}}},{"from":[7.85646,8.96087,9.24],"to":[8.87646,9.98087,9.26],"rotation":{"angle":-22.5,"axis":"y","origin":[8.36646,9.47087,9.25]},"faces":{"north":{"uv":[7.5,14,7,13.5],"rotation":90,"texture":"#2"},"south":{"uv":[7.5,14,7,13.5],"rotation":90,"texture":"#2"}}},{"from":[6.87145,9.94588,9.24],"to":[7.89145,10.96588,9.26],"rotation":{"angle":22.5,"axis":"x","origin":[7.38145,10.45588,9.25]},"faces":{"north":{"uv":[8,13.5,7.5,13],"rotation":90,"texture":"#2"},"south":{"uv":[8,13.5,7.5,13],"rotation":90,"texture":"#2"}}},{"from":[7.99,-12.51,8.49],"to":[10.01,-9.49,8.51],"rotation":{"angle":22.5,"axis":"z","origin":[9,-11,8.5]},"faces":{"north":{"uv":[3,14,2,15.5],"texture":"#2"},"south":{"uv":[2,14,3,15.5],"texture":"#2"}}},{"from":[4.34355,-14.36355,7.99],"to":[8.36355,-10.34355,8.01],"rotation":{"angle":22.5,"axis":"z","origin":[5.85355,-12.85355,8]},"faces":{"north":{"uv":[2,14,0,16],"rotation":270,"texture":"#2"},"south":{"uv":[0,14,2,16],"rotation":90,"texture":"#2"}}},{"from":[4.99,-5.99,7.97],"to":[7.01,1.03,7.99],"rotation":{"angle":0,"axis":"y","origin":[5,-3.98,7.98]},"faces":{"north":{"uv":[7.5,11,4,12],"rotation":270,"texture":"#2"},"south":{"uv":[4,11,7.5,12],"rotation":90,"texture":"#2"}}}],"gui_light":"front","display":{"thirdperson_righthand":{"rotation":[-10,-90,0],"translation":[0,5.5,0.25],"scale":[0.7,0.7,0.7]},"thirdperson_lefthand":{"rotation":[-10,90,0],"translation":[0,5.5,0.25],"scale":[0.7,0.7,0.7]},"firstperson_righthand":{"rotation":[20,-90,0],"translation":[2.75,3.25,-0.75],"scale":[0.6,0.6,0.6]},"firstperson_lefthand":{"rotation":[20,90,0],"translation":[2.75,3.25,-0.75],"scale":[0.6,0.6,0.6]},"ground":{"rotation":[0,0,-45],"translation":[2.5,3,0],"scale":[0.3,0.3,0.3]},"gui":{"rotation":[0,0,-45],"translation":[2.5,2.25,-0.75],"scale":[0.6,0.6,0.6]},"head":{"rotation":[0,0,45],"translation":[14,3.5,0.75],"scale":[0.6,0.6,0.6]},"fixed":{"rotation":[0,-180,-45],"translation":[-2.5,2.5,-0.75],"scale":[0.75,0.75,0.75]}},"groups":[{"name":"pickaxe","origin":[8,8,8],"color":0,"children":[0,1,2,3,4,5,6,7,8,9,10,11,12,13,14,15,16,17,18,19]}]}