{
	"credit": "Made with Blockbench",
	"texture_size": [32, 32],
	"textures": {
		"0": "byliyth:item/hellwrath_shield",
		"particle": "byliyth:item/hellwrath_shield"
	},
	"elements": [
		{
			"from": [10.501, 6.001, 3.001],
			"to": [11.499, 11.999, 12.999],
			"rotation": {"angle": 0, "axis": "y", "origin": [-2, 0, 0]},
			"faces": {
				"north": {"uv": [9.5, 3, 10, 6], "texture": "#0"},
				"east": {"uv": [0, 0, 5, 3], "texture": "#0"},
				"south": {"uv": [0, 11, 0.5, 14], "texture": "#0"},
				"west": {"uv": [0, 3, 5, 6], "texture": "#0"},
				"up": {"uv": [10.5, 8, 10, 3], "texture": "#0"},
				"down": {"uv": [10.5, 8, 10, 13], "texture": "#0"}
			}
		},
		{
			"from": [10.501, 12.001, 5.501],
			"to": [11.499, 12.999, 10.499],
			"rotation": {"angle": 0, "axis": "y", "origin": [-2, 0, 0]},
			"faces": {
				"north": {"uv": [12.5, 1, 13, 1.5], "texture": "#0"},
				"east": {"uv": [11, 3.5, 13.5, 4], "texture": "#0"},
				"south": {"uv": [12.5, 1.5, 13, 2], "texture": "#0"},
				"west": {"uv": [11, 4, 13.5, 4.5], "texture": "#0"},
				"up": {"uv": [11.5, 7, 11, 4.5], "texture": "#0"},
				"down": {"uv": [6, 11, 5.5, 13.5], "texture": "#0"}
			}
		},
		{
			"from": [10.5, 11.60688, 8.05101],
			"to": [11.5, 12.60688, 12.05101],
			"rotation": {"angle": -22.5, "axis": "x", "origin": [-2, -0.39312, 7.05101]},
			"faces": {
				"north": {"uv": [12.5, 2, 13, 2.5], "texture": "#0"},
				"east": {"uv": [11, 9, 13, 9.5], "texture": "#0"},
				"south": {"uv": [12.5, 2.5, 13, 3], "texture": "#0"},
				"west": {"uv": [11, 9.5, 13, 10], "texture": "#0"},
				"up": {"uv": [11.5, 12, 11, 10], "texture": "#0"},
				"down": {"uv": [11, 11, 10.5, 13], "texture": "#0"}
			}
		},
		{
			"from": [10.5, 17.49938, 4.32544],
			"to": [11.5, 18.49938, 8.32544],
			"rotation": {"angle": 22.5, "axis": "x", "origin": [-2, 3.49938, -5.67456]},
			"faces": {
				"north": {"uv": [12.5, 4.5, 13, 5], "texture": "#0"},
				"east": {"uv": [11.5, 0, 13.5, 0.5], "texture": "#0"},
				"south": {"uv": [12.5, 5, 13, 5.5], "texture": "#0"},
				"west": {"uv": [11.5, 0.5, 13.5, 1], "texture": "#0"},
				"up": {"uv": [12, 3, 11.5, 1], "texture": "#0"},
				"down": {"uv": [3, 11.5, 2.5, 13.5], "texture": "#0"}
			}
		},
		{
			"from": [10.5, 2, 5],
			"to": [11.5, 6, 11],
			"rotation": {"angle": 0, "axis": "y", "origin": [-2, 0, 0]},
			"faces": {
				"north": {"uv": [3, 11.5, 3.5, 13.5], "texture": "#0"},
				"east": {"uv": [0, 6, 3, 8], "texture": "#0"},
				"south": {"uv": [3.5, 11.5, 4, 13.5], "texture": "#0"},
				"west": {"uv": [3, 6, 6, 8], "texture": "#0"},
				"up": {"uv": [1, 14, 0.5, 11], "texture": "#0"},
				"down": {"uv": [1.5, 11, 1, 14], "texture": "#0"}
			}
		},
		{
			"from": [10.501, -0.999, 6.001],
			"to": [11.499, 1.999, 9.999],
			"rotation": {"angle": 0, "axis": "y", "origin": [-2, 0, 0]},
			"faces": {
				"north": {"uv": [11.5, 4.5, 12, 6], "texture": "#0"},
				"east": {"uv": [9.5, 0, 11.5, 1.5], "texture": "#0"},
				"south": {"uv": [5, 11.5, 5.5, 13], "texture": "#0"},
				"west": {"uv": [9.5, 1.5, 11.5, 3], "texture": "#0"},
				"up": {"uv": [4.5, 13.5, 4, 11.5], "texture": "#0"},
				"down": {"uv": [5, 11.5, 4.5, 13.5], "texture": "#0"}
			}
		},
		{
			"from": [10.501, -1.899, 7.501],
			"to": [11.499, -1.001, 8.499],
			"rotation": {"angle": 0, "axis": "y", "origin": [-2, 0, 0]},
			"faces": {
				"north": {"uv": [12.5, 5.5, 13, 6], "texture": "#0"},
				"east": {"uv": [12.5, 6, 13, 6.5], "texture": "#0"},
				"south": {"uv": [12.5, 6.5, 13, 7], "texture": "#0"},
				"west": {"uv": [12.5, 7, 13, 7.5], "texture": "#0"},
				"up": {"uv": [13, 10.5, 12.5, 10], "texture": "#0"},
				"down": {"uv": [13, 10.5, 12.5, 11], "texture": "#0"}
			}
		},
		{
			"from": [10.499, -1.54428, 5.2951],
			"to": [11.501, 6.45772, 7.2971],
			"rotation": {"angle": -22.5, "axis": "x", "origin": [-2, 0.45672, 5.2961]},
			"faces": {
				"north": {"uv": [9, 10, 9.5, 14], "texture": "#0"},
				"east": {"uv": [6, 9, 7, 13], "texture": "#0"},
				"south": {"uv": [9.5, 10, 10, 14], "texture": "#0"},
				"west": {"uv": [9, 6, 10, 10], "texture": "#0"},
				"up": {"uv": [12.5, 3, 12, 2], "texture": "#0"},
				"down": {"uv": [12.5, 4.5, 12, 5.5], "texture": "#0"}
			}
		},
		{
			"from": [10.499, -0.77891, 8.85514],
			"to": [11.501, 7.22309, 10.85714],
			"rotation": {"angle": 22.5, "axis": "x", "origin": [-2, 1.22209, 8.85614]},
			"faces": {
				"north": {"uv": [10.5, 3, 11, 7], "texture": "#0"},
				"east": {"uv": [7, 9, 8, 13], "texture": "#0"},
				"south": {"uv": [10.5, 7, 11, 11], "texture": "#0"},
				"west": {"uv": [8, 9, 9, 13], "texture": "#0"},
				"up": {"uv": [12.5, 6.5, 12, 5.5], "texture": "#0"},
				"down": {"uv": [12.5, 6.5, 12, 7.5], "texture": "#0"}
			}
		},
		{
			"from": [4.5, 8, 7],
			"to": [10.5, 9, 9],
			"faces": {
				"north": {"uv": [5, 0, 8, 0.5], "texture": "#0"},
				"east": {"uv": [1.5, 11, 2, 14], "texture": "#0"},
				"south": {"uv": [5, 3, 8, 3.5], "texture": "#0"},
				"west": {"uv": [2, 11, 2.5, 11.5], "texture": "#0"},
				"up": {"uv": [5.5, 11.5, 2.5, 11], "texture": "#0"},
				"down": {"uv": [14, 3, 11, 3.5], "texture": "#0"}
			}
		},
		{
			"from": [9.5, 4, 7],
			"to": [10.5, 8, 9],
			"faces": {
				"north": {"uv": [5, 0.5, 5.5, 2.5], "texture": "#0"},
				"east": {"uv": [1.5, 11, 2, 14], "texture": "#0"},
				"south": {"uv": [5, 0.5, 5.5, 2.5], "texture": "#0"},
				"west": {"uv": [5, 0.5, 5.5, 2.5], "texture": "#0"},
				"up": {"uv": [5.5, 11.5, 2.5, 11], "texture": "#0"},
				"down": {"uv": [14, 3, 11, 3.5], "texture": "#0"}
			}
		},
		{
			"from": [4.5, 4, 7],
			"to": [5.5, 8, 9],
			"faces": {
				"north": {"uv": [7.5, 0.5, 8, 2.5], "texture": "#0"},
				"east": {"uv": [2, 11.5, 2.5, 13.5], "texture": "#0"},
				"south": {"uv": [7.5, 0.5, 8, 2.5], "texture": "#0"},
				"west": {"uv": [2, 11.5, 2.5, 13.5], "texture": "#0"},
				"up": {"uv": [5.5, 11.5, 2.5, 11], "texture": "#0"},
				"down": {"uv": [14, 3, 11, 3.5], "texture": "#0"}
			}
		},
		{
			"from": [4.5, 3, 7],
			"to": [10.5, 4, 9],
			"faces": {
				"north": {"uv": [5, 0, 8, 0.5], "texture": "#0"},
				"east": {"uv": [1.5, 11, 2, 14], "texture": "#0"},
				"south": {"uv": [5, 3, 8, 3.5], "texture": "#0"},
				"west": {"uv": [2, 11, 2.5, 11.5], "texture": "#0"},
				"up": {"uv": [5.5, 11.5, 2.5, 11], "texture": "#0"},
				"down": {"uv": [14, 3, 11, 3.5], "texture": "#0"}
			}
		},
		{
			"from": [10.498, 0.98049, 6.13405],
			"to": [11.502, 1.98449, 8.23805],
			"rotation": {"angle": 22.5, "axis": "x", "origin": [-0.001, -0.01751, 0.13605]},
			"faces": {
				"north": {"uv": [12.5, 11.5, 13, 12], "texture": "#0"},
				"east": {"uv": [12, 7.5, 13, 8], "texture": "#0"},
				"south": {"uv": [12, 12.5, 12.5, 13], "texture": "#0"},
				"west": {"uv": [12, 8, 13, 8.5], "texture": "#0"},
				"up": {"uv": [12.5, 11, 12, 10], "texture": "#0"},
				"down": {"uv": [11.5, 12, 11, 13], "texture": "#0"}
			}
		},
		{
			"from": [10.497, -4.52824, 6.07173],
			"to": [11.503, -3.52224, 8.17773],
			"rotation": {"angle": -22.5, "axis": "x", "origin": [-0.001, 1.47476, 1.17473]},
			"faces": {
				"north": {"uv": [12.5, 12, 13, 12.5], "texture": "#0"},
				"east": {"uv": [12, 8.5, 13, 9], "texture": "#0"},
				"south": {"uv": [12.5, 12.5, 13, 13], "texture": "#0"},
				"west": {"uv": [12, 11, 13, 11.5], "texture": "#0"},
				"up": {"uv": [12, 13, 11.5, 12], "texture": "#0"},
				"down": {"uv": [12.5, 11.5, 12, 12.5], "texture": "#0"}
			}
		},
		{
			"from": [11, 8, 0],
			"to": [11, 14, 3],
			"faces": {
				"north": {"uv": [0, 0, 0, 3], "texture": "#0"},
				"east": {"uv": [6, 6, 7.5, 9], "texture": "#0"},
				"south": {"uv": [0, 0, 0, 3], "texture": "#0"},
				"west": {"uv": [7.5, 6, 9, 9], "texture": "#0"},
				"up": {"uv": [0, 1.5, 0, 0], "texture": "#0"},
				"down": {"uv": [0, 0, 0, 1.5], "texture": "#0"}
			}
		},
		{
			"from": [11, 8, 13],
			"to": [11, 14, 16],
			"faces": {
				"north": {"uv": [0, 0, 0, 3], "texture": "#0"},
				"east": {"uv": [0, 8, 1.5, 11], "texture": "#0"},
				"south": {"uv": [0, 0, 0, 3], "texture": "#0"},
				"west": {"uv": [8, 0, 9.5, 3], "texture": "#0"},
				"up": {"uv": [0, 1.5, 0, 0], "texture": "#0"},
				"down": {"uv": [0, 0, 0, 1.5], "texture": "#0"}
			}
		},
		{
			"from": [11, 2, 9.7],
			"to": [11, 8, 12.7],
			"rotation": {"angle": 22.5, "axis": "x", "origin": [0, 0, 0]},
			"faces": {
				"north": {"uv": [0, 0, 0, 3], "texture": "#0"},
				"east": {"uv": [1.5, 8, 3, 11], "texture": "#0"},
				"south": {"uv": [0, 0, 0, 3], "texture": "#0"},
				"west": {"uv": [3, 8, 4.5, 11], "texture": "#0"},
				"up": {"uv": [0, 1.5, 0, 0], "texture": "#0"},
				"down": {"uv": [0, 0, 0, 1.5], "texture": "#0"}
			}
		},
		{
			"from": [11, -4, 2.1],
			"to": [11, 2, 5.1],
			"rotation": {"angle": -22.5, "axis": "x", "origin": [0, 0, 0]},
			"faces": {
				"north": {"uv": [0, 0, 0, 3], "texture": "#0"},
				"east": {"uv": [8, 3, 9.5, 6], "texture": "#0"},
				"south": {"uv": [0, 0, 0, 3], "texture": "#0"},
				"west": {"uv": [4.5, 8, 6, 11], "texture": "#0"},
				"up": {"uv": [0, 1.5, 0, 0], "texture": "#0"},
				"down": {"uv": [0, 0, 0, 1.5], "texture": "#0"}
			}
		},
		{
			"from": [11.5, 7, 7],
			"to": [12, 9, 9],
			"faces": {
				"north": {"uv": [11.5, 6, 12, 7], "texture": "#0"},
				"east": {"uv": [11, 7, 12, 8], "texture": "#0"},
				"south": {"uv": [11.5, 10, 12, 11], "texture": "#0"},
				"west": {"uv": [11, 8, 12, 9], "texture": "#0"},
				"up": {"uv": [12, 12, 11.5, 11], "texture": "#0"},
				"down": {"uv": [12.5, 1, 12, 2], "texture": "#0"}
			}
		}
	],
	"gui_light": "front",
	"display": {
		"thirdperson_righthand": {
			"translation": [0.5, 0, 4.25]
		},
		"thirdperson_lefthand": {
			"rotation": [-180, 0, -180],
			"translation": [0.5, 0, 4.25]
		},
		"firstperson_righthand": {
			"rotation": [-52.71, 70.78, 54.3],
			"translation": [-1.75, 0, 2.25]
		},
		"firstperson_lefthand": {
			"rotation": [88.22, -72.32, 90.34],
			"translation": [-0.5, 0, 2.5]
		},
		"ground": {
			"rotation": [-36.09, -19.65, 65.82],
			"translation": [-3, 0.75, 0]
		},
		"gui": {
			"rotation": [-118.5, -66.75, -90],
			"translation": [0, 0.25, 0]
		},
		"head": {
			"rotation": [-180, 90, -180],
			"translation": [0, 4, -1.5],
			"scale": [2, 2, 2]
		},
		"fixed": {
			"rotation": [0, 90, 0],
			"translation": [0, 2.25, 0]
		}
	}
}