{"credit":"MadewithBlockbench","texture_size":[32,32],"textures":{"0":"byliyth:item/hellwrath_blade","particle":"byliyth:item/hellwrath_blade"},"elements":[{"from":[7,1,7],"to":[9,7,9],"rotation":{"angle":0,"axis":"y","origin":[0,0,1]},"faces":{"north":{"uv":[6,4,7,7],"texture":"#0"},"east":{"uv":[7,0,8,3],"texture":"#0"},"south":{"uv":[7,3,8,6],"texture":"#0"},"west":{"uv":[6,7,7,10],"texture":"#0"},"up":{"uv":[9,9,8,8],"texture":"#0"},"down":{"uv":[10,0,9,1],"texture":"#0"}}},{"from":[7,7,5],"to":[9,9,11],"faces":{"north":{"uv":[9,1,10,2],"texture":"#0"},"east":{"uv":[7,6,10,7],"texture":"#0"},"south":{"uv":[2,9,3,10],"texture":"#0"},"west":{"uv":[7,7,10,8],"texture":"#0"},"up":{"uv":[1,10.5,0,7.5],"texture":"#0"},"down":{"uv":[2,7.5,1,10.5],"texture":"#0"}}},{"from":[7.5,9,5.5],"to":[8.5,24,10.5],"faces":{"north":{"uv":[5,4,5.5,11.5],"texture":"#0"},"east":{"uv":[0,0,2.5,7.5],"texture":"#0"},"south":{"uv":[5.5,4,6,11.5],"texture":"#0"},"west":{"uv":[2.5,0,5,7.5],"texture":"#0"},"up":{"uv":[7.5,10.5,7,8],"texture":"#0"},"down":{"uv":[8,8,7.5,10.5],"texture":"#0"}}},{"from":[7.499,20.8281,-13.04431],"to":[8.501,24.3601,-9.51231],"rotation":{"angle":45,"axis":"x","origin":[-0.001,0.02908,0.05669]},"faces":{"north":{"uv":[9,2,9.5,4],"texture":"#0"},"east":{"uv":[5,0,7,2],"texture":"#0"},"south":{"uv":[3,9,3.5,11],"texture":"#0"},"west":{"uv":[5,2,7,4],"texture":"#0"},"up":{"uv":[4,11,3.5,9],"texture":"#0"},"down":{"uv":[4.5,9,4,11],"texture":"#0"}}},{"from":[8,19,3.5],"to":[8,21,5.5],"faces":{"north":{"uv":[0,0,0,1],"texture":"#0"},"east":{"uv":[9,4,10,5],"texture":"#0"},"south":{"uv":[0,0,0,1],"texture":"#0"},"west":{"uv":[9,5,10,6],"texture":"#0"},"up":{"uv":[0,1,0,0],"texture":"#0"},"down":{"uv":[0,0,0,1],"texture":"#0"}}},{"from":[8,19,10.5],"to":[8,21,12.5],"faces":{"north":{"uv":[0,0,0,1],"texture":"#0"},"east":{"uv":[8,9,9,10],"texture":"#0"},"south":{"uv":[0,0,0,1],"texture":"#0"},"west":{"uv":[9,8,10,9],"texture":"#0"},"up":{"uv":[0,1,0,0],"texture":"#0"},"down":{"uv":[0,0,0,1],"texture":"#0"}}},{"from":[8,15,3.5],"to":[8,17,5.5],"faces":{"north":{"uv":[0,0,0,1],"texture":"#0"},"east":{"uv":[9,9,10,10],"texture":"#0"},"south":{"uv":[0,0,0,1],"texture":"#0"},"west":{"uv":[9.5,2,10.5,3],"texture":"#0"},"up":{"uv":[0,1,0,0],"texture":"#0"},"down":{"uv":[0,0,0,1],"texture":"#0"}}},{"from":[8,15,10.5],"to":[8,17,12.5],"faces":{"north":{"uv":[0,0,0,1],"texture":"#0"},"east":{"uv":[9.5,3,10.5,4],"texture":"#0"},"south":{"uv":[0,0,0,1],"texture":"#0"},"west":{"uv":[10,0,11,1],"texture":"#0"},"up":{"uv":[0,1,0,0],"texture":"#0"},"down":{"uv":[0,0,0,1],"texture":"#0"}}},{"from":[8,11,3.5],"to":[8,13,5.5],"faces":{"north":{"uv":[0,0,0,1],"texture":"#0"},"east":{"uv":[10,1,11,2],"texture":"#0"},"south":{"uv":[0,0,0,1],"texture":"#0"},"west":{"uv":[2,10,3,11],"texture":"#0"},"up":{"uv":[0,1,0,0],"texture":"#0"},"down":{"uv":[0,0,0,1],"texture":"#0"}}},{"from":[8,11,10.5],"to":[8,13,12.5],"faces":{"north":{"uv":[0,0,0,1],"texture":"#0"},"east":{"uv":[10,4,11,5],"texture":"#0"},"south":{"uv":[0,0,0,1],"texture":"#0"},"west":{"uv":[10,5,11,6],"texture":"#0"},"up":{"uv":[0,1,0,0],"texture":"#0"},"down":{"uv":[0,0,0,1],"texture":"#0"}}},{"from":[8,7.5,11],"to":[8,9.5,13],"rotation":{"angle":0,"axis":"y","origin":[5.001,6.5,12]},"faces":{"north":{"uv":[0,0,0,1],"texture":"#0"},"east":{"uv":[6,10,7,11],"texture":"#0"},"south":{"uv":[0,0,0,1],"texture":"#0"},"west":{"uv":[10,6,11,7],"texture":"#0"},"up":{"uv":[0,1,0,0],"texture":"#0"},"down":{"uv":[0,0,0,1],"texture":"#0"}}},{"from":[8,7.5,3],"to":[8,9.5,5],"rotation":{"angle":0,"axis":"y","origin":[-1.002,-2.5,6]},"faces":{"north":{"uv":[0,0,0,1],"texture":"#0"},"east":{"uv":[10,7,11,8],"texture":"#0"},"south":{"uv":[0,0,0,1],"texture":"#0"},"west":{"uv":[8,10,9,11],"texture":"#0"},"up":{"uv":[0,1,0,0],"texture":"#0"},"down":{"uv":[0,0,0,1],"texture":"#0"}}},{"from":[6.999,-7.201,4.099],"to":[9.001,-4.199,7.101],"rotation":{"angle":-45,"axis":"x","origin":[0,0,0]},"faces":{"north":{"uv":[8,0,9,1.5],"texture":"#0"},"east":{"uv":[2,7.5,3.5,9],"texture":"#0"},"south":{"uv":[8,1.5,9,3],"texture":"#0"},"west":{"uv":[3.5,7.5,5,9],"texture":"#0"},"up":{"uv":[9,4.5,8,3],"texture":"#0"},"down":{"uv":[9,4.5,8,6],"texture":"#0"}}}],"gui_light":"front","display":{"thirdperson_righthand":{"translation":[0,1.75,0]},"thirdperson_lefthand":{"translation":[0,1.75,0]},"ground":{"rotation":[18.25,-4.06,-71.14],"translation":[-4.5,0,0]},"gui":{"rotation":[56.5,48.5,-90],"translation":[-2.25,-1.5,0],"scale":[0.75,0.75,0.75]},"head":{"rotation":[0,90,0],"translation":[0,4.25,0]},"fixed":{"rotation":[90,-54,90],"translation":[2.25,-2.5,-0.75],"scale":[0.75,0.75,0.75]}}}