{"credit":"MadewithBlockbench","ambientocclusion":false,"textures":{"0":"jackpot:item/basketball/hoop","1":"jackpot:item/basketball/net","particle":"jackpot:item/basketball/hoop"},"elements":[{"name":"hoop0","from":[1,6,0],"to":[15,8,1],"rotation":{"angle":0,"axis":"y","origin":[8,6,8]},"faces":{"north":{"uv":[0,2,14,4],"texture":"#0","cullface":"north"},"east":{"uv":[15,2,16,4],"texture":"#0"},"south":{"uv":[0,2,14,4],"texture":"#0"},"west":{"uv":[15,2,16,4],"texture":"#0"},"up":{"uv":[0,0,14,1],"texture":"#0"},"down":{"uv":[0,5,14,6],"texture":"#0"}}},{"name":"hoop1","from":[1,6,15],"to":[15,8,16],"rotation":{"angle":0,"axis":"y","origin":[8,6,8]},"faces":{"north":{"uv":[0,2,14,4],"texture":"#0"},"east":{"uv":[15,2,16,4],"texture":"#0"},"south":{"uv":[0,2,14,4],"texture":"#0","cullface":"south"},"west":{"uv":[15,2,16,4],"texture":"#0"},"up":{"uv":[0,0,14,1],"texture":"#0"},"down":{"uv":[0,5,14,6],"texture":"#0"}}},{"name":"hoop2","from":[0,6,1],"to":[1,8,15],"rotation":{"angle":0,"axis":"y","origin":[8,6,8]},"faces":{"north":{"uv":[15,2,16,4],"texture":"#0"},"east":{"uv":[0,2,14,4],"texture":"#0"},"south":{"uv":[15,2,16,4],"texture":"#0"},"west":{"uv":[0,2,14,4],"texture":"#0","cullface":"west"},"up":{"uv":[0,0,14,1],"rotation":90,"texture":"#0"},"down":{"uv":[0,5,14,6],"rotation":90,"texture":"#0"}}},{"name":"hoop3","from":[15,6,1],"to":[16,8,15],"rotation":{"angle":0,"axis":"y","origin":[8,6,8]},"faces":{"north":{"uv":[15,2,16,4],"texture":"#0"},"east":{"uv":[0,2,14,4],"texture":"#0","cullface":"east"},"south":{"uv":[15,2,16,4],"texture":"#0"},"west":{"uv":[0,2,14,4],"texture":"#0"},"up":{"uv":[0,0,14,1],"rotation":90,"texture":"#0"},"down":{"uv":[0,5,14,6],"rotation":90,"texture":"#0"}}},{"name":"adorn","from":[6,7,16],"to":[10,8,19],"rotation":{"angle":0,"axis":"y","origin":[8,6,8]},"faces":{"east":{"uv":[4,11,1,12],"texture":"#0","cullface":"south"},"west":{"uv":[1,11,4,12],"texture":"#0","cullface":"south"},"up":{"uv":[0,10,4,7],"texture":"#0","cullface":"south"},"down":{"uv":[0,7,4,10],"texture":"#0","cullface":"south"}}},{"name":"net0","from":[1,1,1],"to":[15,6,1],"shade":false,"rotation":{"angle":-22.5,"axis":"x","origin":[8,6,1]},"faces":{"north":{"uv":[1,0,15,5],"texture":"#1"},"south":{"uv":[1,0,15,5],"texture":"#1"}}},{"name":"net1","from":[1,1,15],"to":[15,6,15],"shade":false,"rotation":{"angle":22.5,"axis":"x","origin":[8,6,15]},"faces":{"north":{"uv":[1,0,15,5],"texture":"#1"},"south":{"uv":[1,0,15,5],"texture":"#1"}}},{"name":"net2","from":[1,1,1],"to":[1,6,15],"shade":false,"rotation":{"angle":22.5,"axis":"z","origin":[1,6,8]},"faces":{"east":{"uv":[1,0,15,5],"texture":"#1"},"west":{"uv":[1,0,15,5],"texture":"#1"}}},{"name":"net3","from":[15,1,1],"to":[15,6,15],"shade":false,"rotation":{"angle":-22.5,"axis":"z","origin":[15,6,8]},"faces":{"east":{"uv":[1,0,15,5],"texture":"#1"},"west":{"uv":[1,0,15,5],"texture":"#1"}}},{"name":"net4","from":[13,-4.5,3],"to":[13,1.5,13],"shade":false,"rotation":{"angle":0,"axis":"y","origin":[15,6,8]},"faces":{"east":{"uv":[3,6,13,12],"texture":"#1"},"west":{"uv":[3,6,13,12],"texture":"#1"}}},{"name":"net5","from":[3,-4.5,3],"to":[3,1.5,13],"shade":false,"rotation":{"angle":0,"axis":"y","origin":[15,6,8]},"faces":{"east":{"uv":[3,6,13,12],"texture":"#1"},"west":{"uv":[3,6,13,12],"texture":"#1"}}},{"name":"net6","from":[3,-4.5,3],"to":[13,1.5,3],"shade":false,"rotation":{"angle":0,"axis":"y","origin":[15,6,8]},"faces":{"north":{"uv":[3,6,13,12],"texture":"#1"},"south":{"uv":[3,6,13,12],"texture":"#1"}}},{"name":"net7","from":[3,-4.5,13],"to":[13,1.5,13],"shade":false,"rotation":{"angle":0,"axis":"y","origin":[15,6,8]},"faces":{"north":{"uv":[3,6,13,12],"texture":"#1"},"south":{"uv":[3,6,13,12],"texture":"#1"}}}],"display":{"firstperson_righthand":{"rotation":[0,45,0],"translation":[0,3.5,0],"scale":[0.4,0.4,0.4]},"firstperson_lefthand":{"rotation":[0,45,0],"translation":[0,3.5,0],"scale":[0.4,0.4,0.4]},"gui":{"rotation":[20,-25,0],"translation":[0,3,0],"scale":[0.625,0.625,0.625]},"fixed":{"rotation":[-90,0,0],"translation":[0,0,-15],"scale":[2,2,2]}}}