{"credit":"ModelcreatedbyZorakDesign-Contactmeondiscordforwork:CesarZorak#0808","textures":{"particle":"#2"},"elements":[{"name":"bottom_0","from":[-16,2,-14],"to":[8,5,-12],"rotation":{"angle":0,"axis":"y","origin":[8,0,0]},"faces":{"north":{"uv":[12,8.5,0,10],"texture":"#3"},"south":{"uv":[12,12,0,13.5],"texture":"#3"},"west":{"uv":[13.5,8.5,12.5,10],"texture":"#3"},"up":{"uv":[0,8,12,7],"texture":"#3"},"down":{"uv":[12,10.5,0,11.5],"texture":"#3"}}},{"name":"bottom_1","from":[8,2,-14],"to":[32,5,-12],"rotation":{"angle":0,"axis":"y","origin":[8,0,0]},"faces":{"north":{"uv":[0,8.5,12,10],"texture":"#3"},"east":{"uv":[12.5,8.5,13.5,10],"texture":"#3"},"south":{"uv":[0,12,12,13.5],"texture":"#3"},"up":{"uv":[12,8,0,7],"texture":"#3"},"down":{"uv":[0,10.5,12,11.5],"texture":"#3"}}},{"name":"top_0","from":[-16,29,-14],"to":[8,32,-12],"faces":{"north":{"uv":[12,1.5,0,3],"texture":"#3"},"south":{"uv":[12,5,0,6.5],"texture":"#3"},"west":{"uv":[13.5,1.5,12.5,3],"texture":"#3"},"up":{"uv":[0,1,12,0],"texture":"#3"},"down":{"uv":[0,3.5,12,4.5],"texture":"#3"}}},{"name":"top_1","from":[8,29,-14],"to":[32,32,-12],"faces":{"north":{"uv":[0,1.5,12,3],"texture":"#3"},"east":{"uv":[12.5,1.5,13.5,3],"texture":"#3"},"south":{"uv":[0,5,12,6.5],"texture":"#3"},"up":{"uv":[12,1,0,0],"texture":"#3"},"down":{"uv":[12,3.5,0,4.5],"texture":"#3"}}},{"name":"side_0","from":[-16,5,-14],"to":[-13,29,-12],"faces":{"north":{"uv":[14.5,1,13,13],"texture":"#2"},"east":{"uv":[15,1,16,13],"texture":"#2"},"south":{"uv":[13,1,14.5,13],"texture":"#2"},"west":{"uv":[16,1,15,13],"texture":"#2"}}},{"name":"side_1","from":[29,5,-14],"to":[32,29,-12],"faces":{"north":{"uv":[13,1,14.5,13],"texture":"#2"},"east":{"uv":[15,1,16,13],"texture":"#2"},"south":{"uv":[14.5,1,13,13],"texture":"#2"},"west":{"uv":[16,1,15,13],"texture":"#2"}}},{"name":"crystal_0","from":[-13,5,-13],"to":[8,29,-13],"shade":false,"faces":{"north":{"uv":[0,0,10.5,12],"texture":"#2"},"south":{"uv":[10.5,0,0,12],"texture":"#2"}}},{"name":"crystal_1","from":[8,5,-13],"to":[29,29,-13],"shade":false,"faces":{"north":{"uv":[0,0,10.5,12],"texture":"#1"},"south":{"uv":[10.5,0,0,12],"texture":"#1"}}},{"name":"postside0","from":[-5,3,-12],"to":[-3,31,-11],"faces":{"north":{"uv":[14.5,0.5,13.5,14.5],"texture":"#1"},"east":{"uv":[14.5,0.5,15,14.5],"texture":"#1"},"south":{"uv":[16,0.5,15,14.5],"texture":"#1"},"west":{"uv":[13,0.5,13.5,14.5],"texture":"#1"},"up":{"uv":[13.5,0,14.5,0.5],"texture":"#1"},"down":{"uv":[14.5,0,15.5,0.5],"texture":"#1"}}},{"name":"postside1","from":[19,3,-12],"to":[21,31,-11],"faces":{"north":{"uv":[13.5,0.5,14.5,14.5],"texture":"#1"},"east":{"uv":[14.5,0.5,15,14.5],"texture":"#1"},"south":{"uv":[15,0.5,16,14.5],"texture":"#1"},"west":{"uv":[13,0.5,13.5,14.5],"texture":"#1"},"up":{"uv":[13.5,0,14.5,0.5],"texture":"#1"},"down":{"uv":[14.5,0,15.5,0.5],"texture":"#1"}}},{"name":"postmiddle","from":[-3,11,-12],"to":[19,13,-11],"faces":{"north":{"uv":[0,13,11,14],"texture":"#1"},"east":{"uv":[11.5,13,12,14],"texture":"#1"},"south":{"uv":[0,15,11,16],"texture":"#1"},"west":{"uv":[11.5,13,12,14],"texture":"#1"},"up":{"uv":[0,12,11,12.5],"texture":"#1"},"down":{"uv":[0,14.5,11,15],"texture":"#1"}}},{"name":"top0","from":[-5,22,-11],"to":[-4,25,-8],"faces":{"north":{"uv":[10,14.5,10.5,16],"texture":"#4"},"east":{"uv":[8,14.5,9.5,16],"texture":"#4"},"south":{"uv":[10,14.5,10.5,16],"texture":"#4"},"west":{"uv":[8,14.5,9.5,16],"texture":"#4"},"up":{"uv":[10,14.5,10.5,16],"texture":"#4"},"down":{"uv":[11,14.5,11.5,16],"texture":"#4"}}},{"name":"top1","from":[20,22,-11],"to":[21,25,-8],"faces":{"north":{"uv":[10,14.5,10.5,16],"texture":"#4"},"east":{"uv":[8,14.5,9.5,16],"texture":"#4"},"south":{"uv":[10,14.5,10.5,16],"texture":"#4"},"west":{"uv":[8,14.5,9.5,16],"texture":"#4"},"up":{"uv":[10,14.5,10.5,16],"texture":"#4"},"down":{"uv":[11,14.5,11.5,16],"texture":"#4"}}},{"name":"middle0","from":[-4.25,15.75,1.75],"to":[-2.75,19.25,4.25],"faces":{"north":{"uv":[13,12.5,13.5,14],"texture":"#4"},"east":{"uv":[14,12.5,13,14],"texture":"#4"},"south":{"uv":[13.5,12.5,14,14],"texture":"#4"},"west":{"uv":[13,12.5,14,14],"texture":"#4"},"up":{"uv":[13.5,11,14,12],"texture":"#4"},"down":{"uv":[13,12.5,13.5,13.5],"texture":"#4"}}},{"name":"middle1","from":[18.75,15.75,1.75],"to":[20.25,19.25,4.25],"faces":{"north":{"uv":[13,12.5,13.5,14],"texture":"#4"},"east":{"uv":[14,12.5,13,14],"texture":"#4"},"south":{"uv":[13.5,12.5,14,14],"texture":"#4"},"west":{"uv":[13,12.5,14,14],"texture":"#4"},"up":{"uv":[13.5,11,14,12],"texture":"#4"},"down":{"uv":[13,12.5,13.5,13.5],"texture":"#4"}}},{"name":"tl1","from":[-4,22,-10],"to":[-3,24,5],"rotation":{"angle":22.5,"axis":"x","origin":[-4,23,-9.5]},"faces":{"north":{"uv":[13,11,13.5,12],"texture":"#4"},"east":{"uv":[8,8.5,16,9.5],"texture":"#4"},"west":{"uv":[8,8.5,16,9.5],"texture":"#4"},"up":{"uv":[15.5,10,16,16],"texture":"#4"},"down":{"uv":[14,10,14.5,16],"texture":"#4"}}},{"name":"tr1","from":[19,22,-10],"to":[20,24,5],"rotation":{"angle":22.5,"axis":"x","origin":[20,23,-9.5]},"faces":{"north":{"uv":[13,11,13.5,12],"texture":"#4"},"east":{"uv":[8,8.5,16,9.5],"texture":"#4"},"west":{"uv":[8,8.5,16,9.5],"texture":"#4"},"up":{"uv":[15.5,10,16,16],"texture":"#4"},"down":{"uv":[14,10,14.5,16],"texture":"#4"}}},{"name":"tl0","from":[2,10,2],"to":[3,18,4],"rotation":{"angle":45,"axis":"z","origin":[2,10,3]},"faces":{"north":{"uv":[14,10,14.5,16],"texture":"#4"},"east":{"uv":[15.5,10,14.5,16],"texture":"#4"},"south":{"uv":[15.5,10,16,16],"texture":"#4"},"west":{"uv":[14.5,10,15.5,16],"texture":"#4"},"up":{"uv":[13,11,13.5,12],"texture":"#4"},"down":{"uv":[13,11,13.5,12],"texture":"#4"}}},{"name":"tr0","from":[13,10,2],"to":[14,18,4],"rotation":{"angle":-45,"axis":"z","origin":[14,10,3]},"faces":{"north":{"uv":[14,10,14.5,16],"texture":"#4"},"east":{"uv":[15.5,10,14.5,16],"texture":"#4"},"south":{"uv":[15.5,10,16,16],"texture":"#4"},"west":{"uv":[14.5,10,15.5,16],"texture":"#4"},"up":{"uv":[13,11,13.5,12],"texture":"#4"},"down":{"uv":[13,11,13.5,12],"texture":"#4"}}},{"name":"middle1","from":[2,10,2],"to":[14,11,4],"faces":{"north":{"uv":[8,9.5,16,10],"texture":"#4"},"east":{"uv":[13,10.5,14,11],"texture":"#4"},"south":{"uv":[8,8,16,8.5],"texture":"#4"},"west":{"uv":[13,10.5,14,11],"texture":"#4"},"up":{"uv":[8,9.5,16,8.5],"texture":"#4"},"down":{"uv":[8,8.5,16,9.5],"texture":"#4"}}},{"name":"bl0","from":[2,7,-7],"to":[3,9,1],"rotation":{"angle":45,"axis":"y","origin":[2,8,1]},"faces":{"east":{"uv":[8,8.5,16,9.5],"texture":"#4"},"west":{"uv":[8,8.5,16,9.5],"texture":"#4"},"up":{"uv":[15.5,10,16,16],"texture":"#4"},"down":{"uv":[14,10,14.5,16],"texture":"#4"}}},{"name":"br0","from":[13,7,-7],"to":[14,9,1],"rotation":{"angle":-45,"axis":"y","origin":[14,8,1]},"faces":{"east":{"uv":[8,8.5,16,9.5],"texture":"#4"},"west":{"uv":[8,8.5,16,9.5],"texture":"#4"},"up":{"uv":[15.5,10,16,16],"texture":"#4"},"down":{"uv":[14,10,14.5,16],"texture":"#4"}}},{"name":"bl1","from":[-4,7,-11.5],"to":[-3,9,-4.5],"faces":{"east":{"uv":[8,8.5,15,9.5],"texture":"#4"},"south":{"uv":[13,10,13.5,11],"texture":"#4"},"west":{"uv":[8,8.5,15,9.5],"texture":"#4"},"up":{"uv":[15.5,10,16,15],"texture":"#4"},"down":{"uv":[14,10,14.5,15],"texture":"#4"}}},{"name":"br1","from":[19,7,-11.5],"to":[20,9,-4.5],"faces":{"east":{"uv":[8,8.5,15,9.5],"texture":"#4"},"south":{"uv":[13,10,13.5,11],"texture":"#4"},"west":{"uv":[8,8.5,15,9.5],"texture":"#4"},"up":{"uv":[15.5,10,16,15],"texture":"#4"},"down":{"uv":[14,10,14.5,15],"texture":"#4"}}},{"name":"middle0","from":[2,7,0],"to":[14,9,1],"faces":{"north":{"uv":[8,8.5,16,9.5],"texture":"#4"},"east":{"uv":[13,11,13.5,12],"texture":"#4"},"south":{"uv":[8,8.5,16,9.5],"texture":"#4"},"west":{"uv":[13,11,13.5,12],"texture":"#4"},"up":{"uv":[8,8,16,8.5],"texture":"#4"},"down":{"uv":[8,9.5,16,10],"texture":"#4"}}},{"name":"post","from":[5,6,-1],"to":[11,12,5],"faces":{"north":{"uv":[0,0,3,3],"texture":"#4"},"east":{"uv":[3,3,0,6],"texture":"#4"},"south":{"uv":[3,0,6,3],"texture":"#4"},"west":{"uv":[0,3,3,6],"texture":"#4"},"up":{"uv":[0,3,3,6],"rotation":90,"texture":"#4"},"down":{"uv":[0,3,3,6],"rotation":270,"texture":"#4"}}},{"name":"post","from":[5.25,5.35,5.95],"to":[10.75,13.85,11.45],"rotation":{"angle":-45,"axis":"x","origin":[8,5,10.5]},"faces":{"north":{"uv":[0,11,3,15.5],"texture":"#4"},"east":{"uv":[0,11,3,15.5],"texture":"#4"},"south":{"uv":[0,11,3,15.5],"texture":"#4"},"west":{"uv":[0,11,3,15.5],"texture":"#4"},"up":{"uv":[0,8,3,11],"texture":"#4"},"down":{"uv":[3,8,6,11],"texture":"#4"}}},{"name":"post","from":[5,0,5],"to":[11,6,11],"faces":{"north":{"uv":[8,3,11,6],"texture":"#4"},"east":{"uv":[8,3,11,6],"texture":"#4"},"south":{"uv":[8,3,11,6],"texture":"#4"},"west":{"uv":[8,3,11,6],"texture":"#4"},"up":{"uv":[8,0,11,3],"texture":"#4"},"down":{"uv":[11,0,14,3],"texture":"#4","cullface":"down"}}}],"display":{"thirdperson_righthand":{"rotation":[75,45,0],"translation":[3,-1,0],"scale":[0.225,0.225,0.225]},"thirdperson_lefthand":{"rotation":[75,45,0],"translation":[3,-1,0],"scale":[0.225,0.225,0.225]},"firstperson_righthand":{"rotation":[0,45,0],"translation":[2,0,0],"scale":[0.25,0.25,0.25]},"firstperson_lefthand":{"rotation":[0,45,0],"translation":[2,0,0],"scale":[0.25,0.25,0.25]},"ground":{"rotation":[35,0,45],"translation":[0.5,3,2.25],"scale":[0.25,0.25,0.25]},"gui":{"rotation":[30,225,0],"translation":[-5,0,0],"scale":[0.35,0.35,0.35]},"head":{"translation":[0,10,5],"scale":[0.75,0.75,0.75]},"fixed":{"rotation":[-90,0,0],"translation":[0,0,-15],"scale":[2,2,2]}}}