{"credit":"ModelcreatedbyZorakDesign-Contactmeondiscordforwork:CesarZorak#0808","textures":{"0":"jackpot:item/basketball/post.png","1":"jackpot:item/basketball/post_down.png","particle":"jackpot:item/basketball/post_down.png"},"elements":[{"name":"post","from":[5,-14,5],"to":[11,0,11],"rotation":{"angle":0,"axis":"y","origin":[8,0,8]},"faces":{"north":{"uv":[0,0,6,14],"texture":"#0"},"east":{"uv":[0,0,6,14],"texture":"#0"},"south":{"uv":[0,0,6,14],"texture":"#0"},"west":{"uv":[0,0,6,14],"texture":"#0"}}},{"from":[1,-16,1],"to":[15,-14,15],"rotation":{"angle":0,"axis":"y","origin":[8,0,8]},"faces":{"north":{"uv":[0,14,14,16],"texture":"#1"},"east":{"uv":[0,14,14,16],"texture":"#1"},"south":{"uv":[0,14,14,16],"texture":"#1"},"west":{"uv":[0,14,14,16],"texture":"#1"},"up":{"uv":[0,0,14,14],"texture":"#1"},"down":{"uv":[0,0,14,14],"texture":"#1"}}}],"display":{"thirdperson_righthand":{"rotation":[0,90,55],"translation":[0,1.5,2.5],"scale":[0.275,0.275,0.275]},"thirdperson_lefthand":{"rotation":[0,90,55],"translation":[0,1.5,2.5],"scale":[0.275,0.275,0.275]},"firstperson_righthand":{"rotation":[0,45,0],"translation":[0,1.5,0],"scale":[0.2,0.2,0.2]},"firstperson_lefthand":{"rotation":[0,45,0],"translation":[0,1.5,0],"scale":[0.2,0.2,0.2]},"ground":{"translation":[0,5,0],"scale":[0.25,0.25,0.25]},"gui":{"rotation":[30,225,0],"scale":[0.275,0.275,0.275]},"head":{"translation":[0,30,0]},"fixed":{"rotation":[-90,0,0],"translation":[0,0,-47],"scale":[2,2,2]}}}