{"credit":"MadewithBlockbench","ambientocclusion":false,"textures":{"particle":"jackpot:item/basketball/scoreboard","front":"jackpot:item/basketball/scoreboard","nl":"jackpot:item/basketball/scoreboard_0","nr":"jackpot:item/basketball/scoreboard_1"},"elements":[{"name":"0","from":[8,3,12.5],"to":[14,13,12.5],"shade":false,"rotation":{"angle":0,"axis":"y","origin":[8,0,8]},"faces":{"north":{"uv":[0,0,10,15],"texture":"#nl"}}},{"name":"1","from":[2,3,12.5],"to":[8,13,12.5],"shade":false,"rotation":{"angle":0,"axis":"y","origin":[8,0,8]},"faces":{"north":{"uv":[0,0,10,15],"texture":"#nr"}}},{"name":"frame","from":[0,0,12],"to":[16,16,13],"rotation":{"angle":0,"axis":"y","origin":[8,0,8]},"faces":{"north":{"uv":[0,0,8,8],"texture":"#front"},"east":{"uv":[9.5,0,10,8],"texture":"#front","cullface":"east"},"west":{"uv":[10,0,9.5,8],"texture":"#front","cullface":"west"},"up":{"uv":[8,10,16,9.5],"texture":"#front","cullface":"up"},"down":{"uv":[8,9.5,16,10],"texture":"#front","cullface":"down"}}},{"name":"backboard","from":[0,0,13],"to":[16,16,16],"rotation":{"angle":0,"axis":"y","origin":[8,0,8]},"faces":{"north":{"uv":[0,9,8,15],"texture":"#front"},"east":{"uv":[8,0,9.5,8],"texture":"#front","cullface":"east"},"south":{"uv":[0,8,8,16],"texture":"#front","cullface":"south"},"west":{"uv":[9.5,0,8,8],"texture":"#front","cullface":"west"},"up":{"uv":[8,9.5,16,8],"texture":"#front","cullface":"up"},"down":{"uv":[8,8,16,9.5],"texture":"#front","cullface":"down"}}}],"display":{"firstperson_righthand":{"rotation":[0,115,0],"translation":[0,1.5,0],"scale":[0.4,0.4,0.4]},"firstperson_lefthand":{"rotation":[0,115,0],"translation":[0,1.5,0],"scale":[0.4,0.4,0.4]},"gui":{"rotation":[30,225,0],"translation":[3,-1.5,0],"scale":[0.625,0.625,0.625]},"head":{"translation":[0,14.5,-6]},"fixed":{"translation":[0,0,-15],"scale":[2,2,2]}}}