{"textures":{"0":"modelengine:entity/mso_lavastone_golem","1":"modelengine:entity/mso_lavastone_golem_e"},"elements":[{"name":"cube","from":[6.2,6.2,6.2],"to":[9.8,9.8,9.8],"rotation":{"angle":0.0,"axis":"x","origin":[8.0,8.0,8.0]},"faces":{"down":{"uv":[13.0,0.0,13.75,0.75],"rotation":0,"texture":"#0","tintindex":0},"east":{"uv":[13.5,8.5,12.75,9.25],"rotation":0,"texture":"#0","tintindex":0},"north":{"uv":[13.5,6.25,12.75,7.0],"rotation":0,"texture":"#0","tintindex":0},"south":{"uv":[13.5,7.75,12.75,8.5],"rotation":0,"texture":"#0","tintindex":0},"up":{"uv":[12.25,13.5,13.0,12.75],"rotation":0,"texture":"#0","tintindex":0},"west":{"uv":[13.5,7.0,12.75,7.75],"rotation":0,"texture":"#0","tintindex":0}}},{"name":"cube","from":[12.2,7.1,7.4],"to":[13.400001,8.3,8.6],"rotation":{"angle":0.0,"axis":"x","origin":[12.8,7.7,8.0]},"faces":{"down":{"uv":[11.75,4.0,12.0,4.25],"rotation":0,"texture":"#0","tintindex":0},"east":{"uv":[10.75,10.0,10.5,10.25],"rotation":0,"texture":"#0","tintindex":0},"north":{"uv":[9.0,10.0,8.75,10.25],"rotation":0,"texture":"#0","tintindex":0},"south":{"uv":[10.5,4.5,10.25,4.75],"rotation":0,"texture":"#0","tintindex":0},"up":{"uv":[11.5,8.5,11.75,8.25],"rotation":0,"texture":"#0","tintindex":0},"west":{"uv":[10.5,2.25,10.25,2.5],"rotation":0,"texture":"#0","tintindex":0}}},{"name":"cube","from":[12.2,9.5,7.4],"to":[13.400001,10.700001,8.6],"rotation":{"angle":0.0,"axis":"x","origin":[12.8,10.1,8.0]},"faces":{"down":{"uv":[11.75,4.0,12.0,4.25],"rotation":0,"texture":"#0","tintindex":0},"east":{"uv":[10.75,10.0,10.5,10.25],"rotation":0,"texture":"#0","tintindex":0},"north":{"uv":[9.0,10.0,8.75,10.25],"rotation":0,"texture":"#0","tintindex":0},"south":{"uv":[10.5,4.5,10.25,4.75],"rotation":0,"texture":"#0","tintindex":0},"up":{"uv":[11.5,8.5,11.75,8.25],"rotation":0,"texture":"#0","tintindex":0},"west":{"uv":[10.5,2.25,10.25,2.5],"rotation":0,"texture":"#0","tintindex":0}}},{"name":"cube","from":[12.2,14.3,7.4],"to":[13.400001,15.5,8.6],"rotation":{"angle":0.0,"axis":"x","origin":[12.8,14.900001,8.0]},"faces":{"down":{"uv":[11.75,4.0,12.0,4.25],"rotation":0,"texture":"#0","tintindex":0},"east":{"uv":[10.75,10.0,10.5,10.25],"rotation":0,"texture":"#0","tintindex":0},"north":{"uv":[9.0,10.0,8.75,10.25],"rotation":0,"texture":"#0","tintindex":0},"south":{"uv":[10.5,4.5,10.25,4.75],"rotation":0,"texture":"#0","tintindex":0},"up":{"uv":[11.5,8.5,11.75,8.25],"rotation":0,"texture":"#0","tintindex":0},"west":{"uv":[10.5,2.25,10.25,2.5],"rotation":0,"texture":"#0","tintindex":0}}},{"name":"cube","from":[12.2,16.7,7.4],"to":[13.400001,17.900002,8.6],"rotation":{"angle":0.0,"axis":"x","origin":[12.8,17.3,8.0]},"faces":{"down":{"uv":[11.75,4.0,12.0,4.25],"rotation":0,"texture":"#0","tintindex":0},"east":{"uv":[10.75,10.0,10.5,10.25],"rotation":0,"texture":"#0","tintindex":0},"north":{"uv":[9.0,10.0,8.75,10.25],"rotation":0,"texture":"#0","tintindex":0},"south":{"uv":[10.5,4.5,10.25,4.75],"rotation":0,"texture":"#0","tintindex":0},"up":{"uv":[11.5,8.5,11.75,8.25],"rotation":0,"texture":"#0","tintindex":0},"west":{"uv":[10.5,2.25,10.25,2.5],"rotation":0,"texture":"#0","tintindex":0}}},{"name":"cube","from":[12.2,11.900001,7.4],"to":[13.400001,13.1,8.6],"rotation":{"angle":0.0,"axis":"x","origin":[12.8,12.5,8.0]},"faces":{"down":{"uv":[11.75,4.0,12.0,4.25],"rotation":0,"texture":"#0","tintindex":0},"east":{"uv":[10.75,10.0,10.5,10.25],"rotation":0,"texture":"#0","tintindex":0},"north":{"uv":[9.0,10.0,8.75,10.25],"rotation":0,"texture":"#0","tintindex":0},"south":{"uv":[10.5,4.5,10.25,4.75],"rotation":0,"texture":"#0","tintindex":0},"up":{"uv":[11.5,8.5,11.75,8.25],"rotation":0,"texture":"#0","tintindex":0},"west":{"uv":[10.5,2.25,10.25,2.5],"rotation":0,"texture":"#0","tintindex":0}}},{"name":"cube","from":[9.8,6.2,1.3999997],"to":[11.0,13.400001,5.0],"rotation":{"angle":22.5,"axis":"y","origin":[11.0,8.0,5.0]},"faces":{"down":{"uv":[0.25,14.25,0.5,15.0],"rotation":0,"texture":"#0","tintindex":0},"east":{"uv":[3.25,10.75,2.5,12.25],"rotation":0,"texture":"#0","tintindex":0},"north":{"uv":[2.25,13.75,2.0,15.25],"rotation":0,"texture":"#0","tintindex":0},"south":{"uv":[5.0,13.75,4.75,15.25],"rotation":0,"texture":"#0","tintindex":0},"up":{"uv":[14.25,0.75,14.5,0.0],"rotation":0,"texture":"#0","tintindex":0},"west":{"uv":[11.25,8.5,10.5,10.0],"rotation":0,"texture":"#0","tintindex":0}}},{"name":"cube","from":[9.8,1.9999998,6.8],"to":[12.2,3.7999997,9.2],"rotation":{"angle":-45.0,"axis":"y","origin":[11.0,3.7999997,8.0]},"faces":{"down":{"uv":[14.0,4.75,14.5,5.25],"rotation":0,"texture":"#0","tintindex":0},"east":{"uv":[3.25,14.25,2.75,14.625],"rotation":0,"texture":"#0","tintindex":0},"north":{"uv":[1.0,14.25,0.5,14.625],"rotation":0,"texture":"#0","tintindex":0},"south":{"uv":[1.5,14.25,1.0,14.625],"rotation":0,"texture":"#0","tintindex":0},"up":{"uv":[12.5,3.25,13.0,2.75],"rotation":0,"texture":"#0","tintindex":0},"west":{"uv":[14.75,0.75,14.25,1.125],"rotation":0,"texture":"#0","tintindex":0}}},{"name":"cube","from":[9.5,3.7999997,6.5],"to":[12.5,6.2,9.5],"rotation":{"angle":0.0,"axis":"x","origin":[11.0,5.6,8.0]},"faces":{"down":{"uv":[3.5,13.5,4.125,14.125],"rotation":0,"texture":"#0","tintindex":0},"east":{"uv":[14.625,3.5,14.0,4.0],"rotation":0,"texture":"#0","tintindex":0},"north":{"uv":[14.375,13.5,13.75,14.0],"rotation":0,"texture":"#0","tintindex":0},"south":{"uv":[14.625,2.0,14.0,2.5],"rotation":0,"texture":"#0","tintindex":0},"up":{"uv":[2.75,14.125,3.375,13.5],"rotation":0,"texture":"#0","tintindex":0},"west":{"uv":[14.625,1.5,14.0,2.0],"rotation":0,"texture":"#0","tintindex":0}}},{"name":"cube","from":[9.8,6.2,5.0],"to":[12.2,14.6,11.0],"rotation":{"angle":0.0,"axis":"x","origin":[10.4,8.0,8.0]},"faces":{"down":{"uv":[2.75,12.25,3.25,13.5],"rotation":0,"texture":"#0","tintindex":0},"east":{"uv":[9.25,3.0,8.0,4.75],"rotation":0,"texture":"#0","tintindex":0},"north":{"uv":[2.5,4.5,2.0,6.25],"rotation":0,"texture":"#0","tintindex":0},"south":{"uv":[6.25,11.25,5.75,13.0],"rotation":0,"texture":"#0","tintindex":0},"up":{"uv":[1.0,9.5,1.5,8.25],"rotation":0,"texture":"#0","tintindex":0},"west":{"uv":[2.75,7.75,1.5,9.5],"rotation":0,"texture":"#0","tintindex":0}}},{"name":"cube","from":[9.8,14.6,6.2],"to":[12.2,20.600002,9.8],"rotation":{"angle":0.0,"axis":"x","origin":[10.4,15.2,8.0]},"faces":{"down":{"uv":[8.0,13.75,8.5,14.5],"rotation":0,"texture":"#0","tintindex":0},"east":{"uv":[12.5,10.75,11.75,12.0],"rotation":0,"texture":"#0","tintindex":0},"north":{"uv":[12.75,6.25,12.25,7.5],"rotation":0,"texture":"#0","tintindex":0},"south":{"uv":[12.75,8.25,12.25,9.5],"rotation":0,"texture":"#0","tintindex":0},"up":{"uv":[7.5,14.5,8.0,13.75],"rotation":0,"texture":"#0","tintindex":0},"west":{"uv":[12.5,9.5,11.75,10.75],"rotation":0,"texture":"#0","tintindex":0}}},{"name":"cube","from":[9.8,6.2,11.0],"to":[11.0,13.400001,14.6],"rotation":{"angle":-22.5,"axis":"y","origin":[11.0,8.0,11.0]},"faces":{"down":{"uv":[0.0,14.25,0.25,15.0],"rotation":0,"texture":"#0","tintindex":0},"east":{"uv":[7.75,10.5,7.0,12.0],"rotation":0,"texture":"#0","tintindex":0},"north":{"uv":[7.0,13.5,6.75,15.0],"rotation":0,"texture":"#0","tintindex":0},"south":{"uv":[11.75,13.5,11.5,15.0],"rotation":0,"texture":"#0","tintindex":0},"up":{"uv":[3.75,12.75,4.0,12.0],"rotation":0,"texture":"#0","tintindex":0},"west":{"uv":[7.0,10.5,6.25,12.0],"rotation":0,"texture":"#0","tintindex":0}}},{"name":"cube","from":[9.92,13.400001,2.6],"to":[11.0,17.0,6.2],"rotation":{"angle":22.5,"axis":"y","origin":[11.0,15.2,6.2]},"faces":{"down":{"uv":[10.75,14.25,11.0,15.0],"rotation":0,"texture":"#0","tintindex":0},"east":{"uv":[10.0,13.0,9.25,13.75],"rotation":0,"texture":"#0","tintindex":0},"north":{"uv":[9.75,14.25,9.5,15.0],"rotation":0,"texture":"#0","tintindex":0},"south":{"uv":[10.0,14.25,9.75,15.0],"rotation":0,"texture":"#0","tintindex":0},"up":{"uv":[14.25,10.5,14.5,9.75],"rotation":0,"texture":"#0","tintindex":0},"west":{"uv":[9.25,13.0,8.5,13.75],"rotation":0,"texture":"#0","tintindex":0}}},{"name":"cube","from":[9.92,13.400001,9.8],"to":[11.0,17.0,13.400001],"rotation":{"angle":-22.5,"axis":"y","origin":[11.0,15.2,9.8]},"faces":{"down":{"uv":[9.25,14.25,9.5,15.0],"rotation":0,"texture":"#0","tintindex":0},"east":{"uv":[8.5,13.0,7.75,13.75],"rotation":0,"texture":"#0","tintindex":0},"north":{"uv":[8.75,14.25,8.5,15.0],"rotation":0,"texture":"#0","tintindex":0},"south":{"uv":[9.0,14.25,8.75,15.0],"rotation":0,"texture":"#0","tintindex":0},"up":{"uv":[9.0,15.0,9.25,14.25],"rotation":0,"texture":"#0","tintindex":0},"west":{"uv":[7.75,13.0,7.0,13.75],"rotation":0,"texture":"#0","tintindex":0}}},{"name":"cube","from":[9.92,17.0,3.7999997],"to":[11.0,19.400002,6.2],"rotation":{"angle":22.5,"axis":"y","origin":[11.0,17.6,6.2]},"faces":{"down":{"uv":[14.25,12.0,14.5,12.5],"rotation":0,"texture":"#0","tintindex":0},"east":{"uv":[12.25,14.0,11.75,14.5],"rotation":0,"texture":"#0","tintindex":0},"north":{"uv":[2.75,9.5,2.5,10.0],"rotation":0,"texture":"#0","tintindex":0},"south":{"uv":[6.25,13.0,6.0,13.5],"rotation":0,"texture":"#0","tintindex":0},"up":{"uv":[14.25,12.0,14.5,11.5],"rotation":0,"texture":"#0","tintindex":0},"west":{"uv":[14.5,10.75,14.0,11.25],"rotation":0,"texture":"#0","tintindex":0}}},{"name":"cube","from":[9.92,17.0,9.8],"to":[11.0,19.400002,12.2],"rotation":{"angle":-22.5,"axis":"y","origin":[11.0,17.6,9.8]},"faces":{"down":{"uv":[14.0,14.25,14.25,14.75],"rotation":0,"texture":"#0","tintindex":0},"east":{"uv":[13.25,14.0,12.75,14.5],"rotation":0,"texture":"#0","tintindex":0},"north":{"uv":[13.5,14.25,13.25,14.75],"rotation":0,"texture":"#0","tintindex":0},"south":{"uv":[13.75,14.25,13.5,14.75],"rotation":0,"texture":"#0","tintindex":0},"up":{"uv":[13.75,14.75,14.0,14.25],"rotation":0,"texture":"#0","tintindex":0},"west":{"uv":[12.75,14.0,12.25,14.5],"rotation":0,"texture":"#0","tintindex":0}}}],"display":{"head":{"translation":[0.0,-6.4,0.0],"rotation":[0.0,0.0,0.0],"scale":[3.8095,3.8095,3.8095]}}}