{"textures":{"0":"modelengine:entity/mso_lavastone_golem","1":"modelengine:entity/mso_lavastone_golem_e"},"elements":[{"name":"cube","from":[5.6,2.6,6.2],"to":[10.4,6.2,9.8],"rotation":{"angle":0.0,"axis":"x","origin":[8.0,8.0,8.0]},"faces":{"down":{"uv":[7.25,12.0,6.25,12.75],"rotation":0,"texture":"#0","tintindex":0},"east":{"uv":[2.75,7.75,3.5,8.5],"rotation":0,"texture":"#0","tintindex":0},"north":{"uv":[3.5,6.25,4.5,7.0],"rotation":0,"texture":"#0","tintindex":0},"south":{"uv":[0.75,12.0,1.75,12.75],"rotation":0,"texture":"#0","tintindex":0},"up":{"uv":[13.0,6.25,12.0,5.5],"rotation":0,"texture":"#0","tintindex":0},"west":{"uv":[12.25,12.0,13.0,12.75],"rotation":0,"texture":"#0","tintindex":0}}},{"name":"cube","from":[4.3999996,3.7999997,7.4],"to":[5.6,5.0,8.6],"rotation":{"angle":0.0,"axis":"x","origin":[5.0,4.3999996,8.0]},"faces":{"down":{"uv":[12.0,4.0,11.75,4.25],"rotation":0,"texture":"#0","tintindex":0},"east":{"uv":[10.25,2.25,10.5,2.5],"rotation":0,"texture":"#0","tintindex":0},"north":{"uv":[8.75,10.0,9.0,10.25],"rotation":0,"texture":"#0","tintindex":0},"south":{"uv":[10.25,4.5,10.5,4.75],"rotation":0,"texture":"#0","tintindex":0},"up":{"uv":[11.75,8.5,11.5,8.25],"rotation":0,"texture":"#0","tintindex":0},"west":{"uv":[10.5,10.0,10.75,10.25],"rotation":0,"texture":"#0","tintindex":0}}},{"name":"cube","from":[10.4,3.7999997,7.4],"to":[11.6,5.0,8.6],"rotation":{"angle":0.0,"axis":"x","origin":[11.0,4.3999996,8.0]},"faces":{"down":{"uv":[11.75,4.0,12.0,4.25],"rotation":0,"texture":"#0","tintindex":0},"east":{"uv":[10.75,10.0,10.5,10.25],"rotation":0,"texture":"#0","tintindex":0},"north":{"uv":[9.0,10.0,8.75,10.25],"rotation":0,"texture":"#0","tintindex":0},"south":{"uv":[10.5,4.5,10.25,4.75],"rotation":0,"texture":"#0","tintindex":0},"up":{"uv":[11.5,8.5,11.75,8.25],"rotation":0,"texture":"#0","tintindex":0},"west":{"uv":[10.5,2.25,10.25,2.5],"rotation":0,"texture":"#0","tintindex":0}}}],"display":{"head":{"translation":[0.0,-6.4,0.0],"rotation":[0.0,0.0,0.0],"scale":[3.8095,3.8095,3.8095]}}}