{"textures":{"0":"modelengine:entity/nocsy_pet_reaper","1":"modelengine:entity/nocsy_pet_reaper_eye","2":"modelengine:entity/nocsy_pet_reaper_scythe","3":"modelengine:entity/nocsy_pet_reaper_bonnet"},"elements":[{"name":"cube","from":[6.86,6.049999,6.727143],"to":[9.139999,6.8299994,7.687143],"rotation":{"angle":0.0,"axis":"x","origin":[9.139999,-2.170001,6.727143]},"faces":{"down":{"uv":[11.0,5.0,9.75,5.5],"rotation":0,"texture":"#0","tintindex":0},"east":{"uv":[6.5,10.5,7.0,11.0],"rotation":0,"texture":"#0","tintindex":0},"north":{"uv":[8.0,4.25,9.25,4.75],"rotation":0,"texture":"#0","tintindex":0},"south":{"uv":[9.25,8.25,10.5,8.75],"rotation":0,"texture":"#0","tintindex":0},"up":{"uv":[11.0,1.25,9.75,0.75],"rotation":0,"texture":"#0","tintindex":0},"west":{"uv":[7.0,10.5,7.5,11.0],"rotation":0,"texture":"#0","tintindex":0}}},{"name":"cube","from":[5.585,5.569999,6.5771427],"to":[5.585,10.955,11.077143],"rotation":{"angle":0.0,"axis":"x","origin":[5.7799997,-2.170001,8.227142]},"faces":{"down":{"uv":[0.0,0.0,0.0,2.0],"rotation":0,"texture":"#0","tintindex":0},"east":{"uv":[0.0,0.0,2.0,2.25],"rotation":0,"texture":"#0","tintindex":0},"north":{"uv":[0.0,0.0,0.0,2.25],"rotation":0,"texture":"#0","tintindex":0},"south":{"uv":[0.0,0.0,0.0,2.25],"rotation":0,"texture":"#0","tintindex":0},"up":{"uv":[0.0,2.0,0.0,0.0],"rotation":0,"texture":"#0","tintindex":0},"west":{"uv":[2.0,0.0,0.0,2.25],"rotation":0,"texture":"#0","tintindex":0}}},{"name":"cube","from":[10.415,5.569999,6.5771427],"to":[10.415,10.969999,11.077143],"rotation":{"angle":0.0,"axis":"x","origin":[10.219999,-2.170001,8.227142]},"faces":{"down":{"uv":[0.0,0.0,0.0,2.0],"rotation":0,"texture":"#0","tintindex":0},"east":{"uv":[0.0,0.0,2.0,2.25],"rotation":0,"texture":"#0","tintindex":0},"north":{"uv":[0.0,0.0,0.0,2.25],"rotation":0,"texture":"#0","tintindex":0},"south":{"uv":[0.0,0.0,0.0,2.25],"rotation":0,"texture":"#0","tintindex":0},"up":{"uv":[0.0,2.0,0.0,0.0],"rotation":0,"texture":"#0","tintindex":0},"west":{"uv":[2.0,0.0,0.0,2.25],"rotation":0,"texture":"#0","tintindex":0}}},{"name":"cube","from":[5.585,2.5699992,6.562143],"to":[5.585,5.569999,11.077143],"rotation":{"angle":0.0,"axis":"x","origin":[5.585,5.569999,8.819643]},"faces":{"down":{"uv":[0.0,0.0,0.0,2.0],"rotation":0,"texture":"#0","tintindex":0},"east":{"uv":[0.0,6.5,2.0,7.75],"rotation":0,"texture":"#0","tintindex":0},"north":{"uv":[0.0,0.0,0.0,1.25],"rotation":0,"texture":"#0","tintindex":0},"south":{"uv":[0.0,0.0,0.0,1.25],"rotation":0,"texture":"#0","tintindex":0},"up":{"uv":[0.0,2.0,0.0,0.0],"rotation":0,"texture":"#0","tintindex":0},"west":{"uv":[2.0,6.5,0.0,7.75],"rotation":0,"texture":"#0","tintindex":0}}},{"name":"cube","from":[10.415,2.5699992,6.562143],"to":[10.415,5.569999,11.077143],"rotation":{"angle":0.0,"axis":"x","origin":[10.415,5.569999,8.819643]},"faces":{"down":{"uv":[0.0,0.0,0.0,2.0],"rotation":0,"texture":"#0","tintindex":0},"east":{"uv":[0.0,6.5,2.0,7.75],"rotation":0,"texture":"#0","tintindex":0},"north":{"uv":[0.0,0.0,0.0,1.25],"rotation":0,"texture":"#0","tintindex":0},"south":{"uv":[0.0,0.0,0.0,1.25],"rotation":0,"texture":"#0","tintindex":0},"up":{"uv":[0.0,2.0,0.0,0.0],"rotation":0,"texture":"#0","tintindex":0},"west":{"uv":[2.0,6.5,0.0,7.75],"rotation":0,"texture":"#0","tintindex":0}}},{"name":"cube","from":[5.6,5.629999,6.592143],"to":[10.4,10.43,6.592143],"rotation":{"angle":0.0,"axis":"x","origin":[8.6,-2.170001,6.6071424]},"faces":{"down":{"uv":[2.0,0.0,0.0,0.0],"rotation":0,"texture":"#0","tintindex":0},"east":{"uv":[0.0,0.0,0.0,2.0],"rotation":0,"texture":"#0","tintindex":0},"north":{"uv":[4.0,0.0,6.0,2.0],"rotation":0,"texture":"#0","tintindex":0},"south":{"uv":[6.0,0.0,4.0,2.0],"rotation":0,"texture":"#0","tintindex":0},"up":{"uv":[2.0,0.0,0.0,0.0],"rotation":0,"texture":"#0","tintindex":0},"west":{"uv":[0.0,0.0,0.0,2.0],"rotation":0,"texture":"#0","tintindex":0}}},{"name":"cube","from":[5.5924997,9.365,6.832143],"to":[10.407499,10.565001,7.2821426],"rotation":{"angle":-22.5,"axis":"x","origin":[8.6075,9.950001,7.0721426]},"faces":{"down":{"uv":[11.5,4.5,7.5,5.0],"rotation":0,"texture":"#3","tintindex":0},"east":{"uv":[3.0,9.5,3.5,10.5],"rotation":0,"texture":"#3","tintindex":0},"north":{"uv":[3.5,4.5,7.5,5.5],"rotation":0,"texture":"#3","tintindex":0},"south":{"uv":[0.0,5.5,4.0,6.5],"rotation":0,"texture":"#3","tintindex":0},"up":{"uv":[11.0,4.5,7.0,4.0],"rotation":0,"texture":"#3","tintindex":0},"west":{"uv":[9.5,3.0,10.0,4.0],"rotation":0,"texture":"#3","tintindex":0}}},{"name":"cube","from":[5.906,9.683271,8.763056],"to":[10.094,10.871271,11.151056],"rotation":{"angle":22.5,"axis":"x","origin":[8.3,11.312272,10.032056]},"faces":{"down":{"uv":[3.5,2.0,0.0,4.0],"rotation":0,"texture":"#3","tintindex":0},"east":{"uv":[5.0,7.5,7.0,8.5],"rotation":0,"texture":"#3","tintindex":0},"north":{"uv":[3.5,6.5,7.0,7.5],"rotation":0,"texture":"#3","tintindex":0},"south":{"uv":[7.0,0.0,10.5,1.0],"rotation":0,"texture":"#3","tintindex":0},"up":{"uv":[3.5,2.0,0.0,0.0],"rotation":0,"texture":"#3","tintindex":0},"west":{"uv":[7.5,5.0,9.5,6.0],"rotation":0,"texture":"#3","tintindex":0}}},{"name":"cube","from":[5.8999996,10.56307,7.40345],"to":[10.1,11.76307,9.203449],"rotation":{"angle":-22.5,"axis":"x","origin":[7.7,10.27807,9.863449]},"faces":{"down":{"uv":[7.0,1.5,3.5,3.0],"rotation":0,"texture":"#3","tintindex":0},"east":{"uv":[7.0,7.5,8.5,8.5],"rotation":0,"texture":"#3","tintindex":0},"north":{"uv":[4.0,5.5,7.5,6.5],"rotation":0,"texture":"#3","tintindex":0},"south":{"uv":[0.0,6.5,3.5,7.5],"rotation":0,"texture":"#3","tintindex":0},"up":{"uv":[7.0,1.5,3.5,0.0],"rotation":0,"texture":"#3","tintindex":0},"west":{"uv":[0.0,8.5,1.5,9.5],"rotation":0,"texture":"#3","tintindex":0}}},{"name":"cube","from":[5.8999996,10.198718,7.183523],"to":[10.1,11.398718,7.483523],"rotation":{"angle":-45.0,"axis":"x","origin":[8.0,10.498718,8.083523]},"faces":{"down":{"uv":[7.0,1.5,3.5,3.0],"rotation":0,"texture":"#3","tintindex":0},"east":{"uv":[7.0,7.5,8.5,8.5],"rotation":0,"texture":"#3","tintindex":0},"north":{"uv":[4.0,5.5,7.5,6.5],"rotation":0,"texture":"#3","tintindex":0},"south":{"uv":[0.0,6.5,3.5,7.5],"rotation":0,"texture":"#3","tintindex":0},"up":{"uv":[3.5,10.75,0.0,10.5],"rotation":0,"texture":"#3","tintindex":0},"west":{"uv":[0.0,8.5,1.5,9.5],"rotation":0,"texture":"#3","tintindex":0}}},{"name":"cube","from":[6.5,8.6050205,10.790089],"to":[9.5,9.805021,11.990088],"rotation":{"angle":-22.5,"axis":"x","origin":[8.0,9.50502,12.635089]},"faces":{"down":{"uv":[5.0,7.5,2.5,8.5],"rotation":0,"texture":"#3","tintindex":0},"east":{"uv":[9.0,8.5,10.0,9.5],"rotation":0,"texture":"#3","tintindex":0},"north":{"uv":[7.0,3.0,9.5,4.0],"rotation":0,"texture":"#3","tintindex":0},"south":{"uv":[7.0,6.5,9.5,7.5],"rotation":0,"texture":"#3","tintindex":0},"up":{"uv":[2.5,8.5,0.0,7.5],"rotation":0,"texture":"#3","tintindex":0},"west":{"uv":[0.0,9.5,1.0,10.5],"rotation":0,"texture":"#3","tintindex":0}}},{"name":"cube","from":[5.8999996,9.92502,10.670089],"to":[10.1,11.12502,12.470089],"rotation":{"angle":-45.0,"axis":"x","origin":[8.0,9.08502,12.635089]},"faces":{"down":{"uv":[3.5,4.0,0.0,5.5],"rotation":0,"texture":"#3","tintindex":0},"east":{"uv":[1.5,8.5,3.0,9.5],"rotation":0,"texture":"#3","tintindex":0},"north":{"uv":[7.0,1.0,10.5,2.0],"rotation":0,"texture":"#3","tintindex":0},"south":{"uv":[7.0,2.0,10.5,3.0],"rotation":0,"texture":"#3","tintindex":0},"up":{"uv":[7.0,4.5,3.5,3.0],"rotation":0,"texture":"#3","tintindex":0},"west":{"uv":[3.0,8.5,4.5,9.5],"rotation":0,"texture":"#3","tintindex":0}}},{"name":"cube","from":[7.1,7.21002,11.330089],"to":[8.9,8.41002,12.290089],"rotation":{"angle":0.0,"axis":"x","origin":[6.8,9.430021,12.635089]},"faces":{"down":{"uv":[10.0,7.5,8.5,8.25],"rotation":0,"texture":"#3","tintindex":0},"east":{"uv":[1.0,9.5,1.75,10.5],"rotation":0,"texture":"#3","tintindex":0},"north":{"uv":[4.5,8.5,6.0,9.5],"rotation":0,"texture":"#3","tintindex":0},"south":{"uv":[6.0,8.5,7.5,9.5],"rotation":0,"texture":"#3","tintindex":0},"up":{"uv":[9.0,9.25,7.5,8.5],"rotation":0,"texture":"#3","tintindex":0},"west":{"uv":[2.0,9.5,2.75,10.5],"rotation":0,"texture":"#3","tintindex":0}}},{"name":"cube","from":[5.6,10.445,6.4721427],"to":[10.4,10.445,7.087143],"rotation":{"angle":-22.5,"axis":"x","origin":[8.0,10.73,6.592143]},"faces":{"down":{"uv":[11.75,5.75,9.75,6.0],"rotation":0,"texture":"#0","tintindex":0},"east":{"uv":[0.0,0.0,0.25,0.0],"rotation":0,"texture":"#0","tintindex":0},"north":{"uv":[0.0,0.0,2.0,0.0],"rotation":0,"texture":"#0","tintindex":0},"south":{"uv":[0.0,0.0,2.0,0.0],"rotation":0,"texture":"#0","tintindex":0},"up":{"uv":[9.75,6.0,11.75,5.75],"rotation":0,"texture":"#0","tintindex":0},"west":{"uv":[0.0,0.0,0.25,0.0],"rotation":0,"texture":"#0","tintindex":0}}},{"name":"cube","from":[5.6,10.645187,7.1518335],"to":[10.4,10.645187,10.511834],"rotation":{"angle":0.0,"axis":"x","origin":[8.0,10.765186,7.541834]},"faces":{"down":{"uv":[6.0,1.75,8.0,3.125],"rotation":0,"texture":"#0","tintindex":0},"east":{"uv":[0.0,0.0,1.375,0.0],"rotation":0,"texture":"#0","tintindex":0},"north":{"uv":[0.0,0.0,2.0,0.0],"rotation":0,"texture":"#0","tintindex":0},"south":{"uv":[0.0,0.0,2.0,0.0],"rotation":0,"texture":"#0","tintindex":0},"up":{"uv":[8.0,3.125,6.0,1.75],"rotation":0,"texture":"#0","tintindex":0},"west":{"uv":[0.0,0.0,1.375,0.0],"rotation":0,"texture":"#0","tintindex":0}}},{"name":"cube","from":[5.6,5.629999,11.062143],"to":[10.4,10.43,11.062143],"rotation":{"angle":0.0,"axis":"x","origin":[8.6,-2.170001,11.047143]},"faces":{"down":{"uv":[2.0,0.0,0.0,0.0],"rotation":0,"texture":"#0","tintindex":0},"east":{"uv":[0.0,0.0,0.0,2.0],"rotation":0,"texture":"#0","tintindex":0},"north":{"uv":[4.0,4.0,6.0,6.0],"rotation":0,"texture":"#0","tintindex":0},"south":{"uv":[6.0,4.0,4.0,6.0],"rotation":0,"texture":"#0","tintindex":0},"up":{"uv":[2.0,0.0,0.0,0.0],"rotation":0,"texture":"#0","tintindex":0},"west":{"uv":[0.0,0.0,0.0,2.0],"rotation":0,"texture":"#0","tintindex":0}}},{"name":"cube","from":[5.6,2.644999,11.062143],"to":[10.4,5.6449995,11.062143],"rotation":{"angle":0.0,"axis":"x","origin":[8.0,5.629999,11.062143]},"faces":{"down":{"uv":[2.0,0.0,0.0,0.0],"rotation":0,"texture":"#0","tintindex":0},"east":{"uv":[0.0,0.0,0.0,1.25],"rotation":0,"texture":"#0","tintindex":0},"north":{"uv":[7.75,0.0,9.75,1.25],"rotation":0,"texture":"#0","tintindex":0},"south":{"uv":[9.75,0.0,7.75,1.25],"rotation":0,"texture":"#0","tintindex":0},"up":{"uv":[2.0,0.0,0.0,0.0],"rotation":0,"texture":"#0","tintindex":0},"west":{"uv":[0.0,0.0,0.0,1.25],"rotation":0,"texture":"#0","tintindex":0}}},{"name":"cube","from":[5.6,2.644999,6.592143],"to":[10.4,5.6449995,6.592143],"rotation":{"angle":0.0,"axis":"x","origin":[8.0,5.629999,6.592143]},"faces":{"down":{"uv":[2.0,0.0,0.0,0.0],"rotation":0,"texture":"#0","tintindex":0},"east":{"uv":[0.0,0.0,0.0,1.25],"rotation":0,"texture":"#0","tintindex":0},"north":{"uv":[9.75,4.75,7.75,6.0],"rotation":0,"texture":"#0","tintindex":0},"south":{"uv":[7.75,4.75,9.75,6.0],"rotation":0,"texture":"#0","tintindex":0},"up":{"uv":[2.0,0.0,0.0,0.0],"rotation":0,"texture":"#0","tintindex":0},"west":{"uv":[0.0,0.0,0.0,1.25],"rotation":0,"texture":"#0","tintindex":0}}},{"name":"cube","from":[5.6,10.445,10.582144],"to":[10.4,10.445,11.182143],"rotation":{"angle":22.5,"axis":"x","origin":[8.0,10.73,11.062143]},"faces":{"down":{"uv":[8.25,9.75,10.25,10.0],"rotation":0,"texture":"#0","tintindex":0},"east":{"uv":[0.0,0.0,0.25,0.0],"rotation":0,"texture":"#0","tintindex":0},"north":{"uv":[0.0,0.0,2.0,0.0],"rotation":0,"texture":"#0","tintindex":0},"south":{"uv":[0.0,0.0,2.0,0.0],"rotation":0,"texture":"#0","tintindex":0},"up":{"uv":[10.25,10.0,8.25,9.75],"rotation":0,"texture":"#0","tintindex":0},"west":{"uv":[0.0,0.0,0.25,0.0],"rotation":0,"texture":"#0","tintindex":0}}},{"name":"cube","from":[5.8999996,6.8299994,6.727143],"to":[10.1,10.43,10.927143],"rotation":{"angle":0.0,"axis":"x","origin":[8.3,-2.170001,6.727143]},"faces":{"down":{"uv":[7.75,0.0,6.0,1.75],"rotation":0,"texture":"#0","tintindex":0},"east":{"uv":[6.0,4.75,7.75,6.25],"rotation":0,"texture":"#0","tintindex":0},"north":{"uv":[3.75,6.0,5.5,7.5],"rotation":0,"texture":"#0","tintindex":0},"south":{"uv":[2.0,6.25,3.75,7.75],"rotation":0,"texture":"#0","tintindex":0},"up":{"uv":[3.75,6.25,2.0,4.5],"rotation":0,"texture":"#0","tintindex":0},"west":{"uv":[5.5,6.25,7.25,7.75],"rotation":0,"texture":"#0","tintindex":0}}},{"name":"cube","from":[5.6,5.629999,6.8471427],"to":[10.4,10.43,10.987143],"rotation":{"angle":0.0,"axis":"x","origin":[8.0,-2.170001,6.727143]},"faces":{"down":{"uv":[0.25,11.0,0.0,11.25],"rotation":0,"texture":"#0","tintindex":0},"east":{"uv":[0.0,11.0,0.25,11.25],"rotation":0,"texture":"#0","tintindex":0},"north":{"uv":[0.0,11.0,0.25,11.25],"rotation":0,"texture":"#0","tintindex":0},"south":{"uv":[0.0,11.0,0.25,11.25],"rotation":0,"texture":"#0","tintindex":0},"up":{"uv":[0.25,11.25,0.0,11.0],"rotation":0,"texture":"#0","tintindex":0},"west":{"uv":[0.0,11.0,0.25,11.25],"rotation":0,"texture":"#0","tintindex":0}}},{"name":"cube","from":[5.6,5.629999,6.727143],"to":[10.4,6.049999,10.867144],"rotation":{"angle":0.0,"axis":"x","origin":[8.0,-2.170001,6.727143]},"faces":{"down":{"uv":[0.25,11.0,0.0,11.25],"rotation":0,"texture":"#0","tintindex":0},"east":{"uv":[0.0,11.0,0.25,11.25],"rotation":0,"texture":"#0","tintindex":0},"north":{"uv":[0.0,11.0,0.25,11.25],"rotation":0,"texture":"#0","tintindex":0},"south":{"uv":[0.0,11.0,0.25,11.25],"rotation":0,"texture":"#0","tintindex":0},"up":{"uv":[0.25,11.125,0.0,11.0],"rotation":0,"texture":"#0","tintindex":0},"west":{"uv":[0.0,11.0,0.25,11.25],"rotation":0,"texture":"#0","tintindex":0}}},{"name":"cube","from":[5.6,10.07,6.7871428],"to":[10.4,10.49,10.867144],"rotation":{"angle":0.0,"axis":"x","origin":[8.0,-2.170001,6.727143]},"faces":{"down":{"uv":[0.25,11.0,0.0,11.25],"rotation":0,"texture":"#0","tintindex":0},"east":{"uv":[0.0,11.0,0.25,11.25],"rotation":0,"texture":"#0","tintindex":0},"north":{"uv":[0.0,11.0,0.25,11.25],"rotation":0,"texture":"#0","tintindex":0},"south":{"uv":[0.0,11.0,0.25,11.25],"rotation":0,"texture":"#0","tintindex":0},"up":{"uv":[0.25,11.25,0.0,11.0],"rotation":0,"texture":"#0","tintindex":0},"west":{"uv":[0.0,11.0,0.25,11.25],"rotation":0,"texture":"#0","tintindex":0}}},{"name":"cube","from":[7.88,6.5899997,6.712143],"to":[10.280001,10.190001,6.712143],"rotation":{"angle":0.0,"axis":"x","origin":[8.3,-2.170001,6.727143]},"faces":{"down":{"uv":[4.0,0.0,0.0,0.0],"rotation":0,"texture":"#1","tintindex":0},"east":{"uv":[0.0,0.0,0.0,6.0],"rotation":0,"texture":"#1","tintindex":0},"north":{"uv":[0.0,0.0,4.0,6.0],"rotation":0,"texture":"#1","tintindex":0},"south":{"uv":[4.0,0.0,0.0,6.0],"rotation":0,"texture":"#1","tintindex":0},"up":{"uv":[4.0,0.0,0.0,0.0],"rotation":0,"texture":"#1","tintindex":0},"west":{"uv":[0.0,0.0,0.0,6.0],"rotation":0,"texture":"#1","tintindex":0}}},{"name":"cube","from":[5.72,6.5899997,6.712143],"to":[8.12,10.190001,6.712143],"rotation":{"angle":0.0,"axis":"x","origin":[7.7,-2.170001,6.727143]},"faces":{"down":{"uv":[0.0,0.0,4.0,0.0],"rotation":0,"texture":"#1","tintindex":0},"east":{"uv":[0.0,0.0,0.0,6.0],"rotation":0,"texture":"#1","tintindex":0},"north":{"uv":[4.0,0.0,0.0,6.0],"rotation":0,"texture":"#1","tintindex":0},"south":{"uv":[0.0,0.0,4.0,6.0],"rotation":0,"texture":"#1","tintindex":0},"up":{"uv":[0.0,0.0,4.0,0.0],"rotation":0,"texture":"#1","tintindex":0},"west":{"uv":[0.0,0.0,0.0,6.0],"rotation":0,"texture":"#1","tintindex":0}}}],"display":{"head":{"translation":[0.0,-6.4,0.0],"rotation":[0.0,0.0,0.0],"scale":[3.8095,3.8095,3.8095]}}}