{"textures":{"0":"modelengine:entity/nocsy_pet_reaper","1":"modelengine:entity/nocsy_pet_reaper_eye","2":"modelengine:entity/nocsy_pet_reaper_scythe","3":"modelengine:entity/nocsy_pet_reaper_bonnet"},"elements":[{"name":"cube","from":[6.825934,7.459698,7.64],"to":[9.105934,9.139698,9.32],"rotation":{"angle":0.0,"axis":"x","origin":[7.800934,-1.9003024,7.58]},"faces":{"down":{"uv":[1.25,9.75,2.25,10.5],"rotation":0,"texture":"#0","tintindex":0},"east":{"uv":[6.75,9.75,6.0,10.5],"rotation":0,"texture":"#0","tintindex":0},"north":{"uv":[10.25,6.75,9.25,7.5],"rotation":0,"texture":"#0","tintindex":0},"south":{"uv":[10.25,7.5,9.25,8.25],"rotation":0,"texture":"#0","tintindex":0},"up":{"uv":[9.75,0.75,10.75,0.0],"rotation":0,"texture":"#0","tintindex":0},"west":{"uv":[6.0,9.75,5.25,10.5],"rotation":0,"texture":"#0","tintindex":0}}},{"name":"cube","from":[5.565934,7.3996983,7.58],"to":[9.165935,7.3996983,9.38],"rotation":{"angle":0.0,"axis":"x","origin":[7.800934,-1.9003024,7.58]},"faces":{"down":{"uv":[1.25,9.0,2.75,9.75],"rotation":0,"texture":"#0","tintindex":0},"east":{"uv":[0.75,0.0,0.0,0.0],"rotation":0,"texture":"#0","tintindex":0},"north":{"uv":[1.5,0.0,0.0,0.0],"rotation":0,"texture":"#0","tintindex":0},"south":{"uv":[1.5,0.0,0.0,0.0],"rotation":0,"texture":"#0","tintindex":0},"up":{"uv":[1.25,9.75,2.75,9.0],"rotation":0,"texture":"#0","tintindex":0},"west":{"uv":[0.75,0.0,0.0,0.0],"rotation":0,"texture":"#0","tintindex":0}}},{"name":"cube","from":[5.565934,9.1996975,7.58],"to":[9.165935,9.1996975,9.38],"rotation":{"angle":0.0,"axis":"x","origin":[7.800934,-1.9003024,7.58]},"faces":{"down":{"uv":[4.25,9.0,5.75,9.75],"rotation":0,"texture":"#0","tintindex":0},"east":{"uv":[0.75,0.0,0.0,0.0],"rotation":0,"texture":"#0","tintindex":0},"north":{"uv":[1.5,0.0,0.0,0.0],"rotation":0,"texture":"#0","tintindex":0},"south":{"uv":[1.5,0.0,0.0,0.0],"rotation":0,"texture":"#0","tintindex":0},"up":{"uv":[4.25,9.75,5.75,9.0],"rotation":0,"texture":"#0","tintindex":0},"west":{"uv":[0.75,0.0,0.0,0.0],"rotation":0,"texture":"#0","tintindex":0}}},{"name":"cube","from":[6.165934,6.7996984,7.58],"to":[9.165935,9.1996975,7.58],"rotation":{"angle":0.0,"axis":"x","origin":[7.800934,-1.9003024,7.58]},"faces":{"down":{"uv":[0.0,0.0,1.25,0.0],"rotation":0,"texture":"#0","tintindex":0},"east":{"uv":[0.0,0.0,0.0,1.0],"rotation":0,"texture":"#0","tintindex":0},"north":{"uv":[8.0,1.25,9.25,2.25],"rotation":0,"texture":"#0","tintindex":0},"south":{"uv":[9.25,1.25,8.0,2.25],"rotation":0,"texture":"#0","tintindex":0},"up":{"uv":[0.0,0.0,1.25,0.0],"rotation":0,"texture":"#0","tintindex":0},"west":{"uv":[0.0,0.0,0.0,1.0],"rotation":0,"texture":"#0","tintindex":0}}},{"name":"cube","from":[6.165934,6.7996984,9.38],"to":[9.165935,9.1996975,9.38],"rotation":{"angle":0.0,"axis":"x","origin":[7.800934,-1.9003024,7.58]},"faces":{"down":{"uv":[0.0,0.0,1.25,0.0],"rotation":0,"texture":"#0","tintindex":0},"east":{"uv":[0.0,0.0,0.0,1.0],"rotation":0,"texture":"#0","tintindex":0},"north":{"uv":[9.25,2.25,8.0,3.25],"rotation":0,"texture":"#0","tintindex":0},"south":{"uv":[8.0,2.25,9.25,3.25],"rotation":0,"texture":"#0","tintindex":0},"up":{"uv":[0.0,0.0,1.25,0.0],"rotation":0,"texture":"#0","tintindex":0},"west":{"uv":[0.0,0.0,0.0,1.0],"rotation":0,"texture":"#0","tintindex":0}}},{"name":"cube","from":[5.3259344,7.639698,7.46],"to":[7.1259346,8.839698,8.66],"rotation":{"angle":-22.5,"axis":"y","origin":[5.265934,8.239698,8.48]},"faces":{"down":{"uv":[9.0,10.0,9.75,10.5],"rotation":0,"texture":"#0","tintindex":0},"east":{"uv":[1.25,10.0,0.75,10.5],"rotation":0,"texture":"#0","tintindex":0},"north":{"uv":[10.5,9.0,9.75,9.5],"rotation":0,"texture":"#0","tintindex":0},"south":{"uv":[0.75,10.0,0.0,10.5],"rotation":0,"texture":"#0","tintindex":0},"up":{"uv":[8.25,10.5,9.0,10.0],"rotation":0,"texture":"#0","tintindex":0},"west":{"uv":[9.75,4.25,9.25,4.75],"rotation":0,"texture":"#0","tintindex":0}}},{"name":"cube","from":[4.2534385,7.519698,6.9357114],"to":[5.6934385,8.959698,8.375711],"rotation":{"angle":-22.5,"axis":"y","origin":[4.3734384,8.239698,7.655711]},"faces":{"down":{"uv":[2.0,10.5,2.5,11.0],"rotation":0,"texture":"#0","tintindex":0},"east":{"uv":[1.5,10.5,1.0,11.0],"rotation":0,"texture":"#0","tintindex":0},"north":{"uv":[10.75,9.5,10.25,10.0],"rotation":0,"texture":"#0","tintindex":0},"south":{"uv":[1.0,10.5,0.5,11.0],"rotation":0,"texture":"#0","tintindex":0},"up":{"uv":[1.5,11.0,2.0,10.5],"rotation":0,"texture":"#0","tintindex":0},"west":{"uv":[0.5,10.5,0.0,11.0],"rotation":0,"texture":"#0","tintindex":0}}}],"display":{"head":{"translation":[0.0,-6.4,0.0],"rotation":[0.0,0.0,0.0],"scale":[3.8095,3.8095,3.8095]}}}