{"textures":{"0":"modelengine:entity/nocsy_pet_reaper","1":"modelengine:entity/nocsy_pet_reaper_eye","2":"modelengine:entity/nocsy_pet_reaper_scythe","3":"modelengine:entity/nocsy_pet_reaper_bonnet"},"elements":[{"name":"cube","from":[7.2919364,6.9572,6.9405756],"to":[9.571937,8.6372,8.620575],"rotation":{"angle":0.0,"axis":"x","origin":[8.596936,-2.4028,6.880575]},"faces":{"down":{"uv":[2.25,9.75,1.25,10.5],"rotation":0,"texture":"#0","tintindex":0},"east":{"uv":[5.25,9.75,6.0,10.5],"rotation":0,"texture":"#0","tintindex":0},"north":{"uv":[9.25,6.75,10.25,7.5],"rotation":0,"texture":"#0","tintindex":0},"south":{"uv":[9.25,7.5,10.25,8.25],"rotation":0,"texture":"#0","tintindex":0},"up":{"uv":[10.75,0.75,9.75,0.0],"rotation":0,"texture":"#0","tintindex":0},"west":{"uv":[6.0,9.75,6.75,10.5],"rotation":0,"texture":"#0","tintindex":0}}},{"name":"cube","from":[7.231936,6.8971996,6.880575],"to":[10.831937,6.8971996,8.680575],"rotation":{"angle":0.0,"axis":"x","origin":[8.596936,-2.4028,6.880575]},"faces":{"down":{"uv":[2.75,9.0,1.25,9.75],"rotation":0,"texture":"#0","tintindex":0},"east":{"uv":[0.0,0.0,0.75,0.0],"rotation":0,"texture":"#0","tintindex":0},"north":{"uv":[0.0,0.0,1.5,0.0],"rotation":0,"texture":"#0","tintindex":0},"south":{"uv":[0.0,0.0,1.5,0.0],"rotation":0,"texture":"#0","tintindex":0},"up":{"uv":[2.75,9.75,1.25,9.0],"rotation":0,"texture":"#0","tintindex":0},"west":{"uv":[0.0,0.0,0.75,0.0],"rotation":0,"texture":"#0","tintindex":0}}},{"name":"cube","from":[7.231936,8.697201,6.880575],"to":[10.831937,8.697201,8.680575],"rotation":{"angle":0.0,"axis":"x","origin":[8.596936,-2.4028,6.880575]},"faces":{"down":{"uv":[5.75,9.0,4.25,9.75],"rotation":0,"texture":"#0","tintindex":0},"east":{"uv":[0.0,0.0,0.75,0.0],"rotation":0,"texture":"#0","tintindex":0},"north":{"uv":[0.0,0.0,1.5,0.0],"rotation":0,"texture":"#0","tintindex":0},"south":{"uv":[0.0,0.0,1.5,0.0],"rotation":0,"texture":"#0","tintindex":0},"up":{"uv":[5.75,9.75,4.25,9.0],"rotation":0,"texture":"#0","tintindex":0},"west":{"uv":[0.0,0.0,0.75,0.0],"rotation":0,"texture":"#0","tintindex":0}}},{"name":"cube","from":[7.231936,6.2971997,6.880575],"to":[10.2319355,8.697201,6.880575],"rotation":{"angle":0.0,"axis":"x","origin":[8.596936,-2.4028,6.880575]},"faces":{"down":{"uv":[1.25,0.0,0.0,0.0],"rotation":0,"texture":"#0","tintindex":0},"east":{"uv":[0.0,0.0,0.0,1.0],"rotation":0,"texture":"#0","tintindex":0},"north":{"uv":[9.25,1.25,8.0,2.25],"rotation":0,"texture":"#0","tintindex":0},"south":{"uv":[8.0,1.25,9.25,2.25],"rotation":0,"texture":"#0","tintindex":0},"up":{"uv":[1.25,0.0,0.0,0.0],"rotation":0,"texture":"#0","tintindex":0},"west":{"uv":[0.0,0.0,0.0,1.0],"rotation":0,"texture":"#0","tintindex":0}}},{"name":"cube","from":[7.231936,6.2971997,8.680575],"to":[10.2319355,8.697201,8.680575],"rotation":{"angle":0.0,"axis":"x","origin":[8.596936,-2.4028,6.880575]},"faces":{"down":{"uv":[1.25,0.0,0.0,0.0],"rotation":0,"texture":"#0","tintindex":0},"east":{"uv":[0.0,0.0,0.0,1.0],"rotation":0,"texture":"#0","tintindex":0},"north":{"uv":[8.0,2.25,9.25,3.25],"rotation":0,"texture":"#0","tintindex":0},"south":{"uv":[9.25,2.25,8.0,3.25],"rotation":0,"texture":"#0","tintindex":0},"up":{"uv":[1.25,0.0,0.0,0.0],"rotation":0,"texture":"#0","tintindex":0},"west":{"uv":[0.0,0.0,0.0,1.0],"rotation":0,"texture":"#0","tintindex":0}}},{"name":"cube","from":[9.271936,7.1372004,6.7605753],"to":[11.071937,8.3372,7.9605756],"rotation":{"angle":22.5,"axis":"y","origin":[11.131937,7.7372003,7.7805758]},"faces":{"down":{"uv":[9.75,10.0,9.0,10.5],"rotation":0,"texture":"#0","tintindex":0},"east":{"uv":[9.25,4.25,9.75,4.75],"rotation":0,"texture":"#0","tintindex":0},"north":{"uv":[9.75,9.0,10.5,9.5],"rotation":0,"texture":"#0","tintindex":0},"south":{"uv":[0.0,10.0,0.75,10.5],"rotation":0,"texture":"#0","tintindex":0},"up":{"uv":[9.0,10.5,8.25,10.0],"rotation":0,"texture":"#0","tintindex":0},"west":{"uv":[0.75,10.0,1.25,10.5],"rotation":0,"texture":"#0","tintindex":0}}},{"name":"cube","from":[10.7044325,7.0172005,6.236287],"to":[12.144432,8.4572,7.676287],"rotation":{"angle":22.5,"axis":"y","origin":[12.024432,7.7372003,6.9562874]},"faces":{"down":{"uv":[2.5,10.5,2.0,11.0],"rotation":0,"texture":"#0","tintindex":0},"east":{"uv":[0.0,10.5,0.5,11.0],"rotation":0,"texture":"#0","tintindex":0},"north":{"uv":[10.25,9.5,10.75,10.0],"rotation":0,"texture":"#0","tintindex":0},"south":{"uv":[0.5,10.5,1.0,11.0],"rotation":0,"texture":"#0","tintindex":0},"up":{"uv":[2.0,11.0,1.5,10.5],"rotation":0,"texture":"#0","tintindex":0},"west":{"uv":[1.0,10.5,1.5,11.0],"rotation":0,"texture":"#0","tintindex":0}}},{"name":"cube","from":[11.124432,4.4372,6.656287],"to":[11.724432,13.437201,7.256287],"rotation":{"angle":22.5,"axis":"y","origin":[12.024432,7.7372003,6.9562874]},"faces":{"down":{"uv":[9.0,10.0,8.0,11.0],"rotation":0,"texture":"#2","tintindex":0},"east":{"uv":[1.0,7.0,1.5,15.0],"rotation":0,"texture":"#2","tintindex":0},"north":{"uv":[0.0,7.0,0.5,15.0],"rotation":0,"texture":"#2","tintindex":0},"south":{"uv":[2.0,7.0,2.5,15.0],"rotation":0,"texture":"#2","tintindex":0},"up":{"uv":[11.0,8.0,10.0,7.0],"rotation":0,"texture":"#2","tintindex":0},"west":{"uv":[3.0,7.0,3.5,15.0],"rotation":0,"texture":"#2","tintindex":0}}},{"name":"cube","from":[10.944432,4.2572,6.476287],"to":[11.904432,5.8172,7.436287],"rotation":{"angle":22.5,"axis":"y","origin":[12.024432,7.7372003,6.9562874]},"faces":{"down":{"uv":[10.0,10.0,9.0,11.0],"rotation":0,"texture":"#2","tintindex":0},"east":{"uv":[8.0,8.5,9.0,10.0],"rotation":0,"texture":"#2","tintindex":0},"north":{"uv":[8.0,7.0,9.0,8.5],"rotation":0,"texture":"#2","tintindex":0},"south":{"uv":[9.0,7.0,10.0,8.5],"rotation":0,"texture":"#2","tintindex":0},"up":{"uv":[11.0,9.0,10.0,8.0],"rotation":0,"texture":"#2","tintindex":0},"west":{"uv":[9.0,8.5,10.0,10.0],"rotation":0,"texture":"#2","tintindex":0}}},{"name":"cube","from":[10.944432,11.4572,6.476287],"to":[11.904432,16.0172,7.436287],"rotation":{"angle":22.5,"axis":"y","origin":[12.024432,7.7372003,6.9562874]},"faces":{"down":{"uv":[11.0,10.0,10.0,11.0],"rotation":0,"texture":"#2","tintindex":0},"east":{"uv":[5.0,7.0,6.0,11.0],"rotation":0,"texture":"#2","tintindex":0},"north":{"uv":[4.0,7.0,5.0,11.0],"rotation":0,"texture":"#2","tintindex":0},"south":{"uv":[6.0,7.0,7.0,11.0],"rotation":0,"texture":"#2","tintindex":0},"up":{"uv":[11.0,10.0,10.0,9.0],"rotation":0,"texture":"#2","tintindex":0},"west":{"uv":[7.0,7.0,8.0,11.0],"rotation":0,"texture":"#2","tintindex":0}}},{"name":"cube","from":[11.784432,9.297201,7.016287],"to":[19.58443,17.6972,7.016287],"rotation":{"angle":22.5,"axis":"y","origin":[12.024432,7.7372003,6.9562874]},"faces":{"down":{"uv":[6.5,0.0,0.0,0.0],"rotation":0,"texture":"#2","tintindex":0},"east":{"uv":[0.0,0.0,0.0,7.0],"rotation":0,"texture":"#2","tintindex":0},"north":{"uv":[0.0,0.0,6.5,7.0],"rotation":0,"texture":"#2","tintindex":0},"south":{"uv":[6.5,0.0,0.0,7.0],"rotation":0,"texture":"#2","tintindex":0},"up":{"uv":[6.5,0.0,0.0,0.0],"rotation":0,"texture":"#2","tintindex":0},"west":{"uv":[0.0,0.0,0.0,7.0],"rotation":0,"texture":"#2","tintindex":0}}}],"display":{"head":{"translation":[0.0,-6.4,0.0],"rotation":[0.0,0.0,0.0],"scale":[3.8095,3.8095,3.8095]}}}