{"textures":{"0":"modelengine:entity/cointoss"},"elements":[{"name":"cube","from":[7.0936365,7.100909,11.918749],"to":[8.893637,8.900909,12.518748],"rotation":{"angle":0.0,"axis":"x","origin":[7.0936365,7.100909,11.918749]},"faces":{"down":{"uv":[8.25,3.0,7.5,3.25],"rotation":0,"texture":"#0","tintindex":0},"east":{"uv":[5.5,8.0,5.75,8.25],"rotation":0,"texture":"#0","tintindex":0},"north":{"uv":[7.5,1.75,8.25,2.0],"rotation":0,"texture":"#0","tintindex":0},"south":{"uv":[7.5,2.5,8.25,2.75],"rotation":0,"texture":"#0","tintindex":0},"up":{"uv":[8.25,3.0,7.5,2.75],"rotation":0,"texture":"#0","tintindex":0},"west":{"uv":[5.75,8.0,6.0,8.25],"rotation":0,"texture":"#0","tintindex":0}}},{"name":"cube","from":[3.4936361,7.100909,7.118748],"to":[4.093636,8.900909,8.918749],"rotation":{"angle":0.0,"axis":"x","origin":[4.093636,7.100909,7.118748]},"faces":{"down":{"uv":[8.25,3.0,7.5,3.25],"rotation":270,"texture":"#0","tintindex":0},"east":{"uv":[7.5,1.75,8.25,2.0],"rotation":0,"texture":"#0","tintindex":0},"north":{"uv":[5.75,8.0,6.0,8.25],"rotation":0,"texture":"#0","tintindex":0},"south":{"uv":[5.5,8.0,5.75,8.25],"rotation":0,"texture":"#0","tintindex":0},"up":{"uv":[8.25,3.0,7.5,2.75],"rotation":90,"texture":"#0","tintindex":0},"west":{"uv":[7.5,2.5,8.25,2.75],"rotation":0,"texture":"#0","tintindex":0}}},{"name":"cube","from":[6.9436364,7.2509093,3.818748],"to":[9.043636,8.75091,6.368748],"rotation":{"angle":0.0,"axis":"x","origin":[7.6936364,7.2509093,4.568748]},"faces":{"down":{"uv":[7.5,1.0,6.5,2.0],"rotation":0,"texture":"#0","tintindex":0},"east":{"uv":[7.0,5.5,8.0,5.75],"rotation":0,"texture":"#0","tintindex":0},"north":{"uv":[7.0,5.25,8.0,5.5],"rotation":0,"texture":"#0","tintindex":0},"south":{"uv":[7.0,5.75,8.0,6.0],"rotation":0,"texture":"#0","tintindex":0},"up":{"uv":[7.5,1.0,6.5,0.0],"rotation":0,"texture":"#0","tintindex":0},"west":{"uv":[7.0,6.0,8.0,6.25],"rotation":0,"texture":"#0","tintindex":0}}},{"name":"cube","from":[9.043636,7.2509093,3.968748],"to":[9.943636,8.75091,6.368748],"rotation":{"angle":0.0,"axis":"x","origin":[9.793636,7.2509093,4.568748]},"faces":{"down":{"uv":[7.0,3.5,6.5,4.5],"rotation":0,"texture":"#0","tintindex":0},"east":{"uv":[7.0,6.25,8.0,6.5],"rotation":0,"texture":"#0","tintindex":0},"north":{"uv":[7.5,4.25,8.0,4.5],"rotation":0,"texture":"#0","tintindex":0},"south":{"uv":[7.5,4.5,8.0,4.75],"rotation":0,"texture":"#0","tintindex":0},"up":{"uv":[7.0,3.5,6.5,2.5],"rotation":0,"texture":"#0","tintindex":0},"west":{"uv":[7.0,6.5,8.0,6.75],"rotation":0,"texture":"#0","tintindex":0}}},{"name":"cube","from":[9.943636,7.2509093,4.4787483],"to":[10.843636,8.75091,6.368748],"rotation":{"angle":0.0,"axis":"x","origin":[10.693636,7.2509093,4.568748]},"faces":{"down":{"uv":[7.5,2.5,7.0,3.25],"rotation":0,"texture":"#0","tintindex":0},"east":{"uv":[7.5,3.25,8.25,3.5],"rotation":0,"texture":"#0","tintindex":0},"north":{"uv":[7.5,7.0,8.0,7.25],"rotation":0,"texture":"#0","tintindex":0},"south":{"uv":[7.5,7.25,8.0,7.5],"rotation":0,"texture":"#0","tintindex":0},"up":{"uv":[7.5,7.75,7.0,7.0],"rotation":0,"texture":"#0","tintindex":0},"west":{"uv":[7.5,3.5,8.25,3.75],"rotation":0,"texture":"#0","tintindex":0}}},{"name":"cube","from":[10.843636,7.2509093,5.3187485],"to":[11.683637,8.75091,6.368748],"rotation":{"angle":0.0,"axis":"x","origin":[11.5936365,7.2509093,4.568748]},"faces":{"down":{"uv":[8.0,0.0,7.5,0.5],"rotation":0,"texture":"#0","tintindex":0},"east":{"uv":[0.0,8.0,0.5,8.25],"rotation":0,"texture":"#0","tintindex":0},"north":{"uv":[7.0,7.75,7.5,8.0],"rotation":0,"texture":"#0","tintindex":0},"south":{"uv":[0.5,8.0,1.0,8.25],"rotation":0,"texture":"#0","tintindex":0},"up":{"uv":[8.0,8.0,7.5,7.5],"rotation":0,"texture":"#0","tintindex":0},"west":{"uv":[1.0,8.0,1.5,8.25],"rotation":0,"texture":"#0","tintindex":0}}},{"name":"cube","from":[6.0436363,7.2509093,3.968748],"to":[6.9436364,8.75091,6.368748],"rotation":{"angle":0.0,"axis":"x","origin":[6.1936364,7.2509093,4.568748]},"faces":{"down":{"uv":[7.0,5.5,6.5,6.5],"rotation":0,"texture":"#0","tintindex":0},"east":{"uv":[7.0,6.75,8.0,7.0],"rotation":0,"texture":"#0","tintindex":0},"north":{"uv":[1.5,8.0,2.0,8.25],"rotation":0,"texture":"#0","tintindex":0},"south":{"uv":[2.0,8.0,2.5,8.25],"rotation":0,"texture":"#0","tintindex":0},"up":{"uv":[7.0,5.5,6.5,4.5],"rotation":0,"texture":"#0","tintindex":0},"west":{"uv":[7.5,0.5,8.5,0.75],"rotation":0,"texture":"#0","tintindex":0}}},{"name":"cube","from":[5.143636,7.2509093,4.4787483],"to":[6.0436363,8.75091,6.368748],"rotation":{"angle":0.0,"axis":"x","origin":[5.2936363,7.2509093,4.568748]},"faces":{"down":{"uv":[7.5,4.0,7.0,4.75],"rotation":0,"texture":"#0","tintindex":0},"east":{"uv":[7.5,3.75,8.25,4.0],"rotation":0,"texture":"#0","tintindex":0},"north":{"uv":[2.5,8.0,3.0,8.25],"rotation":0,"texture":"#0","tintindex":0},"south":{"uv":[3.0,8.0,3.5,8.25],"rotation":0,"texture":"#0","tintindex":0},"up":{"uv":[7.5,4.0,7.0,3.25],"rotation":0,"texture":"#0","tintindex":0},"west":{"uv":[7.5,4.0,8.25,4.25],"rotation":0,"texture":"#0","tintindex":0}}},{"name":"cube","from":[4.303636,7.2509093,5.3187485],"to":[5.143636,8.75091,6.368748],"rotation":{"angle":0.0,"axis":"x","origin":[4.393636,7.2509093,4.568748]},"faces":{"down":{"uv":[8.0,1.25,7.5,1.75],"rotation":0,"texture":"#0","tintindex":0},"east":{"uv":[4.0,8.0,4.5,8.25],"rotation":0,"texture":"#0","tintindex":0},"north":{"uv":[3.5,8.0,4.0,8.25],"rotation":0,"texture":"#0","tintindex":0},"south":{"uv":[4.5,8.0,5.0,8.25],"rotation":0,"texture":"#0","tintindex":0},"up":{"uv":[8.0,1.25,7.5,0.75],"rotation":0,"texture":"#0","tintindex":0},"west":{"uv":[5.0,8.0,5.5,8.25],"rotation":0,"texture":"#0","tintindex":0}}},{"name":"cube","from":[3.943636,7.2509093,6.368748],"to":[12.043636,8.75091,9.638748],"rotation":{"angle":0.0,"axis":"x","origin":[7.6936364,7.2509093,8.318748]},"faces":{"down":{"uv":[7.0,6.5,3.5,8.0],"rotation":0,"texture":"#0","tintindex":0},"east":{"uv":[7.0,4.75,8.5,5.0],"rotation":0,"texture":"#0","tintindex":0},"north":{"uv":[6.5,2.0,10.0,2.25],"rotation":0,"texture":"#0","tintindex":0},"south":{"uv":[6.5,2.25,10.0,2.5],"rotation":0,"texture":"#0","tintindex":0},"up":{"uv":[3.5,8.0,0.0,6.5],"rotation":0,"texture":"#0","tintindex":0},"west":{"uv":[7.0,5.0,8.5,5.25],"rotation":0,"texture":"#0","tintindex":0}}},{"name":"cube","from":[4.093636,7.610909,4.118748],"to":[11.893636,8.810909,11.918749],"rotation":{"angle":0.0,"axis":"x","origin":[7.6936364,7.100909,8.318748]},"faces":{"down":{"uv":[3.25,3.25,0.0,6.5],"rotation":0,"texture":"#0","tintindex":0},"east":{"uv":[0.0,0.0,3.25,0.0],"rotation":0,"texture":"#0","tintindex":0},"north":{"uv":[0.0,0.0,3.25,0.0],"rotation":0,"texture":"#0","tintindex":0},"south":{"uv":[0.0,0.0,3.25,0.0],"rotation":0,"texture":"#0","tintindex":0},"up":{"uv":[6.5,15.0,2.0,10.25],"rotation":0,"texture":"#0","tintindex":0},"west":{"uv":[0.0,0.0,3.25,0.0],"rotation":0,"texture":"#0","tintindex":0}}},{"name":"cube","from":[4.093636,7.160909,4.118748],"to":[11.893636,8.3609085,11.918749],"rotation":{"angle":0.0,"axis":"x","origin":[7.6936364,6.6509094,8.318748]},"faces":{"down":{"uv":[15.5,10.75,10.5,15.75],"rotation":0,"texture":"#0","tintindex":0},"east":{"uv":[0.0,0.0,3.25,0.0],"rotation":0,"texture":"#0","tintindex":0},"north":{"uv":[0.0,0.0,3.25,0.0],"rotation":0,"texture":"#0","tintindex":0},"south":{"uv":[0.0,0.0,3.25,0.0],"rotation":0,"texture":"#0","tintindex":0},"up":{"uv":[6.5,6.5,3.25,3.25],"rotation":0,"texture":"#0","tintindex":0},"west":{"uv":[0.0,0.0,3.25,0.0],"rotation":0,"texture":"#0","tintindex":0}}},{"name":"cube","from":[5.523246,7.100909,11.96442],"to":[7.3232465,8.900909,12.564421],"rotation":{"angle":-22.5,"axis":"y","origin":[7.3232465,7.100909,11.96442]},"faces":{"down":{"uv":[7.5,3.0,8.25,3.25],"rotation":0,"texture":"#0","tintindex":0},"east":{"uv":[6.0,8.0,5.75,8.25],"rotation":0,"texture":"#0","tintindex":0},"north":{"uv":[8.25,1.75,7.5,2.0],"rotation":0,"texture":"#0","tintindex":0},"south":{"uv":[8.25,2.5,7.5,2.75],"rotation":0,"texture":"#0","tintindex":0},"up":{"uv":[7.5,3.0,8.25,2.75],"rotation":0,"texture":"#0","tintindex":0},"west":{"uv":[5.75,8.0,5.5,8.25],"rotation":0,"texture":"#0","tintindex":0}}},{"name":"cube","from":[3.4479637,7.100909,5.548358],"to":[4.047964,8.900909,7.348358],"rotation":{"angle":-22.5,"axis":"y","origin":[4.047964,7.100909,7.348358]},"faces":{"down":{"uv":[7.5,3.0,8.25,3.25],"rotation":270,"texture":"#0","tintindex":0},"east":{"uv":[8.25,1.75,7.5,2.0],"rotation":0,"texture":"#0","tintindex":0},"north":{"uv":[5.75,8.0,5.5,8.25],"rotation":0,"texture":"#0","tintindex":0},"south":{"uv":[6.0,8.0,5.75,8.25],"rotation":0,"texture":"#0","tintindex":0},"up":{"uv":[7.5,3.0,8.25,2.75],"rotation":90,"texture":"#0","tintindex":0},"west":{"uv":[8.25,2.5,7.5,2.75],"rotation":0,"texture":"#0","tintindex":0}}},{"name":"cube","from":[4.054917,7.100909,11.405654],"to":[5.854917,8.900909,12.005654],"rotation":{"angle":-45.0,"axis":"y","origin":[5.854917,7.100909,11.405654]},"faces":{"down":{"uv":[7.5,3.0,8.25,3.25],"rotation":0,"texture":"#0","tintindex":0},"east":{"uv":[6.0,8.0,5.75,8.25],"rotation":0,"texture":"#0","tintindex":0},"north":{"uv":[8.25,1.75,7.5,2.0],"rotation":0,"texture":"#0","tintindex":0},"south":{"uv":[8.25,2.5,7.5,2.75],"rotation":0,"texture":"#0","tintindex":0},"up":{"uv":[7.5,3.0,8.25,2.75],"rotation":0,"texture":"#0","tintindex":0},"west":{"uv":[5.75,8.0,5.5,8.25],"rotation":0,"texture":"#0","tintindex":0}}},{"name":"cube","from":[10.132355,7.100909,11.405654],"to":[11.932356,8.900909,12.005654],"rotation":{"angle":45.0,"axis":"y","origin":[10.132355,7.100909,11.405654]},"faces":{"down":{"uv":[8.25,3.0,7.5,3.25],"rotation":0,"texture":"#0","tintindex":0},"east":{"uv":[5.5,8.0,5.75,8.25],"rotation":0,"texture":"#0","tintindex":0},"north":{"uv":[7.5,1.75,8.25,2.0],"rotation":0,"texture":"#0","tintindex":0},"south":{"uv":[7.5,2.5,8.25,2.75],"rotation":0,"texture":"#0","tintindex":0},"up":{"uv":[8.25,3.0,7.5,2.75],"rotation":0,"texture":"#0","tintindex":0},"west":{"uv":[5.75,8.0,6.0,8.25],"rotation":0,"texture":"#0","tintindex":0}}},{"name":"cube","from":[8.664026,7.100909,11.96442],"to":[10.464026,8.900909,12.564421],"rotation":{"angle":22.5,"axis":"y","origin":[8.664026,7.100909,11.96442]},"faces":{"down":{"uv":[8.25,3.0,7.5,3.25],"rotation":0,"texture":"#0","tintindex":0},"east":{"uv":[5.5,8.0,5.75,8.25],"rotation":0,"texture":"#0","tintindex":0},"north":{"uv":[7.5,1.75,8.25,2.0],"rotation":0,"texture":"#0","tintindex":0},"south":{"uv":[7.5,2.5,8.25,2.75],"rotation":0,"texture":"#0","tintindex":0},"up":{"uv":[8.25,3.0,7.5,2.75],"rotation":0,"texture":"#0","tintindex":0},"west":{"uv":[5.75,8.0,6.0,8.25],"rotation":0,"texture":"#0","tintindex":0}}},{"name":"cube","from":[3.4479637,7.100909,8.689138],"to":[4.047964,8.900909,10.489138],"rotation":{"angle":22.5,"axis":"y","origin":[4.047964,7.100909,8.689138]},"faces":{"down":{"uv":[8.25,3.0,7.5,3.25],"rotation":270,"texture":"#0","tintindex":0},"east":{"uv":[7.5,1.75,8.25,2.0],"rotation":0,"texture":"#0","tintindex":0},"north":{"uv":[5.75,8.0,6.0,8.25],"rotation":0,"texture":"#0","tintindex":0},"south":{"uv":[5.5,8.0,5.75,8.25],"rotation":0,"texture":"#0","tintindex":0},"up":{"uv":[8.25,3.0,7.5,2.75],"rotation":90,"texture":"#0","tintindex":0},"west":{"uv":[7.5,2.5,8.25,2.75],"rotation":0,"texture":"#0","tintindex":0}}},{"name":"cube","from":[10.132355,7.100909,3.9826312],"to":[11.932356,8.900909,4.582631],"rotation":{"angle":-45.0,"axis":"y","origin":[10.132355,7.100909,4.582631]},"faces":{"down":{"uv":[8.25,3.25,7.5,3.0],"rotation":0,"texture":"#0","tintindex":0},"east":{"uv":[5.75,8.0,5.5,8.25],"rotation":0,"texture":"#0","tintindex":0},"north":{"uv":[8.25,2.5,7.5,2.75],"rotation":0,"texture":"#0","tintindex":0},"south":{"uv":[8.25,1.75,7.5,2.0],"rotation":0,"texture":"#0","tintindex":0},"up":{"uv":[8.25,2.75,7.5,3.0],"rotation":0,"texture":"#0","tintindex":0},"west":{"uv":[6.0,8.0,5.75,8.25],"rotation":0,"texture":"#0","tintindex":0}}},{"name":"cube","from":[8.664026,7.100909,3.4238648],"to":[10.464026,8.900909,4.0238647],"rotation":{"angle":-22.5,"axis":"y","origin":[8.664026,7.100909,4.0238647]},"faces":{"down":{"uv":[8.25,3.25,7.5,3.0],"rotation":0,"texture":"#0","tintindex":0},"east":{"uv":[5.75,8.0,5.5,8.25],"rotation":0,"texture":"#0","tintindex":0},"north":{"uv":[8.25,2.5,7.5,2.75],"rotation":0,"texture":"#0","tintindex":0},"south":{"uv":[8.25,1.75,7.5,2.0],"rotation":0,"texture":"#0","tintindex":0},"up":{"uv":[8.25,2.75,7.5,3.0],"rotation":0,"texture":"#0","tintindex":0},"west":{"uv":[6.0,8.0,5.75,8.25],"rotation":0,"texture":"#0","tintindex":0}}},{"name":"cube","from":[11.98852,7.100909,8.689138],"to":[12.58852,8.900909,10.489138],"rotation":{"angle":-22.5,"axis":"y","origin":[11.98852,7.100909,8.689138]},"faces":{"down":{"uv":[8.25,3.25,7.5,3.0],"rotation":270,"texture":"#0","tintindex":0},"east":{"uv":[8.25,2.5,7.5,2.75],"rotation":0,"texture":"#0","tintindex":0},"north":{"uv":[6.0,8.0,5.75,8.25],"rotation":0,"texture":"#0","tintindex":0},"south":{"uv":[5.75,8.0,5.5,8.25],"rotation":0,"texture":"#0","tintindex":0},"up":{"uv":[8.25,2.75,7.5,3.0],"rotation":90,"texture":"#0","tintindex":0},"west":{"uv":[8.25,1.75,7.5,2.0],"rotation":0,"texture":"#0","tintindex":0}}},{"name":"cube","from":[7.0936365,7.100909,3.469537],"to":[8.893637,8.900909,4.069537],"rotation":{"angle":0.0,"axis":"x","origin":[7.0936365,7.100909,4.069537]},"faces":{"down":{"uv":[8.25,3.25,7.5,3.0],"rotation":0,"texture":"#0","tintindex":0},"east":{"uv":[5.75,8.0,5.5,8.25],"rotation":0,"texture":"#0","tintindex":0},"north":{"uv":[8.25,2.5,7.5,2.75],"rotation":0,"texture":"#0","tintindex":0},"south":{"uv":[8.25,1.75,7.5,2.0],"rotation":0,"texture":"#0","tintindex":0},"up":{"uv":[8.25,2.75,7.5,3.0],"rotation":0,"texture":"#0","tintindex":0},"west":{"uv":[6.0,8.0,5.75,8.25],"rotation":0,"texture":"#0","tintindex":0}}},{"name":"cube","from":[11.942847,7.100909,7.118748],"to":[12.542848,8.900909,8.918749],"rotation":{"angle":0.0,"axis":"x","origin":[11.942847,7.100909,7.118748]},"faces":{"down":{"uv":[8.25,3.25,7.5,3.0],"rotation":270,"texture":"#0","tintindex":0},"east":{"uv":[8.25,2.5,7.5,2.75],"rotation":0,"texture":"#0","tintindex":0},"north":{"uv":[6.0,8.0,5.75,8.25],"rotation":0,"texture":"#0","tintindex":0},"south":{"uv":[5.75,8.0,5.5,8.25],"rotation":0,"texture":"#0","tintindex":0},"up":{"uv":[8.25,2.75,7.5,3.0],"rotation":90,"texture":"#0","tintindex":0},"west":{"uv":[8.25,1.75,7.5,2.0],"rotation":0,"texture":"#0","tintindex":0}}},{"name":"cube","from":[5.523246,7.100909,3.4238648],"to":[7.3232465,8.900909,4.0238647],"rotation":{"angle":22.5,"axis":"y","origin":[7.3232465,7.100909,4.0238647]},"faces":{"down":{"uv":[7.5,3.25,8.25,3.0],"rotation":0,"texture":"#0","tintindex":0},"east":{"uv":[5.75,8.0,6.0,8.25],"rotation":0,"texture":"#0","tintindex":0},"north":{"uv":[7.5,2.5,8.25,2.75],"rotation":0,"texture":"#0","tintindex":0},"south":{"uv":[7.5,1.75,8.25,2.0],"rotation":0,"texture":"#0","tintindex":0},"up":{"uv":[7.5,2.75,8.25,3.0],"rotation":0,"texture":"#0","tintindex":0},"west":{"uv":[5.5,8.0,5.75,8.25],"rotation":0,"texture":"#0","tintindex":0}}},{"name":"cube","from":[11.98852,7.100909,5.548358],"to":[12.58852,8.900909,7.348358],"rotation":{"angle":22.5,"axis":"y","origin":[11.98852,7.100909,7.348358]},"faces":{"down":{"uv":[7.5,3.25,8.25,3.0],"rotation":270,"texture":"#0","tintindex":0},"east":{"uv":[7.5,2.5,8.25,2.75],"rotation":0,"texture":"#0","tintindex":0},"north":{"uv":[5.5,8.0,5.75,8.25],"rotation":0,"texture":"#0","tintindex":0},"south":{"uv":[5.75,8.0,6.0,8.25],"rotation":0,"texture":"#0","tintindex":0},"up":{"uv":[7.5,2.75,8.25,3.0],"rotation":90,"texture":"#0","tintindex":0},"west":{"uv":[7.5,1.75,8.25,2.0],"rotation":0,"texture":"#0","tintindex":0}}},{"name":"cube","from":[4.054917,7.100909,3.9826312],"to":[5.854917,8.900909,4.582631],"rotation":{"angle":45.0,"axis":"y","origin":[5.854917,7.100909,4.582631]},"faces":{"down":{"uv":[7.5,3.25,8.25,3.0],"rotation":0,"texture":"#0","tintindex":0},"east":{"uv":[5.75,8.0,6.0,8.25],"rotation":0,"texture":"#0","tintindex":0},"north":{"uv":[7.5,2.5,8.25,2.75],"rotation":0,"texture":"#0","tintindex":0},"south":{"uv":[7.5,1.75,8.25,2.0],"rotation":0,"texture":"#0","tintindex":0},"up":{"uv":[7.5,2.75,8.25,3.0],"rotation":0,"texture":"#0","tintindex":0},"west":{"uv":[5.5,8.0,5.75,8.25],"rotation":0,"texture":"#0","tintindex":0}}},{"name":"cube","from":[9.073637,7.2509093,9.638748],"to":[9.973637,8.75091,12.038749],"rotation":{"angle":0.0,"axis":"x","origin":[9.823637,7.2509093,11.438748]},"faces":{"down":{"uv":[7.0,4.5,6.5,3.5],"rotation":0,"texture":"#0","tintindex":0},"east":{"uv":[8.0,6.25,7.0,6.5],"rotation":0,"texture":"#0","tintindex":0},"north":{"uv":[8.0,4.5,7.5,4.75],"rotation":0,"texture":"#0","tintindex":0},"south":{"uv":[8.0,4.25,7.5,4.5],"rotation":0,"texture":"#0","tintindex":0},"up":{"uv":[7.0,2.5,6.5,3.5],"rotation":0,"texture":"#0","tintindex":0},"west":{"uv":[8.0,6.5,7.0,6.75],"rotation":0,"texture":"#0","tintindex":0}}},{"name":"cube","from":[9.973637,7.2509093,9.638748],"to":[10.873636,8.75091,11.5287485],"rotation":{"angle":0.0,"axis":"x","origin":[10.723637,7.2509093,11.438748]},"faces":{"down":{"uv":[7.5,3.25,7.0,2.5],"rotation":0,"texture":"#0","tintindex":0},"east":{"uv":[8.25,3.25,7.5,3.5],"rotation":0,"texture":"#0","tintindex":0},"north":{"uv":[8.0,7.25,7.5,7.5],"rotation":0,"texture":"#0","tintindex":0},"south":{"uv":[8.0,7.0,7.5,7.25],"rotation":0,"texture":"#0","tintindex":0},"up":{"uv":[7.5,7.0,7.0,7.75],"rotation":0,"texture":"#0","tintindex":0},"west":{"uv":[8.25,3.5,7.5,3.75],"rotation":0,"texture":"#0","tintindex":0}}},{"name":"cube","from":[10.873636,7.2509093,9.638748],"to":[11.713636,8.75091,10.688748],"rotation":{"angle":0.0,"axis":"x","origin":[11.623637,7.2509093,11.438748]},"faces":{"down":{"uv":[8.0,0.5,7.5,0.0],"rotation":0,"texture":"#0","tintindex":0},"east":{"uv":[0.5,8.0,0.0,8.25],"rotation":0,"texture":"#0","tintindex":0},"north":{"uv":[1.0,8.0,0.5,8.25],"rotation":0,"texture":"#0","tintindex":0},"south":{"uv":[7.5,7.75,7.0,8.0],"rotation":0,"texture":"#0","tintindex":0},"up":{"uv":[8.0,7.5,7.5,8.0],"rotation":0,"texture":"#0","tintindex":0},"west":{"uv":[1.5,8.0,1.0,8.25],"rotation":0,"texture":"#0","tintindex":0}}},{"name":"cube","from":[6.9736366,7.2509093,9.638748],"to":[9.073637,8.75091,12.188748],"rotation":{"angle":0.0,"axis":"x","origin":[7.723636,7.2509093,11.438748]},"faces":{"down":{"uv":[7.5,2.0,6.5,1.0],"rotation":0,"texture":"#0","tintindex":0},"east":{"uv":[8.0,5.5,7.0,5.75],"rotation":0,"texture":"#0","tintindex":0},"north":{"uv":[8.0,5.75,7.0,6.0],"rotation":0,"texture":"#0","tintindex":0},"south":{"uv":[8.0,5.25,7.0,5.5],"rotation":0,"texture":"#0","tintindex":0},"up":{"uv":[7.5,0.0,6.5,1.0],"rotation":0,"texture":"#0","tintindex":0},"west":{"uv":[8.0,6.0,7.0,6.25],"rotation":0,"texture":"#0","tintindex":0}}},{"name":"cube","from":[6.073636,7.2509093,9.638748],"to":[6.9736366,8.75091,12.038749],"rotation":{"angle":0.0,"axis":"x","origin":[6.2236366,7.2509093,11.438748]},"faces":{"down":{"uv":[7.0,6.5,6.5,5.5],"rotation":0,"texture":"#0","tintindex":0},"east":{"uv":[8.0,6.75,7.0,7.0],"rotation":0,"texture":"#0","tintindex":0},"north":{"uv":[2.5,8.0,2.0,8.25],"rotation":0,"texture":"#0","tintindex":0},"south":{"uv":[2.0,8.0,1.5,8.25],"rotation":0,"texture":"#0","tintindex":0},"up":{"uv":[7.0,4.5,6.5,5.5],"rotation":0,"texture":"#0","tintindex":0},"west":{"uv":[8.5,0.5,7.5,0.75],"rotation":0,"texture":"#0","tintindex":0}}},{"name":"cube","from":[5.1736364,7.2509093,9.638748],"to":[6.073636,8.75091,11.5287485],"rotation":{"angle":0.0,"axis":"x","origin":[5.323636,7.2509093,11.438748]},"faces":{"down":{"uv":[7.5,4.75,7.0,4.0],"rotation":0,"texture":"#0","tintindex":0},"east":{"uv":[8.25,3.75,7.5,4.0],"rotation":0,"texture":"#0","tintindex":0},"north":{"uv":[3.5,8.0,3.0,8.25],"rotation":0,"texture":"#0","tintindex":0},"south":{"uv":[3.0,8.0,2.5,8.25],"rotation":0,"texture":"#0","tintindex":0},"up":{"uv":[7.5,3.25,7.0,4.0],"rotation":0,"texture":"#0","tintindex":0},"west":{"uv":[8.25,4.0,7.5,4.25],"rotation":0,"texture":"#0","tintindex":0}}},{"name":"cube","from":[4.3336363,7.2509093,9.638748],"to":[5.1736364,8.75091,10.688748],"rotation":{"angle":0.0,"axis":"x","origin":[4.4236364,7.2509093,11.438748]},"faces":{"down":{"uv":[8.0,1.75,7.5,1.25],"rotation":0,"texture":"#0","tintindex":0},"east":{"uv":[4.5,8.0,4.0,8.25],"rotation":0,"texture":"#0","tintindex":0},"north":{"uv":[5.0,8.0,4.5,8.25],"rotation":0,"texture":"#0","tintindex":0},"south":{"uv":[4.0,8.0,3.5,8.25],"rotation":0,"texture":"#0","tintindex":0},"up":{"uv":[8.0,0.75,7.5,1.25],"rotation":0,"texture":"#0","tintindex":0},"west":{"uv":[5.5,8.0,5.0,8.25],"rotation":0,"texture":"#0","tintindex":0}}}],"display":{"head":{"translation":[0.0,-6.4,0.0],"rotation":[0.0,0.0,0.0],"scale":[3.8095,3.8095,3.8095]}}}