{"textures":{"0":"modelengine:entity/lime_crewmate_texture"},"elements":[{"name":"left_hand","from":[6.8,5.6,6.8],"to":[8.0,8.0,9.8],"rotation":{"angle":0.0,"axis":"x","origin":[8.0,8.0,8.0]},"faces":{"down":{"uv":[2.5,9.5,3.0,10.75],"rotation":0,"texture":"#0","tintindex":0},"east":{"uv":[8.5,8.25,7.25,9.25],"rotation":0,"texture":"#0","tintindex":0},"north":{"uv":[3.75,9.5,3.25,10.5],"rotation":0,"texture":"#0","tintindex":0},"south":{"uv":[7.5,9.5,7.0,10.5],"rotation":0,"texture":"#0","tintindex":0},"up":{"uv":[6.25,10.5,6.75,9.25],"rotation":0,"texture":"#0","tintindex":0},"west":{"uv":[9.5,6.0,8.25,7.0],"rotation":0,"texture":"#0","tintindex":0}}},{"name":"left_hand_outline","from":[8.18,8.18,9.98],"to":[6.62,5.42,6.62],"rotation":{"angle":0.0,"axis":"x","origin":[8.0,8.0,8.0]},"faces":{"down":{"uv":[10.75,0.5,10.75,0.5],"rotation":180,"texture":"#0","tintindex":0},"east":{"uv":[10.75,0.5,10.75,0.5],"rotation":180,"texture":"#0","tintindex":0},"north":{"uv":[10.75,0.5,10.75,0.5],"rotation":180,"texture":"#0","tintindex":0},"south":{"uv":[10.75,0.5,10.75,0.5],"rotation":180,"texture":"#0","tintindex":0},"up":{"uv":[10.75,0.5,10.75,0.5],"rotation":180,"texture":"#0","tintindex":0},"west":{"uv":[10.75,0.5,10.75,0.5],"rotation":180,"texture":"#0","tintindex":0}}}],"display":{"head":{"translation":[0.0,-6.4,0.0],"rotation":[0.0,0.0,0.0],"scale":[3.8095,3.8095,3.8095]}}}