{"textures":{"0":"modelengine:entity/lime_crewmate_texture"},"elements":[{"name":"right_leg","from":[6.815,5.315,6.815],"to":[9.185,8.285,9.185],"rotation":{"angle":0.0,"axis":"x","origin":[8.0,6.8,8.0]},"faces":{"down":{"uv":[2.25,9.5,1.25,10.5],"rotation":0,"texture":"#0","tintindex":0},"east":{"uv":[8.75,8.75,9.75,10.0],"rotation":0,"texture":"#0","tintindex":0},"north":{"uv":[8.75,7.25,9.75,8.5],"rotation":0,"texture":"#0","tintindex":0},"south":{"uv":[9.25,0.0,10.25,1.25],"rotation":0,"texture":"#0","tintindex":0},"up":{"uv":[1.0,10.5,0.0,9.5],"rotation":0,"texture":"#0","tintindex":0},"west":{"uv":[5.0,9.25,6.0,10.5],"rotation":0,"texture":"#0","tintindex":0}}},{"name":"right_leg_outline","from":[9.38,8.48,9.38],"to":[6.62,5.12,6.62],"rotation":{"angle":0.0,"axis":"x","origin":[8.0,6.8,8.0]},"faces":{"down":{"uv":[0.0,0.0,0.0,0.0],"rotation":180,"texture":"#0","tintindex":0},"east":{"uv":[10.75,0.5,10.75,0.5],"rotation":180,"texture":"#0","tintindex":0},"north":{"uv":[10.75,0.5,10.75,0.5],"rotation":180,"texture":"#0","tintindex":0},"south":{"uv":[10.75,0.5,10.75,0.5],"rotation":180,"texture":"#0","tintindex":0},"up":{"uv":[10.75,0.5,10.75,0.5],"rotation":180,"texture":"#0","tintindex":0},"west":{"uv":[10.75,0.5,10.75,0.5],"rotation":180,"texture":"#0","tintindex":0}}}],"display":{"head":{"translation":[0.0,-6.4,0.0],"rotation":[0.0,0.0,0.0],"scale":[3.8095,3.8095,3.8095]}}}