{
	"credit": "Made with Blockbench",
	"texture_size": [64, 64],
	"textures": {
		"0": "modelengine:entity/cointoss"
	},
	"elements": [
		{
			"from": [7.3526, 7.35779, 10.79911],
			"to": [8.63831, 8.64351, 11.22768],
			"rotation": {"angle": 0, "axis": "x", "origin": [7.3526, 7.35779, 10.79911]},
			"faces": {
				"north": {"uv": [7.5, 1.75, 8.25, 2], "texture": "#0"},
				"east": {"uv": [5.5, 8, 5.75, 8.25], "texture": "#0"},
				"south": {"uv": [7.5, 2.5, 8.25, 2.75], "texture": "#0"},
				"west": {"uv": [5.75, 8, 6, 8.25], "texture": "#0"},
				"up": {"uv": [8.25, 3, 7.5, 2.75], "texture": "#0"},
				"down": {"uv": [7.5, 3, 8.25, 3.25], "texture": "#0"}
			}
		},
		{
			"from": [4.76359, 7.35779, 7.35296],
			"to": [5.19216, 8.64351, 8.63867],
			"rotation": {"angle": 0, "axis": "x", "origin": [5.19216, 7.35779, 7.35296]},
			"faces": {
				"north": {"uv": [5.75, 8, 6, 8.25], "texture": "#0"},
				"east": {"uv": [7.5, 1.75, 8.25, 2], "texture": "#0"},
				"south": {"uv": [5.5, 8, 5.75, 8.25], "texture": "#0"},
				"west": {"uv": [7.5, 2.5, 8.25, 2.75], "texture": "#0"},
				"up": {"uv": [8.25, 3, 7.5, 2.75], "rotation": 90, "texture": "#0"},
				"down": {"uv": [7.5, 3, 8.25, 3.25], "rotation": 270, "texture": "#0"}
			}
		},
		{
			"from": [7.24546, 7.46494, 5.01339],
			"to": [8.74546, 8.53636, 6.83482],
			"rotation": {"angle": 0, "axis": "x", "origin": [7.78117, 7.46494, 5.54911]},
			"faces": {
				"north": {"uv": [7, 5.25, 8, 5.5], "texture": "#0"},
				"east": {"uv": [7, 5.5, 8, 5.75], "texture": "#0"},
				"south": {"uv": [7, 5.75, 8, 6], "texture": "#0"},
				"west": {"uv": [7, 6, 8, 6.25], "texture": "#0"},
				"up": {"uv": [7.5, 1, 6.5, 0], "texture": "#0"},
				"down": {"uv": [6.5, 1, 7.5, 2], "texture": "#0"}
			}
		},
		{
			"from": [8.74546, 7.46494, 5.12053],
			"to": [9.38831, 8.53636, 6.83482],
			"rotation": {"angle": 0, "axis": "x", "origin": [9.28117, 7.46494, 5.54911]},
			"faces": {
				"north": {"uv": [7.5, 4.25, 8, 4.5], "texture": "#0"},
				"east": {"uv": [7, 6.25, 8, 6.5], "texture": "#0"},
				"south": {"uv": [7.5, 4.5, 8, 4.75], "texture": "#0"},
				"west": {"uv": [7, 6.5, 8, 6.75], "texture": "#0"},
				"up": {"uv": [7, 3.5, 6.5, 2.5], "texture": "#0"},
				"down": {"uv": [6.5, 3.5, 7, 4.5], "texture": "#0"}
			}
		},
		{
			"from": [9.38831, 7.46494, 5.48482],
			"to": [10.03117, 8.53636, 6.83482],
			"rotation": {"angle": 0, "axis": "x", "origin": [9.92403, 7.46494, 5.54911]},
			"faces": {
				"north": {"uv": [7.5, 7, 8, 7.25], "texture": "#0"},
				"east": {"uv": [7.5, 3.25, 8.25, 3.5], "texture": "#0"},
				"south": {"uv": [7.5, 7.25, 8, 7.5], "texture": "#0"},
				"west": {"uv": [7.5, 3.5, 8.25, 3.75], "texture": "#0"},
				"up": {"uv": [7.5, 7.75, 7, 7], "texture": "#0"},
				"down": {"uv": [7, 2.5, 7.5, 3.25], "texture": "#0"}
			}
		},
		{
			"from": [10.03117, 7.46494, 6.08482],
			"to": [10.63117, 8.53636, 6.83482],
			"rotation": {"angle": 0, "axis": "x", "origin": [10.56688, 7.46494, 5.54911]},
			"faces": {
				"north": {"uv": [7, 7.75, 7.5, 8], "texture": "#0"},
				"east": {"uv": [0, 8, 0.5, 8.25], "texture": "#0"},
				"south": {"uv": [0.5, 8, 1, 8.25], "texture": "#0"},
				"west": {"uv": [1, 8, 1.5, 8.25], "texture": "#0"},
				"up": {"uv": [8, 8, 7.5, 7.5], "texture": "#0"},
				"down": {"uv": [7.5, 0, 8, 0.5], "texture": "#0"}
			}
		},
		{
			"from": [6.6026, 7.46494, 5.12053],
			"to": [7.24546, 8.53636, 6.83482],
			"rotation": {"angle": 0, "axis": "x", "origin": [6.70974, 7.46494, 5.54911]},
			"faces": {
				"north": {"uv": [1.5, 8, 2, 8.25], "texture": "#0"},
				"east": {"uv": [7, 6.75, 8, 7], "texture": "#0"},
				"south": {"uv": [2, 8, 2.5, 8.25], "texture": "#0"},
				"west": {"uv": [7.5, 0.5, 8.5, 0.75], "texture": "#0"},
				"up": {"uv": [7, 5.5, 6.5, 4.5], "texture": "#0"},
				"down": {"uv": [6.5, 5.5, 7, 6.5], "texture": "#0"}
			}
		},
		{
			"from": [5.95974, 7.46494, 5.48482],
			"to": [6.6026, 8.53636, 6.83482],
			"rotation": {"angle": 0, "axis": "x", "origin": [6.06688, 7.46494, 5.54911]},
			"faces": {
				"north": {"uv": [2.5, 8, 3, 8.25], "texture": "#0"},
				"east": {"uv": [7.5, 3.75, 8.25, 4], "texture": "#0"},
				"south": {"uv": [3, 8, 3.5, 8.25], "texture": "#0"},
				"west": {"uv": [7.5, 4, 8.25, 4.25], "texture": "#0"},
				"up": {"uv": [7.5, 4, 7, 3.25], "texture": "#0"},
				"down": {"uv": [7, 4, 7.5, 4.75], "texture": "#0"}
			}
		},
		{
			"from": [5.35974, 7.46494, 6.08482],
			"to": [5.95974, 8.53636, 6.83482],
			"rotation": {"angle": 0, "axis": "x", "origin": [5.42403, 7.46494, 5.54911]},
			"faces": {
				"north": {"uv": [3.5, 8, 4, 8.25], "texture": "#0"},
				"east": {"uv": [4, 8, 4.5, 8.25], "texture": "#0"},
				"south": {"uv": [4.5, 8, 5, 8.25], "texture": "#0"},
				"west": {"uv": [5, 8, 5.5, 8.25], "texture": "#0"},
				"up": {"uv": [8, 1.25, 7.5, 0.75], "texture": "#0"},
				"down": {"uv": [7.5, 1.25, 8, 1.75], "texture": "#0"}
			}
		},
		{
			"from": [5.1026, 7.46494, 6.83482],
			"to": [10.88831, 8.53636, 9.17053],
			"rotation": {"angle": 0, "axis": "x", "origin": [7.78117, 7.46494, 8.22768]},
			"faces": {
				"north": {"uv": [6.5, 2, 10, 2.25], "texture": "#0"},
				"east": {"uv": [7, 4.75, 8.5, 5], "texture": "#0"},
				"south": {"uv": [6.5, 2.25, 10, 2.5], "texture": "#0"},
				"west": {"uv": [7, 5, 8.5, 5.25], "texture": "#0"},
				"up": {"uv": [3.5, 8, 0, 6.5], "texture": "#0"},
				"down": {"uv": [3.5, 6.5, 7, 8], "texture": "#0"}
			}
		},
		{
			"from": [5.20974, 7.72208, 5.22768],
			"to": [10.78117, 8.57922, 10.79911],
			"rotation": {"angle": 0, "axis": "x", "origin": [7.78117, 7.35779, 8.22768]},
			"faces": {
				"north": {"uv": [0, 0, 3.25, 0], "texture": "#0"},
				"east": {"uv": [0, 0, 3.25, 0], "texture": "#0"},
				"south": {"uv": [0, 0, 3.25, 0], "texture": "#0"},
				"west": {"uv": [0, 0, 3.25, 0], "texture": "#0"},
				"up": {"uv": [6.5, 15, 2, 10.25], "texture": "#0"},
				"down": {"uv": [0, 3.25, 3.25, 6.5], "texture": "#0"}
			}
		},
		{
			"from": [5.20974, 7.40065, 5.22768],
			"to": [10.78117, 8.25779, 10.79911],
			"rotation": {"angle": 0, "axis": "x", "origin": [7.78117, 7.03636, 8.22768]},
			"faces": {
				"north": {"uv": [0, 0, 3.25, 0], "texture": "#0"},
				"east": {"uv": [0, 0, 3.25, 0], "texture": "#0"},
				"south": {"uv": [0, 0, 3.25, 0], "texture": "#0"},
				"west": {"uv": [0, 0, 3.25, 0], "texture": "#0"},
				"up": {"uv": [6.5, 6.5, 3.25, 3.25], "texture": "#0"},
				"down": {"uv": [10.5, 10.75, 15.5, 15.75], "texture": "#0"}
			}
		},
		{
			"from": [6.23089, 7.35779, 10.83173],
			"to": [7.5166, 8.64351, 11.2603],
			"rotation": {"angle": -22.5, "axis": "y", "origin": [7.5166, 7.35779, 10.83173]},
			"faces": {
				"north": {"uv": [8.25, 1.75, 7.5, 2], "texture": "#0"},
				"east": {"uv": [6, 8, 5.75, 8.25], "texture": "#0"},
				"south": {"uv": [8.25, 2.5, 7.5, 2.75], "texture": "#0"},
				"west": {"uv": [5.75, 8, 5.5, 8.25], "texture": "#0"},
				"up": {"uv": [7.5, 3, 8.25, 2.75], "texture": "#0"},
				"down": {"uv": [8.25, 3, 7.5, 3.25], "texture": "#0"}
			}
		},
		{
			"from": [4.73097, 7.35779, 6.23125],
			"to": [5.15954, 8.64351, 7.51697],
			"rotation": {"angle": -22.5, "axis": "y", "origin": [5.15954, 7.35779, 7.51697]},
			"faces": {
				"north": {"uv": [5.75, 8, 5.5, 8.25], "texture": "#0"},
				"east": {"uv": [8.25, 1.75, 7.5, 2], "texture": "#0"},
				"south": {"uv": [6, 8, 5.75, 8.25], "texture": "#0"},
				"west": {"uv": [8.25, 2.5, 7.5, 2.75], "texture": "#0"},
				"up": {"uv": [7.5, 3, 8.25, 2.75], "rotation": 90, "texture": "#0"},
				"down": {"uv": [8.25, 3, 7.5, 3.25], "rotation": 270, "texture": "#0"}
			}
		},
		{
			"from": [5.18208, 7.35779, 10.43261],
			"to": [6.4678, 8.64351, 10.86118],
			"rotation": {"angle": -45, "axis": "y", "origin": [6.4678, 7.35779, 10.43261]},
			"faces": {
				"north": {"uv": [8.25, 1.75, 7.5, 2], "texture": "#0"},
				"east": {"uv": [6, 8, 5.75, 8.25], "texture": "#0"},
				"south": {"uv": [8.25, 2.5, 7.5, 2.75], "texture": "#0"},
				"west": {"uv": [5.75, 8, 5.5, 8.25], "texture": "#0"},
				"up": {"uv": [7.5, 3, 8.25, 2.75], "texture": "#0"},
				"down": {"uv": [8.25, 3, 7.5, 3.25], "texture": "#0"}
			}
		},
		{
			"from": [9.52311, 7.35779, 10.43261],
			"to": [10.80883, 8.64351, 10.86118],
			"rotation": {"angle": 45, "axis": "y", "origin": [9.52311, 7.35779, 10.43261]},
			"faces": {
				"north": {"uv": [7.5, 1.75, 8.25, 2], "texture": "#0"},
				"east": {"uv": [5.5, 8, 5.75, 8.25], "texture": "#0"},
				"south": {"uv": [7.5, 2.5, 8.25, 2.75], "texture": "#0"},
				"west": {"uv": [5.75, 8, 6, 8.25], "texture": "#0"},
				"up": {"uv": [8.25, 3, 7.5, 2.75], "texture": "#0"},
				"down": {"uv": [7.5, 3, 8.25, 3.25], "texture": "#0"}
			}
		},
		{
			"from": [8.4743, 7.35779, 10.83173],
			"to": [9.76002, 8.64351, 11.2603],
			"rotation": {"angle": 22.5, "axis": "y", "origin": [8.4743, 7.35779, 10.83173]},
			"faces": {
				"north": {"uv": [7.5, 1.75, 8.25, 2], "texture": "#0"},
				"east": {"uv": [5.5, 8, 5.75, 8.25], "texture": "#0"},
				"south": {"uv": [7.5, 2.5, 8.25, 2.75], "texture": "#0"},
				"west": {"uv": [5.75, 8, 6, 8.25], "texture": "#0"},
				"up": {"uv": [8.25, 3, 7.5, 2.75], "texture": "#0"},
				"down": {"uv": [7.5, 3, 8.25, 3.25], "texture": "#0"}
			}
		},
		{
			"from": [4.73097, 7.35779, 8.47467],
			"to": [5.15954, 8.64351, 9.76038],
			"rotation": {"angle": 22.5, "axis": "y", "origin": [5.15954, 7.35779, 8.47467]},
			"faces": {
				"north": {"uv": [5.75, 8, 6, 8.25], "texture": "#0"},
				"east": {"uv": [7.5, 1.75, 8.25, 2], "texture": "#0"},
				"south": {"uv": [5.5, 8, 5.75, 8.25], "texture": "#0"},
				"west": {"uv": [7.5, 2.5, 8.25, 2.75], "texture": "#0"},
				"up": {"uv": [8.25, 3, 7.5, 2.75], "rotation": 90, "texture": "#0"},
				"down": {"uv": [7.5, 3, 8.25, 3.25], "rotation": 270, "texture": "#0"}
			}
		},
		{
			"from": [9.52311, 7.35779, 5.13045],
			"to": [10.80883, 8.64351, 5.55902],
			"rotation": {"angle": -45, "axis": "y", "origin": [9.52311, 7.35779, 5.55902]},
			"faces": {
				"north": {"uv": [8.25, 2.5, 7.5, 2.75], "texture": "#0"},
				"east": {"uv": [5.75, 8, 5.5, 8.25], "texture": "#0"},
				"south": {"uv": [8.25, 1.75, 7.5, 2], "texture": "#0"},
				"west": {"uv": [6, 8, 5.75, 8.25], "texture": "#0"},
				"up": {"uv": [8.25, 2.75, 7.5, 3], "texture": "#0"},
				"down": {"uv": [7.5, 3.25, 8.25, 3], "texture": "#0"}
			}
		},
		{
			"from": [8.4743, 7.35779, 4.73133],
			"to": [9.76002, 8.64351, 5.1599],
			"rotation": {"angle": -22.5, "axis": "y", "origin": [8.4743, 7.35779, 5.1599]},
			"faces": {
				"north": {"uv": [8.25, 2.5, 7.5, 2.75], "texture": "#0"},
				"east": {"uv": [5.75, 8, 5.5, 8.25], "texture": "#0"},
				"south": {"uv": [8.25, 1.75, 7.5, 2], "texture": "#0"},
				"west": {"uv": [6, 8, 5.75, 8.25], "texture": "#0"},
				"up": {"uv": [8.25, 2.75, 7.5, 3], "texture": "#0"},
				"down": {"uv": [7.5, 3.25, 8.25, 3], "texture": "#0"}
			}
		},
		{
			"from": [10.83137, 7.35779, 8.47467],
			"to": [11.25994, 8.64351, 9.76038],
			"rotation": {"angle": -22.5, "axis": "y", "origin": [10.83137, 7.35779, 8.47467]},
			"faces": {
				"north": {"uv": [6, 8, 5.75, 8.25], "texture": "#0"},
				"east": {"uv": [8.25, 2.5, 7.5, 2.75], "texture": "#0"},
				"south": {"uv": [5.75, 8, 5.5, 8.25], "texture": "#0"},
				"west": {"uv": [8.25, 1.75, 7.5, 2], "texture": "#0"},
				"up": {"uv": [8.25, 2.75, 7.5, 3], "rotation": 90, "texture": "#0"},
				"down": {"uv": [7.5, 3.25, 8.25, 3], "rotation": 270, "texture": "#0"}
			}
		},
		{
			"from": [7.3526, 7.35779, 4.76396],
			"to": [8.63831, 8.64351, 5.19253],
			"rotation": {"angle": 0, "axis": "x", "origin": [7.3526, 7.35779, 5.19253]},
			"faces": {
				"north": {"uv": [8.25, 2.5, 7.5, 2.75], "texture": "#0"},
				"east": {"uv": [5.75, 8, 5.5, 8.25], "texture": "#0"},
				"south": {"uv": [8.25, 1.75, 7.5, 2], "texture": "#0"},
				"west": {"uv": [6, 8, 5.75, 8.25], "texture": "#0"},
				"up": {"uv": [8.25, 2.75, 7.5, 3], "texture": "#0"},
				"down": {"uv": [7.5, 3.25, 8.25, 3], "texture": "#0"}
			}
		},
		{
			"from": [10.79874, 7.35779, 7.35296],
			"to": [11.22732, 8.64351, 8.63867],
			"rotation": {"angle": 0, "axis": "x", "origin": [10.79874, 7.35779, 7.35296]},
			"faces": {
				"north": {"uv": [6, 8, 5.75, 8.25], "texture": "#0"},
				"east": {"uv": [8.25, 2.5, 7.5, 2.75], "texture": "#0"},
				"south": {"uv": [5.75, 8, 5.5, 8.25], "texture": "#0"},
				"west": {"uv": [8.25, 1.75, 7.5, 2], "texture": "#0"},
				"up": {"uv": [8.25, 2.75, 7.5, 3], "rotation": 90, "texture": "#0"},
				"down": {"uv": [7.5, 3.25, 8.25, 3], "rotation": 270, "texture": "#0"}
			}
		},
		{
			"from": [6.23089, 7.35779, 4.73133],
			"to": [7.5166, 8.64351, 5.1599],
			"rotation": {"angle": 22.5, "axis": "y", "origin": [7.5166, 7.35779, 5.1599]},
			"faces": {
				"north": {"uv": [7.5, 2.5, 8.25, 2.75], "texture": "#0"},
				"east": {"uv": [5.75, 8, 6, 8.25], "texture": "#0"},
				"south": {"uv": [7.5, 1.75, 8.25, 2], "texture": "#0"},
				"west": {"uv": [5.5, 8, 5.75, 8.25], "texture": "#0"},
				"up": {"uv": [7.5, 2.75, 8.25, 3], "texture": "#0"},
				"down": {"uv": [8.25, 3.25, 7.5, 3], "texture": "#0"}
			}
		},
		{
			"from": [10.83137, 7.35779, 6.23125],
			"to": [11.25994, 8.64351, 7.51697],
			"rotation": {"angle": 22.5, "axis": "y", "origin": [10.83137, 7.35779, 7.51697]},
			"faces": {
				"north": {"uv": [5.5, 8, 5.75, 8.25], "texture": "#0"},
				"east": {"uv": [7.5, 2.5, 8.25, 2.75], "texture": "#0"},
				"south": {"uv": [5.75, 8, 6, 8.25], "texture": "#0"},
				"west": {"uv": [7.5, 1.75, 8.25, 2], "texture": "#0"},
				"up": {"uv": [7.5, 2.75, 8.25, 3], "rotation": 90, "texture": "#0"},
				"down": {"uv": [8.25, 3.25, 7.5, 3], "rotation": 270, "texture": "#0"}
			}
		},
		{
			"from": [5.18208, 7.35779, 5.13045],
			"to": [6.4678, 8.64351, 5.55902],
			"rotation": {"angle": 45, "axis": "y", "origin": [6.4678, 7.35779, 5.55902]},
			"faces": {
				"north": {"uv": [7.5, 2.5, 8.25, 2.75], "texture": "#0"},
				"east": {"uv": [5.75, 8, 6, 8.25], "texture": "#0"},
				"south": {"uv": [7.5, 1.75, 8.25, 2], "texture": "#0"},
				"west": {"uv": [5.5, 8, 5.75, 8.25], "texture": "#0"},
				"up": {"uv": [7.5, 2.75, 8.25, 3], "texture": "#0"},
				"down": {"uv": [8.25, 3.25, 7.5, 3], "texture": "#0"}
			}
		},
		{
			"from": [8.76688, 7.46494, 9.17053],
			"to": [9.40974, 8.53636, 10.88482],
			"rotation": {"angle": 0, "axis": "x", "origin": [9.3026, 7.46494, 10.45625]},
			"faces": {
				"north": {"uv": [8, 4.5, 7.5, 4.75], "texture": "#0"},
				"east": {"uv": [8, 6.25, 7, 6.5], "texture": "#0"},
				"south": {"uv": [8, 4.25, 7.5, 4.5], "texture": "#0"},
				"west": {"uv": [8, 6.5, 7, 6.75], "texture": "#0"},
				"up": {"uv": [7, 2.5, 6.5, 3.5], "texture": "#0"},
				"down": {"uv": [6.5, 4.5, 7, 3.5], "texture": "#0"}
			}
		},
		{
			"from": [9.40974, 7.46494, 9.17053],
			"to": [10.0526, 8.53636, 10.52053],
			"rotation": {"angle": 0, "axis": "x", "origin": [9.94546, 7.46494, 10.45625]},
			"faces": {
				"north": {"uv": [8, 7.25, 7.5, 7.5], "texture": "#0"},
				"east": {"uv": [8.25, 3.25, 7.5, 3.5], "texture": "#0"},
				"south": {"uv": [8, 7, 7.5, 7.25], "texture": "#0"},
				"west": {"uv": [8.25, 3.5, 7.5, 3.75], "texture": "#0"},
				"up": {"uv": [7.5, 7, 7, 7.75], "texture": "#0"},
				"down": {"uv": [7, 3.25, 7.5, 2.5], "texture": "#0"}
			}
		},
		{
			"from": [10.0526, 7.46494, 9.17053],
			"to": [10.6526, 8.53636, 9.92053],
			"rotation": {"angle": 0, "axis": "x", "origin": [10.58831, 7.46494, 10.45625]},
			"faces": {
				"north": {"uv": [1, 8, 0.5, 8.25], "texture": "#0"},
				"east": {"uv": [0.5, 8, 0, 8.25], "texture": "#0"},
				"south": {"uv": [7.5, 7.75, 7, 8], "texture": "#0"},
				"west": {"uv": [1.5, 8, 1, 8.25], "texture": "#0"},
				"up": {"uv": [8, 7.5, 7.5, 8], "texture": "#0"},
				"down": {"uv": [7.5, 0.5, 8, 0], "texture": "#0"}
			}
		},
		{
			"from": [7.26688, 7.46494, 9.17053],
			"to": [8.76688, 8.53636, 10.99196],
			"rotation": {"angle": 0, "axis": "x", "origin": [7.8026, 7.46494, 10.45625]},
			"faces": {
				"north": {"uv": [8, 5.75, 7, 6], "texture": "#0"},
				"east": {"uv": [8, 5.5, 7, 5.75], "texture": "#0"},
				"south": {"uv": [8, 5.25, 7, 5.5], "texture": "#0"},
				"west": {"uv": [8, 6, 7, 6.25], "texture": "#0"},
				"up": {"uv": [7.5, 0, 6.5, 1], "texture": "#0"},
				"down": {"uv": [6.5, 2, 7.5, 1], "texture": "#0"}
			}
		},
		{
			"from": [6.62403, 7.46494, 9.17053],
			"to": [7.26688, 8.53636, 10.88482],
			"rotation": {"angle": 0, "axis": "x", "origin": [6.73117, 7.46494, 10.45625]},
			"faces": {
				"north": {"uv": [2.5, 8, 2, 8.25], "texture": "#0"},
				"east": {"uv": [8, 6.75, 7, 7], "texture": "#0"},
				"south": {"uv": [2, 8, 1.5, 8.25], "texture": "#0"},
				"west": {"uv": [8.5, 0.5, 7.5, 0.75], "texture": "#0"},
				"up": {"uv": [7, 4.5, 6.5, 5.5], "texture": "#0"},
				"down": {"uv": [6.5, 6.5, 7, 5.5], "texture": "#0"}
			}
		},
		{
			"from": [5.98117, 7.46494, 9.17053],
			"to": [6.62403, 8.53636, 10.52053],
			"rotation": {"angle": 0, "axis": "x", "origin": [6.08831, 7.46494, 10.45625]},
			"faces": {
				"north": {"uv": [3.5, 8, 3, 8.25], "texture": "#0"},
				"east": {"uv": [8.25, 3.75, 7.5, 4], "texture": "#0"},
				"south": {"uv": [3, 8, 2.5, 8.25], "texture": "#0"},
				"west": {"uv": [8.25, 4, 7.5, 4.25], "texture": "#0"},
				"up": {"uv": [7.5, 3.25, 7, 4], "texture": "#0"},
				"down": {"uv": [7, 4.75, 7.5, 4], "texture": "#0"}
			}
		},
		{
			"from": [5.38117, 7.46494, 9.17053],
			"to": [5.98117, 8.53636, 9.92053],
			"rotation": {"angle": 0, "axis": "x", "origin": [5.44545, 7.46494, 10.45625]},
			"faces": {
				"north": {"uv": [5, 8, 4.5, 8.25], "texture": "#0"},
				"east": {"uv": [4.5, 8, 4, 8.25], "texture": "#0"},
				"south": {"uv": [4, 8, 3.5, 8.25], "texture": "#0"},
				"west": {"uv": [5.5, 8, 5, 8.25], "texture": "#0"},
				"up": {"uv": [8, 0.75, 7.5, 1.25], "texture": "#0"},
				"down": {"uv": [7.5, 1.75, 8, 1.25], "texture": "#0"}
			}
		}
	],
	"display": {
		"thirdperson_righthand": {
			"rotation": [101, 9, 42],
			"translation": [0, 4.5, 0],
			"scale": [2, 2, 2]
		},
		"thirdperson_lefthand": {
			"rotation": [101, 9, 42],
			"translation": [0, 4.5, 0],
			"scale": [2, 2, 2]
		},
		"firstperson_righthand": {
			"rotation": [-133, 30, 112],
			"translation": [0, 2.75, 0],
			"scale": [2, 2, 2]
		},
		"firstperson_lefthand": {
			"rotation": [-133, 21, -75],
			"translation": [0, 2.75, 0],
			"scale": [2, 2, 2]
		},
		"ground": {
			"rotation": [-56, 0, 0],
			"translation": [0, 4, 0],
			"scale": [2, 2, 2]
		},
		"gui": {
			"rotation": [49, 145, -14],
			"scale": [2, 2, 2]
		},
		"head": {
			"translation": [0, -6.4, 0],
			"scale": [3.73333, 3.73333, 3.73333]
		},
		"fixed": {
			"rotation": [-90, 0, 0],
			"translation": [0, 0, -0.75],
			"scale": [2, 2, 2]
		}
	}
}