{"data":1035,"parent":"item/generated","textures":{"layer0":"item/leather_horse_armor"},"overrides":[{"predicate":{"custom_model_data":1},"model":"modelengine:alarm_clock/clock"},{"predicate":{"custom_model_data":2},"model":"modelengine:blue_crewmate/upper_body"},{"predicate":{"custom_model_data":3},"model":"modelengine:blue_crewmate/backpack"},{"predicate":{"custom_model_data":4},"model":"modelengine:blue_crewmate/left_hand"},{"predicate":{"custom_model_data":5},"model":"modelengine:blue_crewmate/right_hand"},{"predicate":{"custom_model_data":6},"model":"modelengine:blue_crewmate/lower_body"},{"predicate":{"custom_model_data":7},"model":"modelengine:blue_crewmate/right_leg"},{"predicate":{"custom_model_data":8},"model":"modelengine:blue_crewmate/left_leg"},{"predicate":{"custom_model_data":9},"model":"modelengine:brown_crewmate/upper_body"},{"predicate":{"custom_model_data":10},"model":"modelengine:brown_crewmate/backpack"},{"predicate":{"custom_model_data":11},"model":"modelengine:brown_crewmate/left_hand"},{"predicate":{"custom_model_data":12},"model":"modelengine:brown_crewmate/right_hand"},{"predicate":{"custom_model_data":13},"model":"modelengine:brown_crewmate/lower_body"},{"predicate":{"custom_model_data":14},"model":"modelengine:brown_crewmate/right_leg"},{"predicate":{"custom_model_data":15},"model":"modelengine:brown_crewmate/left_leg"},{"predicate":{"custom_model_data":16},"model":"modelengine:cointoss/coin"},{"predicate":{"custom_model_data":17},"model":"modelengine:crate4/left_top_ear"},{"predicate":{"custom_model_data":18},"model":"modelengine:crate4/right_top_ear"},{"predicate":{"custom_model_data":19},"model":"modelengine:crate4/left_ear"},{"predicate":{"custom_model_data":20},"model":"modelengine:crate4/right_ear"},{"predicate":{"custom_model_data":21},"model":"modelengine:crate4/top"},{"predicate":{"custom_model_data":22},"model":"modelengine:crate4/key"},{"predicate":{"custom_model_data":23},"model":"modelengine:crate4/bone4"},{"predicate":{"custom_model_data":24},"model":"modelengine:crate4/bone3"},{"predicate":{"custom_model_data":25},"model":"modelengine:crate4/bone2"},{"predicate":{"custom_model_data":26},"model":"modelengine:crate4/bone"},{"predicate":{"custom_model_data":27},"model":"modelengine:crate4/crate"},{"predicate":{"custom_model_data":28},"model":"modelengine:crate5/bone6"},{"predicate":{"custom_model_data":29},"model":"modelengine:crate5/bone7"},{"predicate":{"custom_model_data":30},"model":"modelengine:crate5/bone8"},{"predicate":{"custom_model_data":31},"model":"modelengine:crate5/bone5"},{"predicate":{"custom_model_data":32},"model":"modelengine:crate5/bone10"},{"predicate":{"custom_model_data":33},"model":"modelengine:crate5/bone9"},{"predicate":{"custom_model_data":34},"model":"modelengine:crate5/bone12"},{"predicate":{"custom_model_data":35},"model":"modelengine:crate5/top"},{"predicate":{"custom_model_data":36},"model":"modelengine:crate5/bone4"},{"predicate":{"custom_model_data":37},"model":"modelengine:crate5/bone3"},{"predicate":{"custom_model_data":38},"model":"modelengine:crate5/bone2"},{"predicate":{"custom_model_data":39},"model":"modelengine:crate5/bone"},{"predicate":{"custom_model_data":40},"model":"modelengine:crate5/crate"},{"predicate":{"custom_model_data":41},"model":"modelengine:crate6/bone8"},{"predicate":{"custom_model_data":42},"model":"modelengine:crate6/bone5"},{"predicate":{"custom_model_data":43},"model":"modelengine:crate6/bone7"},{"predicate":{"custom_model_data":44},"model":"modelengine:crate6/bone6"},{"predicate":{"custom_model_data":45},"model":"modelengine:crate6/bone10"},{"predicate":{"custom_model_data":46},"model":"modelengine:crate6/bone9"},{"predicate":{"custom_model_data":47},"model":"modelengine:crate6/top"},{"predicate":{"custom_model_data":48},"model":"modelengine:crate6/bone"},{"predicate":{"custom_model_data":49},"model":"modelengine:crate6/bone2"},{"predicate":{"custom_model_data":50},"model":"modelengine:crate6/bone3"},{"predicate":{"custom_model_data":51},"model":"modelengine:crate6/bone4"},{"predicate":{"custom_model_data":52},"model":"modelengine:crate6/crate"},{"predicate":{"custom_model_data":53},"model":"modelengine:cyan_crewmate/upper_body"},{"predicate":{"custom_model_data":54},"model":"modelengine:cyan_crewmate/backpack"},{"predicate":{"custom_model_data":55},"model":"modelengine:cyan_crewmate/left_hand"},{"predicate":{"custom_model_data":56},"model":"modelengine:cyan_crewmate/right_hand"},{"predicate":{"custom_model_data":57},"model":"modelengine:cyan_crewmate/lower_body"},{"predicate":{"custom_model_data":58},"model":"modelengine:cyan_crewmate/right_leg"},{"predicate":{"custom_model_data":59},"model":"modelengine:cyan_crewmate/left_leg"},{"predicate":{"custom_model_data":60},"model":"modelengine:discord1/righth"},{"predicate":{"custom_model_data":61},"model":"modelengine:discord1/lefth"},{"predicate":{"custom_model_data":62},"model":"modelengine:discord1/body"},{"predicate":{"custom_model_data":63},"model":"modelengine:discord1/list3"},{"predicate":{"custom_model_data":64},"model":"modelengine:discord1/list2"},{"predicate":{"custom_model_data":65},"model":"modelengine:discord1/list1"},{"predicate":{"custom_model_data":66},"model":"modelengine:discord1/eyes"},{"predicate":{"custom_model_data":67},"model":"modelengine:discord1/eyes2"},{"predicate":{"custom_model_data":68},"model":"modelengine:discord1/head"},{"predicate":{"custom_model_data":69},"model":"modelengine:discord1/leftl"},{"predicate":{"custom_model_data":70},"model":"modelengine:discord1/rightl"},{"predicate":{"custom_model_data":71},"model":"modelengine:discord2/handles"},{"predicate":{"custom_model_data":72},"model":"modelengine:discord2/wingr"},{"predicate":{"custom_model_data":73},"model":"modelengine:discord2/downr"},{"predicate":{"custom_model_data":74},"model":"modelengine:discord2/topr"},{"predicate":{"custom_model_data":75},"model":"modelengine:discord2/wingl"},{"predicate":{"custom_model_data":76},"model":"modelengine:discord2/downl"},{"predicate":{"custom_model_data":77},"model":"modelengine:discord2/topl"},{"predicate":{"custom_model_data":78},"model":"modelengine:discord2/base"},{"predicate":{"custom_model_data":79},"model":"modelengine:discord2/jetpack"},{"predicate":{"custom_model_data":80},"model":"modelengine:discord2/righth"},{"predicate":{"custom_model_data":81},"model":"modelengine:discord2/lefth"},{"predicate":{"custom_model_data":82},"model":"modelengine:discord2/body"},{"predicate":{"custom_model_data":83},"model":"modelengine:discord2/ears"},{"predicate":{"custom_model_data":84},"model":"modelengine:discord2/helmet"},{"predicate":{"custom_model_data":85},"model":"modelengine:discord2/eyes"},{"predicate":{"custom_model_data":86},"model":"modelengine:discord2/eyes2"},{"predicate":{"custom_model_data":87},"model":"modelengine:discord2/head"},{"predicate":{"custom_model_data":88},"model":"modelengine:discord2/leftl"},{"predicate":{"custom_model_data":89},"model":"modelengine:discord2/rightl"},{"predicate":{"custom_model_data":90},"model":"modelengine:green_crewmate/upper_body"},{"predicate":{"custom_model_data":91},"model":"modelengine:green_crewmate/backpack"},{"predicate":{"custom_model_data":92},"model":"modelengine:green_crewmate/left_hand"},{"predicate":{"custom_model_data":93},"model":"modelengine:green_crewmate/right_hand"},{"predicate":{"custom_model_data":94},"model":"modelengine:green_crewmate/lower_body"},{"predicate":{"custom_model_data":95},"model":"modelengine:green_crewmate/right_leg"},{"predicate":{"custom_model_data":96},"model":"modelengine:green_crewmate/left_leg"},{"predicate":{"custom_model_data":97},"model":"modelengine:grey_crewmate/upper_body"},{"predicate":{"custom_model_data":98},"model":"modelengine:grey_crewmate/backpack"},{"predicate":{"custom_model_data":99},"model":"modelengine:grey_crewmate/left_hand"},{"predicate":{"custom_model_data":100},"model":"modelengine:grey_crewmate/right_hand"},{"predicate":{"custom_model_data":101},"model":"modelengine:grey_crewmate/lower_body"},{"predicate":{"custom_model_data":102},"model":"modelengine:grey_crewmate/right_leg"},{"predicate":{"custom_model_data":103},"model":"modelengine:grey_crewmate/left_leg"},{"predicate":{"custom_model_data":104},"model":"modelengine:herobrine/head"},{"predicate":{"custom_model_data":105},"model":"modelengine:herobrine/lefthand"},{"predicate":{"custom_model_data":106},"model":"modelengine:herobrine/leftarm"},{"predicate":{"custom_model_data":107},"model":"modelengine:herobrine/righthand"},{"predicate":{"custom_model_data":108},"model":"modelengine:herobrine/rightarm"},{"predicate":{"custom_model_data":109},"model":"modelengine:herobrine/leftfoot"},{"predicate":{"custom_model_data":110},"model":"modelengine:herobrine/leftleg"},{"predicate":{"custom_model_data":111},"model":"modelengine:herobrine/rightfoot"},{"predicate":{"custom_model_data":112},"model":"modelengine:herobrine/rightleg"},{"predicate":{"custom_model_data":113},"model":"modelengine:herobrine/body"},{"predicate":{"custom_model_data":114},"model":"modelengine:herobrine_alex/head"},{"predicate":{"custom_model_data":115},"model":"modelengine:herobrine_alex/lefthand"},{"predicate":{"custom_model_data":116},"model":"modelengine:herobrine_alex/leftarm"},{"predicate":{"custom_model_data":117},"model":"modelengine:herobrine_alex/righthand"},{"predicate":{"custom_model_data":118},"model":"modelengine:herobrine_alex/rightarm"},{"predicate":{"custom_model_data":119},"model":"modelengine:herobrine_alex/leftfoot"},{"predicate":{"custom_model_data":120},"model":"modelengine:herobrine_alex/leftleg"},{"predicate":{"custom_model_data":121},"model":"modelengine:herobrine_alex/rightfoot"},{"predicate":{"custom_model_data":122},"model":"modelengine:herobrine_alex/rightleg"},{"predicate":{"custom_model_data":123},"model":"modelengine:herobrine_alex/body"},{"predicate":{"custom_model_data":124},"model":"modelengine:herobrine_alex_bits/pickaxe"},{"predicate":{"custom_model_data":125},"model":"modelengine:herobrine_alex_bits/sword"},{"predicate":{"custom_model_data":126},"model":"modelengine:herobrine_alex_bits/shield"},{"predicate":{"custom_model_data":127},"model":"modelengine:herobrine_alex_bits/axe"},{"predicate":{"custom_model_data":128},"model":"modelengine:herobrine_alex_bits/crossbow_loaded"},{"predicate":{"custom_model_data":129},"model":"modelengine:herobrine_alex_bits/crossbow_unloaded"},{"predicate":{"custom_model_data":130},"model":"modelengine:herobrine_alex_bits/fishingrod"},{"predicate":{"custom_model_data":131},"model":"modelengine:herobrine_alex_bits/beef"},{"predicate":{"custom_model_data":132},"model":"modelengine:herobrine_axe/axe"},{"predicate":{"custom_model_data":133},"model":"modelengine:herobrine_bits/pickaxe"},{"predicate":{"custom_model_data":134},"model":"modelengine:herobrine_bits/sword"},{"predicate":{"custom_model_data":135},"model":"modelengine:herobrine_bits/shield"},{"predicate":{"custom_model_data":136},"model":"modelengine:herobrine_bits/axe"},{"predicate":{"custom_model_data":137},"model":"modelengine:herobrine_bits/crossbow_loaded"},{"predicate":{"custom_model_data":138},"model":"modelengine:herobrine_bits/crossbow_unloaded"},{"predicate":{"custom_model_data":139},"model":"modelengine:herobrine_bits/fishingrod"},{"predicate":{"custom_model_data":140},"model":"modelengine:herobrine_bits/beef"},{"predicate":{"custom_model_data":141},"model":"modelengine:herobrine_bobber/bobber"},{"predicate":{"custom_model_data":142},"model":"modelengine:herobrine_steve/head"},{"predicate":{"custom_model_data":143},"model":"modelengine:herobrine_zombie/head"},{"predicate":{"custom_model_data":144},"model":"modelengine:herobrine_zombie/lefthand"},{"predicate":{"custom_model_data":145},"model":"modelengine:herobrine_zombie/leftarm"},{"predicate":{"custom_model_data":146},"model":"modelengine:herobrine_zombie/righthand"},{"predicate":{"custom_model_data":147},"model":"modelengine:herobrine_zombie/rightarm"},{"predicate":{"custom_model_data":148},"model":"modelengine:herobrine_zombie/leftfoot"},{"predicate":{"custom_model_data":149},"model":"modelengine:herobrine_zombie/leftleg"},{"predicate":{"custom_model_data":150},"model":"modelengine:herobrine_zombie/rightfoot"},{"predicate":{"custom_model_data":151},"model":"modelengine:herobrine_zombie/rightleg"},{"predicate":{"custom_model_data":152},"model":"modelengine:herobrine_zombie/body"},{"predicate":{"custom_model_data":153},"model":"modelengine:herobrine_zombie_bits/pickaxe"},{"predicate":{"custom_model_data":154},"model":"modelengine:herobrine_zombie_bits/sword"},{"predicate":{"custom_model_data":155},"model":"modelengine:herobrine_zombie_bits/shield"},{"predicate":{"custom_model_data":156},"model":"modelengine:herobrine_zombie_bits/axe"},{"predicate":{"custom_model_data":157},"model":"modelengine:herobrine_zombie_bits/crossbow_loaded"},{"predicate":{"custom_model_data":158},"model":"modelengine:herobrine_zombie_bits/crossbow_unloaded"},{"predicate":{"custom_model_data":159},"model":"modelengine:herobrine_zombie_bits/fishingrod"},{"predicate":{"custom_model_data":160},"model":"modelengine:herobrine_zombie_bits/beef"},{"predicate":{"custom_model_data":161},"model":"modelengine:jackpot/lever"},{"predicate":{"custom_model_data":162},"model":"modelengine:jackpot/spin"},{"predicate":{"custom_model_data":163},"model":"modelengine:jackpot/slotmachine"},{"predicate":{"custom_model_data":164},"model":"modelengine:jackpot_mc_2/coin3"},{"predicate":{"custom_model_data":165},"model":"modelengine:jackpot_mc_2/coin2"},{"predicate":{"custom_model_data":166},"model":"modelengine:jackpot_mc_2/coin4"},{"predicate":{"custom_model_data":167},"model":"modelengine:jackpot_mc_2/coin5"},{"predicate":{"custom_model_data":168},"model":"modelengine:jackpot_mc_2/coin6"},{"predicate":{"custom_model_data":169},"model":"modelengine:jackpot_mc_2/coin7"},{"predicate":{"custom_model_data":170},"model":"modelengine:jackpot_mc_2/coin8"},{"predicate":{"custom_model_data":171},"model":"modelengine:jackpot_mc_2/coin9"},{"predicate":{"custom_model_data":172},"model":"modelengine:jackpot_mc_2/coin10"},{"predicate":{"custom_model_data":173},"model":"modelengine:jackpot_mc_2/coin11"},{"predicate":{"custom_model_data":174},"model":"modelengine:jackpot_mc_2/coin12"},{"predicate":{"custom_model_data":175},"model":"modelengine:jackpot_mc_2/coin13"},{"predicate":{"custom_model_data":176},"model":"modelengine:jackpot_mc_2/j"},{"predicate":{"custom_model_data":177},"model":"modelengine:jackpot_mc_2/a"},{"predicate":{"custom_model_data":178},"model":"modelengine:jackpot_mc_2/t"},{"predicate":{"custom_model_data":179},"model":"modelengine:jackpot_mc_2/o"},{"predicate":{"custom_model_data":180},"model":"modelengine:jackpot_mc_2/p"},{"predicate":{"custom_model_data":181},"model":"modelengine:jackpot_mc_2/c"},{"predicate":{"custom_model_data":182},"model":"modelengine:jackpot_mc_2/name"},{"predicate":{"custom_model_data":183},"model":"modelengine:jackpot_mc_2/coins_fixed"},{"predicate":{"custom_model_data":184},"model":"modelengine:jackpot_mc_2/all"},{"predicate":{"custom_model_data":185},"model":"modelengine:jackpot_mc_5/coin3"},{"predicate":{"custom_model_data":186},"model":"modelengine:jackpot_mc_5/coin2"},{"predicate":{"custom_model_data":187},"model":"modelengine:jackpot_mc_5/coin4"},{"predicate":{"custom_model_data":188},"model":"modelengine:jackpot_mc_5/coin5"},{"predicate":{"custom_model_data":189},"model":"modelengine:jackpot_mc_5/coin6"},{"predicate":{"custom_model_data":190},"model":"modelengine:jackpot_mc_5/coin7"},{"predicate":{"custom_model_data":191},"model":"modelengine:jackpot_mc_5/coin8"},{"predicate":{"custom_model_data":192},"model":"modelengine:jackpot_mc_5/coin9"},{"predicate":{"custom_model_data":193},"model":"modelengine:jackpot_mc_5/coin10"},{"predicate":{"custom_model_data":194},"model":"modelengine:jackpot_mc_5/coin11"},{"predicate":{"custom_model_data":195},"model":"modelengine:jackpot_mc_5/coin12"},{"predicate":{"custom_model_data":196},"model":"modelengine:jackpot_mc_5/coin13"},{"predicate":{"custom_model_data":197},"model":"modelengine:jackpot_mc_5/j"},{"predicate":{"custom_model_data":198},"model":"modelengine:jackpot_mc_5/a"},{"predicate":{"custom_model_data":199},"model":"modelengine:jackpot_mc_5/t"},{"predicate":{"custom_model_data":200},"model":"modelengine:jackpot_mc_5/o"},{"predicate":{"custom_model_data":201},"model":"modelengine:jackpot_mc_5/p"},{"predicate":{"custom_model_data":202},"model":"modelengine:jackpot_mc_5/c"},{"predicate":{"custom_model_data":203},"model":"modelengine:jackpot_mc_5/name"},{"predicate":{"custom_model_data":204},"model":"modelengine:jackpot_mc_5/coins_fixed"},{"predicate":{"custom_model_data":205},"model":"modelengine:jackpot_mc_5/all"},{"predicate":{"custom_model_data":206},"model":"modelengine:lime_crewmate/upper_body"},{"predicate":{"custom_model_data":207},"model":"modelengine:lime_crewmate/backpack"},{"predicate":{"custom_model_data":208},"model":"modelengine:lime_crewmate/left_hand"},{"predicate":{"custom_model_data":209},"model":"modelengine:lime_crewmate/right_hand"},{"predicate":{"custom_model_data":210},"model":"modelengine:lime_crewmate/lower_body"},{"predicate":{"custom_model_data":211},"model":"modelengine:lime_crewmate/right_leg"},{"predicate":{"custom_model_data":212},"model":"modelengine:lime_crewmate/left_leg"},{"predicate":{"custom_model_data":213},"model":"modelengine:mechanical_bull/bullvis"},{"predicate":{"custom_model_data":214},"model":"modelengine:mechanical_bull_base/base_plate"},{"predicate":{"custom_model_data":215},"model":"modelengine:nocsy_otter_v2/tail"},{"predicate":{"custom_model_data":216},"model":"modelengine:nocsy_otter_v2/head"},{"predicate":{"custom_model_data":217},"model":"modelengine:nocsy_otter_v2/front_leg_left"},{"predicate":{"custom_model_data":218},"model":"modelengine:nocsy_otter_v2/front_leg_right"},{"predicate":{"custom_model_data":219},"model":"modelengine:nocsy_otter_v2/back_leg_left"},{"predicate":{"custom_model_data":220},"model":"modelengine:nocsy_otter_v2/back_leg_right"},{"predicate":{"custom_model_data":221},"model":"modelengine:nocsy_otter_v2/body"},{"predicate":{"custom_model_data":222},"model":"modelengine:nocsy_pet_penguin/left_foot"},{"predicate":{"custom_model_data":223},"model":"modelengine:nocsy_pet_penguin/right_foot"},{"predicate":{"custom_model_data":224},"model":"modelengine:nocsy_pet_penguin/head"},{"predicate":{"custom_model_data":225},"model":"modelengine:nocsy_pet_penguin/left_arm"},{"predicate":{"custom_model_data":226},"model":"modelengine:nocsy_pet_penguin/right_arm"},{"predicate":{"custom_model_data":227},"model":"modelengine:nocsy_pet_penguin/body"},{"predicate":{"custom_model_data":228},"model":"modelengine:nocsy_pet_reaper/left_arm"},{"predicate":{"custom_model_data":229},"model":"modelengine:nocsy_pet_reaper/right_arm"},{"predicate":{"custom_model_data":230},"model":"modelengine:nocsy_pet_reaper/body"},{"predicate":{"custom_model_data":231},"model":"modelengine:nocsy_pikachu/arms"},{"predicate":{"custom_model_data":232},"model":"modelengine:nocsy_pikachu/legs"},{"predicate":{"custom_model_data":233},"model":"modelengine:nocsy_pikachu/tail"},{"predicate":{"custom_model_data":234},"model":"modelengine:nocsy_pikachu/right_ear"},{"predicate":{"custom_model_data":235},"model":"modelengine:nocsy_pikachu/left_ear"},{"predicate":{"custom_model_data":236},"model":"modelengine:nocsy_pikachu/head"},{"predicate":{"custom_model_data":237},"model":"modelengine:nocsy_pikachu/body"},{"predicate":{"custom_model_data":238},"model":"modelengine:orange_crewmate/upper_body"},{"predicate":{"custom_model_data":239},"model":"modelengine:orange_crewmate/backpack"},{"predicate":{"custom_model_data":240},"model":"modelengine:orange_crewmate/left_hand"},{"predicate":{"custom_model_data":241},"model":"modelengine:orange_crewmate/right_hand"},{"predicate":{"custom_model_data":242},"model":"modelengine:orange_crewmate/lower_body"},{"predicate":{"custom_model_data":243},"model":"modelengine:orange_crewmate/right_leg"},{"predicate":{"custom_model_data":244},"model":"modelengine:orange_crewmate/left_leg"},{"predicate":{"custom_model_data":245},"model":"modelengine:pet_elf/head"},{"predicate":{"custom_model_data":246},"model":"modelengine:pet_elf/right_leg"},{"predicate":{"custom_model_data":247},"model":"modelengine:pet_elf/left_leg"},{"predicate":{"custom_model_data":248},"model":"modelengine:pet_elf/right_arm"},{"predicate":{"custom_model_data":249},"model":"modelengine:pet_elf/left_arm"},{"predicate":{"custom_model_data":250},"model":"modelengine:pet_elf/body"},{"predicate":{"custom_model_data":251},"model":"modelengine:pet_elf_emo/head"},{"predicate":{"custom_model_data":252},"model":"modelengine:pet_elf_emo/right_leg"},{"predicate":{"custom_model_data":253},"model":"modelengine:pet_elf_emo/left_leg"},{"predicate":{"custom_model_data":254},"model":"modelengine:pet_elf_emo/right_arm"},{"predicate":{"custom_model_data":255},"model":"modelengine:pet_elf_emo/left_arm"},{"predicate":{"custom_model_data":256},"model":"modelengine:pet_elf_emo/body"},{"predicate":{"custom_model_data":257},"model":"modelengine:pet_ghastling/top"},{"predicate":{"custom_model_data":258},"model":"modelengine:pet_ghastling/tendrils"},{"predicate":{"custom_model_data":259},"model":"modelengine:pet_ghastling/head"},{"predicate":{"custom_model_data":260},"model":"modelengine:pet_ghastling_portal/portal"},{"predicate":{"custom_model_data":261},"model":"modelengine:pet_gingerbreadman/body"},{"predicate":{"custom_model_data":262},"model":"modelengine:pet_gingerbreadman_mistake/body"},{"predicate":{"custom_model_data":263},"model":"modelengine:pet_rednose/head"},{"predicate":{"custom_model_data":264},"model":"modelengine:pet_rednose/right_front_leg4"},{"predicate":{"custom_model_data":265},"model":"modelengine:pet_rednose/left_front_leg3"},{"predicate":{"custom_model_data":266},"model":"modelengine:pet_rednose/left_front_leg2"},{"predicate":{"custom_model_data":267},"model":"modelengine:pet_rednose/left_front_leg"},{"predicate":{"custom_model_data":268},"model":"modelengine:pet_rednose/body"},{"predicate":{"custom_model_data":269},"model":"modelengine:pet_rednose_wolf/head"},{"predicate":{"custom_model_data":270},"model":"modelengine:pet_rednose_wolf/right_front_leg4"},{"predicate":{"custom_model_data":271},"model":"modelengine:pet_rednose_wolf/left_front_leg3"},{"predicate":{"custom_model_data":272},"model":"modelengine:pet_rednose_wolf/left_front_leg2"},{"predicate":{"custom_model_data":273},"model":"modelengine:pet_rednose_wolf/left_front_leg"},{"predicate":{"custom_model_data":274},"model":"modelengine:pet_rednose_wolf/body"},{"predicate":{"custom_model_data":275},"model":"modelengine:pet_robolumberjack/right_leg"},{"predicate":{"custom_model_data":276},"model":"modelengine:pet_robolumberjack/left_arm"},{"predicate":{"custom_model_data":277},"model":"modelengine:pet_robolumberjack/right_arm"},{"predicate":{"custom_model_data":278},"model":"modelengine:pet_robolumberjack/head"},{"predicate":{"custom_model_data":279},"model":"modelengine:pet_robolumberjack/left_leg"},{"predicate":{"custom_model_data":280},"model":"modelengine:pet_robolumberjack/body"},{"predicate":{"custom_model_data":281},"model":"modelengine:pet_santa/left_leg"},{"predicate":{"custom_model_data":282},"model":"modelengine:pet_santa/right_leg"},{"predicate":{"custom_model_data":283},"model":"modelengine:pet_santa/right_arm"},{"predicate":{"custom_model_data":284},"model":"modelengine:pet_santa/head"},{"predicate":{"custom_model_data":285},"model":"modelengine:pet_santa/left_arm"},{"predicate":{"custom_model_data":286},"model":"modelengine:pet_santa/body"},{"predicate":{"custom_model_data":287},"model":"modelengine:pet_santa_evil/left_leg"},{"predicate":{"custom_model_data":288},"model":"modelengine:pet_santa_evil/right_leg"},{"predicate":{"custom_model_data":289},"model":"modelengine:pet_santa_evil/right_arm"},{"predicate":{"custom_model_data":290},"model":"modelengine:pet_santa_evil/head"},{"predicate":{"custom_model_data":291},"model":"modelengine:pet_santa_evil/left_arm"},{"predicate":{"custom_model_data":292},"model":"modelengine:pet_santa_evil/body"},{"predicate":{"custom_model_data":293},"model":"modelengine:pet_santa_gold/left_leg"},{"predicate":{"custom_model_data":294},"model":"modelengine:pet_santa_gold/right_leg"},{"predicate":{"custom_model_data":295},"model":"modelengine:pet_santa_gold/right_arm"},{"predicate":{"custom_model_data":296},"model":"modelengine:pet_santa_gold/head"},{"predicate":{"custom_model_data":297},"model":"modelengine:pet_santa_gold/left_arm"},{"predicate":{"custom_model_data":298},"model":"modelengine:pet_santa_gold/body"},{"predicate":{"custom_model_data":299},"model":"modelengine:pet_snowman/head"},{"predicate":{"custom_model_data":300},"model":"modelengine:pet_snowman/right_arm"},{"predicate":{"custom_model_data":301},"model":"modelengine:pet_snowman/left_arm"},{"predicate":{"custom_model_data":302},"model":"modelengine:pet_snowman/base"},{"predicate":{"custom_model_data":303},"model":"modelengine:pet_snowman_creeper/head"},{"predicate":{"custom_model_data":304},"model":"modelengine:pet_snowman_creeper/right_arm"},{"predicate":{"custom_model_data":305},"model":"modelengine:pet_snowman_creeper/left_arm"},{"predicate":{"custom_model_data":306},"model":"modelengine:pet_snowman_creeper/base"},{"predicate":{"custom_model_data":307},"model":"modelengine:pink_crewmate/upper_body"},{"predicate":{"custom_model_data":308},"model":"modelengine:pink_crewmate/backpack"},{"predicate":{"custom_model_data":309},"model":"modelengine:pink_crewmate/left_hand"},{"predicate":{"custom_model_data":310},"model":"modelengine:pink_crewmate/right_hand"},{"predicate":{"custom_model_data":311},"model":"modelengine:pink_crewmate/lower_body"},{"predicate":{"custom_model_data":312},"model":"modelengine:pink_crewmate/right_leg"},{"predicate":{"custom_model_data":313},"model":"modelengine:pink_crewmate/left_leg"},{"predicate":{"custom_model_data":314},"model":"modelengine:purple_crewmate/upper_body"},{"predicate":{"custom_model_data":315},"model":"modelengine:purple_crewmate/backpack"},{"predicate":{"custom_model_data":316},"model":"modelengine:purple_crewmate/left_hand"},{"predicate":{"custom_model_data":317},"model":"modelengine:purple_crewmate/right_hand"},{"predicate":{"custom_model_data":318},"model":"modelengine:purple_crewmate/lower_body"},{"predicate":{"custom_model_data":319},"model":"modelengine:purple_crewmate/right_leg"},{"predicate":{"custom_model_data":320},"model":"modelengine:purple_crewmate/left_leg"},{"predicate":{"custom_model_data":321},"model":"modelengine:red_crewmate/upper_body"},{"predicate":{"custom_model_data":322},"model":"modelengine:red_crewmate/backpack"},{"predicate":{"custom_model_data":323},"model":"modelengine:red_crewmate/left_hand"},{"predicate":{"custom_model_data":324},"model":"modelengine:red_crewmate/right_hand"},{"predicate":{"custom_model_data":325},"model":"modelengine:red_crewmate/lower_body"},{"predicate":{"custom_model_data":326},"model":"modelengine:red_crewmate/right_leg"},{"predicate":{"custom_model_data":327},"model":"modelengine:red_crewmate/left_leg"},{"predicate":{"custom_model_data":328},"model":"modelengine:rose_crewmate/upper_body"},{"predicate":{"custom_model_data":329},"model":"modelengine:rose_crewmate/backpack"},{"predicate":{"custom_model_data":330},"model":"modelengine:rose_crewmate/left_hand"},{"predicate":{"custom_model_data":331},"model":"modelengine:rose_crewmate/right_hand"},{"predicate":{"custom_model_data":332},"model":"modelengine:rose_crewmate/lower_body"},{"predicate":{"custom_model_data":333},"model":"modelengine:rose_crewmate/right_leg"},{"predicate":{"custom_model_data":334},"model":"modelengine:rose_crewmate/left_leg"},{"predicate":{"custom_model_data":335},"model":"modelengine:sm_artoriasknight_1/pony_tail_d"},{"predicate":{"custom_model_data":336},"model":"modelengine:sm_artoriasknight_1/pony_tail_c"},{"predicate":{"custom_model_data":337},"model":"modelengine:sm_artoriasknight_1/pony_tail_b"},{"predicate":{"custom_model_data":338},"model":"modelengine:sm_artoriasknight_1/pony_tail_a"},{"predicate":{"custom_model_data":339},"model":"modelengine:sm_artoriasknight_1/pony_tail"},{"predicate":{"custom_model_data":340},"model":"modelengine:sm_artoriasknight_1/head"},{"predicate":{"custom_model_data":341},"model":"modelengine:sm_artoriasknight_1/sword"},{"predicate":{"custom_model_data":342},"model":"modelengine:sm_artoriasknight_1/right_hand"},{"predicate":{"custom_model_data":343},"model":"modelengine:sm_artoriasknight_1/right_forearm"},{"predicate":{"custom_model_data":344},"model":"modelengine:sm_artoriasknight_1/right_arm"},{"predicate":{"custom_model_data":345},"model":"modelengine:sm_artoriasknight_1/left_pouldron"},{"predicate":{"custom_model_data":346},"model":"modelengine:sm_artoriasknight_1/left_hand"},{"predicate":{"custom_model_data":347},"model":"modelengine:sm_artoriasknight_1/left_forearm"},{"predicate":{"custom_model_data":348},"model":"modelengine:sm_artoriasknight_1/left_arm"},{"predicate":{"custom_model_data":349},"model":"modelengine:sm_artoriasknight_1/right_cape_a"},{"predicate":{"custom_model_data":350},"model":"modelengine:sm_artoriasknight_1/right_cape"},{"predicate":{"custom_model_data":351},"model":"modelengine:sm_artoriasknight_1/left_cape_b"},{"predicate":{"custom_model_data":352},"model":"modelengine:sm_artoriasknight_1/left_cape"},{"predicate":{"custom_model_data":353},"model":"modelengine:sm_artoriasknight_1/chest"},{"predicate":{"custom_model_data":354},"model":"modelengine:sm_artoriasknight_1/abs"},{"predicate":{"custom_model_data":355},"model":"modelengine:sm_artoriasknight_1/right_foot"},{"predicate":{"custom_model_data":356},"model":"modelengine:sm_artoriasknight_1/right_shin"},{"predicate":{"custom_model_data":357},"model":"modelengine:sm_artoriasknight_1/right_leg"},{"predicate":{"custom_model_data":358},"model":"modelengine:sm_artoriasknight_1/left_foot"},{"predicate":{"custom_model_data":359},"model":"modelengine:sm_artoriasknight_1/left_shin"},{"predicate":{"custom_model_data":360},"model":"modelengine:sm_artoriasknight_1/left_leg"},{"predicate":{"custom_model_data":361},"model":"modelengine:sm_artoriasknight_1/right_skirt_d"},{"predicate":{"custom_model_data":362},"model":"modelengine:sm_artoriasknight_1/right_skirt_c"},{"predicate":{"custom_model_data":363},"model":"modelengine:sm_artoriasknight_1/right_skirt_b"},{"predicate":{"custom_model_data":364},"model":"modelengine:sm_artoriasknight_1/right_skirt_a"},{"predicate":{"custom_model_data":365},"model":"modelengine:sm_artoriasknight_1/right_skirt"},{"predicate":{"custom_model_data":366},"model":"modelengine:sm_artoriasknight_1/left_skirt_d"},{"predicate":{"custom_model_data":367},"model":"modelengine:sm_artoriasknight_1/left_skirt_c"},{"predicate":{"custom_model_data":368},"model":"modelengine:sm_artoriasknight_1/left_skirt_b"},{"predicate":{"custom_model_data":369},"model":"modelengine:sm_artoriasknight_1/left_skirt_a"},{"predicate":{"custom_model_data":370},"model":"modelengine:sm_artoriasknight_1/left_skirt"},{"predicate":{"custom_model_data":371},"model":"modelengine:sm_artoriasknight_1/front_skirt_a"},{"predicate":{"custom_model_data":372},"model":"modelengine:sm_artoriasknight_1/front_skirt"},{"predicate":{"custom_model_data":373},"model":"modelengine:sm_artoriasknight_1/right_back_skirt"},{"predicate":{"custom_model_data":374},"model":"modelengine:sm_artoriasknight_1/left_back_skirt"},{"predicate":{"custom_model_data":375},"model":"modelengine:sm_artoriasknight_1/body"},{"predicate":{"custom_model_data":376},"model":"modelengine:techno/head"},{"predicate":{"custom_model_data":377},"model":"modelengine:techno/leg2"},{"predicate":{"custom_model_data":378},"model":"modelengine:techno/leg1"},{"predicate":{"custom_model_data":379},"model":"modelengine:techno/body"},{"predicate":{"custom_model_data":380},"model":"modelengine:wheelchair/wheel"},{"predicate":{"custom_model_data":381},"model":"modelengine:wheelchair/chair"},{"predicate":{"custom_model_data":382},"model":"modelengine:white_crewmate/upper_body"},{"predicate":{"custom_model_data":383},"model":"modelengine:white_crewmate/backpack"},{"predicate":{"custom_model_data":384},"model":"modelengine:white_crewmate/left_hand"},{"predicate":{"custom_model_data":385},"model":"modelengine:white_crewmate/right_hand"},{"predicate":{"custom_model_data":386},"model":"modelengine:white_crewmate/lower_body"},{"predicate":{"custom_model_data":387},"model":"modelengine:white_crewmate/right_leg"},{"predicate":{"custom_model_data":388},"model":"modelengine:white_crewmate/left_leg"},{"predicate":{"custom_model_data":389},"model":"modelengine:yellow_crewmate/upper_body"},{"predicate":{"custom_model_data":390},"model":"modelengine:yellow_crewmate/backpack"},{"predicate":{"custom_model_data":391},"model":"modelengine:yellow_crewmate/left_hand"},{"predicate":{"custom_model_data":392},"model":"modelengine:yellow_crewmate/right_hand"},{"predicate":{"custom_model_data":393},"model":"modelengine:yellow_crewmate/lower_body"},{"predicate":{"custom_model_data":394},"model":"modelengine:yellow_crewmate/right_leg"},{"predicate":{"custom_model_data":395},"model":"modelengine:yellow_crewmate/left_leg"},{"predicate":{"custom_model_data":1001},"model":"modelengine:mso_laval_lord/jaw"},{"predicate":{"custom_model_data":1002},"model":"modelengine:mso_laval_lord/right_horn"},{"predicate":{"custom_model_data":1003},"model":"modelengine:mso_laval_lord/left_horn"},{"predicate":{"custom_model_data":1004},"model":"modelengine:mso_laval_lord/head"},{"predicate":{"custom_model_data":1005},"model":"modelengine:mso_laval_lord/left_hand"},{"predicate":{"custom_model_data":1006},"model":"modelengine:mso_laval_lord/left_elbow"},{"predicate":{"custom_model_data":1007},"model":"modelengine:mso_laval_lord/fire_left"},{"predicate":{"custom_model_data":1008},"model":"modelengine:mso_laval_lord/left_arm"},{"predicate":{"custom_model_data":1009},"model":"modelengine:mso_laval_lord/left_shoulder"},{"predicate":{"custom_model_data":1010},"model":"modelengine:mso_laval_lord/right_hand"},{"predicate":{"custom_model_data":1011},"model":"modelengine:mso_laval_lord/right_elbow"},{"predicate":{"custom_model_data":1012},"model":"modelengine:mso_laval_lord/fire_right"},{"predicate":{"custom_model_data":1013},"model":"modelengine:mso_laval_lord/right_arm"},{"predicate":{"custom_model_data":1014},"model":"modelengine:mso_laval_lord/right_shoulder"},{"predicate":{"custom_model_data":1015},"model":"modelengine:mso_laval_lord/upper_chest"},{"predicate":{"custom_model_data":1016},"model":"modelengine:mso_laval_lord/chest"},{"predicate":{"custom_model_data":1017},"model":"modelengine:mso_laval_lord/spine"},{"predicate":{"custom_model_data":1018},"model":"modelengine:mso_laval_lord/hip"},{"predicate":{"custom_model_data":1019},"model":"modelengine:mso_laval_lord/left_foot"},{"predicate":{"custom_model_data":1020},"model":"modelengine:mso_laval_lord/left_knee"},{"predicate":{"custom_model_data":1021},"model":"modelengine:mso_laval_lord/left_leg"},{"predicate":{"custom_model_data":1022},"model":"modelengine:mso_laval_lord/right_foot"},{"predicate":{"custom_model_data":1023},"model":"modelengine:mso_laval_lord/right_knee"},{"predicate":{"custom_model_data":1024},"model":"modelengine:mso_laval_lord/right_leg"},{"predicate":{"custom_model_data":1025},"model":"modelengine:mso_lavastone_golem/head"},{"predicate":{"custom_model_data":1026},"model":"modelengine:mso_lavastone_golem/left_fist"},{"predicate":{"custom_model_data":1027},"model":"modelengine:mso_lavastone_golem/left_elbow"},{"predicate":{"custom_model_data":1028},"model":"modelengine:mso_lavastone_golem/left_arm"},{"predicate":{"custom_model_data":1029},"model":"modelengine:mso_lavastone_golem/right_fist"},{"predicate":{"custom_model_data":1030},"model":"modelengine:mso_lavastone_golem/right_elbow"},{"predicate":{"custom_model_data":1031},"model":"modelengine:mso_lavastone_golem/right_arm"},{"predicate":{"custom_model_data":1032},"model":"modelengine:mso_lavastone_golem/chest"},{"predicate":{"custom_model_data":1033},"model":"modelengine:mso_lavastone_golem/tail_tip"},{"predicate":{"custom_model_data":1034},"model":"modelengine:mso_lavastone_golem/tail"},{"predicate":{"custom_model_data":1035},"model":"modelengine:mso_lavastone_golem/hip"}]}