{"textures":{"0":"modelengine:entity/mso_lava_lord"},"elements":[{"name":"light","from":[3.7999997,14.720003,-6.2799997],"to":[12.2,23.120003,-2.920001],"rotation":{"angle":22.5,"axis":"x","origin":[8.0,18.920002,-4.6000004]},"faces":{"down":{"uv":[9.375,11.75,9.125,11.875],"rotation":0,"texture":"#0","tintindex":0},"east":{"uv":[8.75,11.875,8.875,12.125],"rotation":0,"texture":"#0","tintindex":0},"north":{"uv":[8.875,11.875,9.125,12.125],"rotation":0,"texture":"#0","tintindex":0},"south":{"uv":[9.25,11.875,9.5,12.125],"rotation":0,"texture":"#0","tintindex":0},"up":{"uv":[9.125,11.875,8.875,11.75],"rotation":0,"texture":"#0","tintindex":0},"west":{"uv":[9.125,11.875,9.25,12.125],"rotation":0,"texture":"#0","tintindex":0}}},{"name":"light_top","from":[2.96,14.720003,-7.120001],"to":[13.04,24.800007,-0.40000033],"rotation":{"angle":22.5,"axis":"x","origin":[8.0,19.759998,-5.4400005]},"faces":{"down":{"uv":[12.125,3.125,11.75,3.375],"rotation":0,"texture":"#0","tintindex":0},"east":{"uv":[11.125,3.375,11.375,3.75],"rotation":0,"texture":"#0","tintindex":0},"north":{"uv":[11.375,3.375,11.75,3.75],"rotation":0,"texture":"#0","tintindex":0},"south":{"uv":[12.0,3.375,12.375,3.75],"rotation":0,"texture":"#0","tintindex":0},"up":{"uv":[11.75,3.375,11.375,3.125],"rotation":0,"texture":"#0","tintindex":0},"west":{"uv":[11.75,3.375,12.0,3.75],"rotation":0,"texture":"#0","tintindex":0}}},{"name":"cube","from":[-8.8,8.0,-2.08],"to":[24.8,28.16,18.08],"rotation":{"angle":0.0,"axis":"x","origin":[8.0,8.0,8.0]},"faces":{"down":{"uv":[7.0,2.375,5.75,3.125],"rotation":0,"texture":"#0","tintindex":0},"east":{"uv":[3.75,3.125,4.5,3.875],"rotation":0,"texture":"#0","tintindex":0},"north":{"uv":[4.5,3.125,5.75,3.875],"rotation":0,"texture":"#0","tintindex":0},"south":{"uv":[6.5,3.125,7.75,3.875],"rotation":0,"texture":"#0","tintindex":0},"up":{"uv":[5.75,3.125,4.5,2.375],"rotation":0,"texture":"#0","tintindex":0},"west":{"uv":[5.75,3.125,6.5,3.875],"rotation":0,"texture":"#0","tintindex":0}}},{"name":"cube","from":[4.64,4.640001,-6.2799997],"to":[11.360001,11.36,-2.920001],"rotation":{"angle":45.0,"axis":"z","origin":[8.0,8.0,-4.6000004]},"faces":{"down":{"uv":[12.5,5.75,12.25,5.875],"rotation":0,"texture":"#0","tintindex":0},"east":{"uv":[11.875,5.875,12.0,6.125],"rotation":0,"texture":"#0","tintindex":0},"north":{"uv":[5.125,12.0,5.375,12.25],"rotation":0,"texture":"#0","tintindex":0},"south":{"uv":[12.375,5.875,12.625,6.125],"rotation":0,"texture":"#0","tintindex":0},"up":{"uv":[12.25,5.875,12.0,5.75],"rotation":0,"texture":"#0","tintindex":0},"west":{"uv":[12.25,5.875,12.375,6.125],"rotation":0,"texture":"#0","tintindex":0}}},{"name":"cube","from":[2.96,8.0,-5.4400005],"to":[13.04,11.36,-2.08],"rotation":{"angle":0.0,"axis":"x","origin":[-2.08,4.640001,4.64]},"faces":{"down":{"uv":[7.875,2.875,7.5,3.0],"rotation":0,"texture":"#0","tintindex":0},"east":{"uv":[7.0,3.0,7.125,3.125],"rotation":0,"texture":"#0","tintindex":0},"north":{"uv":[7.125,3.0,7.5,3.125],"rotation":0,"texture":"#0","tintindex":0},"south":{"uv":[7.625,3.0,8.0,3.125],"rotation":0,"texture":"#0","tintindex":0},"up":{"uv":[7.5,3.0,7.125,2.875],"rotation":0,"texture":"#0","tintindex":0},"west":{"uv":[7.5,3.0,7.625,3.125],"rotation":0,"texture":"#0","tintindex":0}}},{"name":"cube","from":[1.2799999,11.36,-5.4400005],"to":[14.72,18.079998,-2.08],"rotation":{"angle":0.0,"axis":"x","origin":[-2.08,8.0,4.64]},"faces":{"down":{"uv":[1.125,3.375,0.625,3.5],"rotation":0,"texture":"#0","tintindex":0},"east":{"uv":[0.0,3.5,0.125,3.75],"rotation":0,"texture":"#0","tintindex":0},"north":{"uv":[0.125,3.5,0.625,3.75],"rotation":0,"texture":"#0","tintindex":0},"south":{"uv":[0.75,3.5,1.25,3.75],"rotation":0,"texture":"#0","tintindex":0},"up":{"uv":[0.625,3.5,0.125,3.375],"rotation":0,"texture":"#0","tintindex":0},"west":{"uv":[0.625,3.5,0.75,3.75],"rotation":0,"texture":"#0","tintindex":0}}},{"name":"cube","from":[-8.8,13.375999,-7.120001],"to":[-2.08,20.095997,-3.7600007],"rotation":{"angle":45.0,"axis":"z","origin":[-5.4400005,16.736004,-5.4400005]},"faces":{"down":{"uv":[12.375,9.875,12.125,10.0],"rotation":0,"texture":"#0","tintindex":0},"east":{"uv":[11.75,10.0,11.875,10.25],"rotation":0,"texture":"#0","tintindex":0},"north":{"uv":[5.125,12.0,5.375,12.25],"rotation":0,"texture":"#0","tintindex":0},"south":{"uv":[12.25,10.0,12.5,10.25],"rotation":0,"texture":"#0","tintindex":0},"up":{"uv":[12.125,10.0,11.875,9.875],"rotation":0,"texture":"#0","tintindex":0},"west":{"uv":[12.125,10.0,12.25,10.25],"rotation":0,"texture":"#0","tintindex":0}}},{"name":"cube","from":[-8.8,13.375999,19.760002],"to":[1.2799999,20.095997,23.120003],"rotation":{"angle":45.0,"axis":"z","origin":[-5.4400005,16.736004,21.439999]},"faces":{"down":{"uv":[6.625,11.0,6.25,11.125],"rotation":0,"texture":"#0","tintindex":0},"east":{"uv":[5.75,11.125,5.875,11.375],"rotation":0,"texture":"#0","tintindex":0},"north":{"uv":[5.875,11.125,6.25,11.375],"rotation":0,"texture":"#0","tintindex":0},"south":{"uv":[6.375,11.125,6.75,11.375],"rotation":0,"texture":"#0","tintindex":0},"up":{"uv":[6.25,11.125,5.875,11.0],"rotation":0,"texture":"#0","tintindex":0},"west":{"uv":[6.25,11.125,6.375,11.375],"rotation":0,"texture":"#0","tintindex":0}}},{"name":"cube","from":[4.64,4.136003,18.08],"to":[14.72,14.216001,21.439999],"rotation":{"angle":45.0,"axis":"z","origin":[8.0,7.496002,19.760002]},"faces":{"down":{"uv":[12.125,8.5,11.75,8.625],"rotation":0,"texture":"#0","tintindex":0},"east":{"uv":[11.25,8.625,11.375,9.0],"rotation":0,"texture":"#0","tintindex":0},"north":{"uv":[11.375,8.625,11.75,9.0],"rotation":0,"texture":"#0","tintindex":0},"south":{"uv":[5.625,11.5,6.0,11.875],"rotation":0,"texture":"#0","tintindex":0},"up":{"uv":[11.75,8.625,11.375,8.5],"rotation":0,"texture":"#0","tintindex":0},"west":{"uv":[11.75,8.625,11.875,9.0],"rotation":0,"texture":"#0","tintindex":0}}},{"name":"cube","from":[-12.16,11.36,-5.4400005],"to":[-5.4400005,21.440002,21.439999],"rotation":{"angle":0.0,"axis":"x","origin":[-18.880001,8.0,8.0]},"faces":{"down":{"uv":[1.5,8.375,1.25,9.375],"rotation":0,"texture":"#0","tintindex":0},"east":{"uv":[0.0,9.375,1.0,9.75],"rotation":0,"texture":"#0","tintindex":0},"north":{"uv":[1.0,9.375,1.25,9.75],"rotation":0,"texture":"#0","tintindex":0},"south":{"uv":[2.25,9.375,2.5,9.75],"rotation":0,"texture":"#0","tintindex":0},"up":{"uv":[1.25,9.375,1.0,8.375],"rotation":0,"texture":"#0","tintindex":0},"west":{"uv":[1.25,9.375,2.25,9.75],"rotation":0,"texture":"#0","tintindex":0}}},{"name":"cube","from":[-13.000001,8.0,1.2799999],"to":[-9.64,14.720003,14.72],"rotation":{"angle":22.5,"axis":"z","origin":[-13.000001,8.0,8.0]},"faces":{"down":{"uv":[0.75,10.875,0.625,11.375],"rotation":0,"texture":"#0","tintindex":0},"east":{"uv":[0.0,11.375,0.5,11.625],"rotation":0,"texture":"#0","tintindex":0},"north":{"uv":[0.5,11.375,0.625,11.625],"rotation":0,"texture":"#0","tintindex":0},"south":{"uv":[1.125,11.375,1.25,11.625],"rotation":0,"texture":"#0","tintindex":0},"up":{"uv":[0.625,11.375,0.5,10.875],"rotation":0,"texture":"#0","tintindex":0},"west":{"uv":[0.625,11.375,1.125,11.625],"rotation":0,"texture":"#0","tintindex":0}}},{"name":"cube","from":[-13.000001,13.040001,-2.08],"to":[-9.64,19.759998,18.08],"rotation":{"angle":22.5,"axis":"z","origin":[-13.000001,13.040001,8.0]},"faces":{"down":{"uv":[8.0,1.875,7.875,2.625],"rotation":0,"texture":"#0","tintindex":0},"east":{"uv":[7.0,2.625,7.75,2.875],"rotation":0,"texture":"#0","tintindex":0},"north":{"uv":[7.75,2.625,7.875,2.875],"rotation":0,"texture":"#0","tintindex":0},"south":{"uv":[8.625,2.625,8.75,2.875],"rotation":0,"texture":"#0","tintindex":0},"up":{"uv":[7.875,2.625,7.75,1.875],"rotation":0,"texture":"#0","tintindex":0},"west":{"uv":[7.875,2.625,8.625,2.875],"rotation":0,"texture":"#0","tintindex":0}}},{"name":"cube","from":[18.08,13.375999,-7.120001],"to":[24.8,20.095997,-3.7600007],"rotation":{"angle":-45.0,"axis":"z","origin":[21.439999,16.736004,-5.4400005]},"faces":{"down":{"uv":[12.125,9.875,12.375,10.0],"rotation":0,"texture":"#0","tintindex":0},"east":{"uv":[12.25,10.0,12.125,10.25],"rotation":0,"texture":"#0","tintindex":0},"north":{"uv":[5.375,12.0,5.125,12.25],"rotation":0,"texture":"#0","tintindex":0},"south":{"uv":[12.5,10.0,12.25,10.25],"rotation":0,"texture":"#0","tintindex":0},"up":{"uv":[11.875,10.0,12.125,9.875],"rotation":0,"texture":"#0","tintindex":0},"west":{"uv":[11.875,10.0,11.75,10.25],"rotation":0,"texture":"#0","tintindex":0}}},{"name":"cube","from":[21.439999,11.36,-5.4400005],"to":[28.16,21.440002,21.439999],"rotation":{"angle":0.0,"axis":"x","origin":[34.88,8.0,8.0]},"faces":{"down":{"uv":[1.25,8.375,1.5,9.375],"rotation":0,"texture":"#0","tintindex":0},"east":{"uv":[2.25,9.375,1.25,9.75],"rotation":0,"texture":"#0","tintindex":0},"north":{"uv":[1.25,9.375,1.0,9.75],"rotation":0,"texture":"#0","tintindex":0},"south":{"uv":[2.5,9.375,2.25,9.75],"rotation":0,"texture":"#0","tintindex":0},"up":{"uv":[1.0,9.375,1.25,8.375],"rotation":0,"texture":"#0","tintindex":0},"west":{"uv":[1.0,9.375,0.0,9.75],"rotation":0,"texture":"#0","tintindex":0}}},{"name":"cube","from":[25.640003,13.040001,-2.08],"to":[29.0,19.759998,18.08],"rotation":{"angle":-22.5,"axis":"z","origin":[29.0,13.040001,8.0]},"faces":{"down":{"uv":[7.875,1.875,8.0,2.625],"rotation":0,"texture":"#0","tintindex":0},"east":{"uv":[8.625,2.625,7.875,2.875],"rotation":0,"texture":"#0","tintindex":0},"north":{"uv":[7.875,2.625,7.75,2.875],"rotation":0,"texture":"#0","tintindex":0},"south":{"uv":[8.75,2.625,8.625,2.875],"rotation":0,"texture":"#0","tintindex":0},"up":{"uv":[7.75,2.625,7.875,1.875],"rotation":0,"texture":"#0","tintindex":0},"west":{"uv":[7.75,2.625,7.0,2.875],"rotation":0,"texture":"#0","tintindex":0}}},{"name":"cube","from":[25.640003,8.0,1.2799999],"to":[29.0,14.720003,14.72],"rotation":{"angle":-22.5,"axis":"z","origin":[29.0,8.0,8.0]},"faces":{"down":{"uv":[0.625,10.875,0.75,11.375],"rotation":0,"texture":"#0","tintindex":0},"east":{"uv":[1.125,11.375,0.625,11.625],"rotation":0,"texture":"#0","tintindex":0},"north":{"uv":[0.625,11.375,0.5,11.625],"rotation":0,"texture":"#0","tintindex":0},"south":{"uv":[1.25,11.375,1.125,11.625],"rotation":0,"texture":"#0","tintindex":0},"up":{"uv":[0.5,11.375,0.625,10.875],"rotation":0,"texture":"#0","tintindex":0},"west":{"uv":[0.5,11.375,0.0,11.625],"rotation":0,"texture":"#0","tintindex":0}}},{"name":"cube","from":[14.72,13.375999,19.760002],"to":[24.8,20.095997,23.120003],"rotation":{"angle":-45.0,"axis":"z","origin":[21.439999,16.736004,21.439999]},"faces":{"down":{"uv":[6.25,11.0,6.625,11.125],"rotation":0,"texture":"#0","tintindex":0},"east":{"uv":[6.375,11.125,6.25,11.375],"rotation":0,"texture":"#0","tintindex":0},"north":{"uv":[6.25,11.125,5.875,11.375],"rotation":0,"texture":"#0","tintindex":0},"south":{"uv":[6.75,11.125,6.375,11.375],"rotation":0,"texture":"#0","tintindex":0},"up":{"uv":[5.875,11.125,6.25,11.0],"rotation":0,"texture":"#0","tintindex":0},"west":{"uv":[5.875,11.125,5.75,11.375],"rotation":0,"texture":"#0","tintindex":0}}}],"display":{"head":{"translation":[0.0,-6.4,0.0],"rotation":[0.0,0.0,0.0],"scale":[3.8095,3.8095,3.8095]}}}