{"textures":{"0":"modelengine:entity/mso_lava_lord"},"elements":[{"name":"cube","from":[4.64,4.640005,1.2799993],"to":[11.360001,11.360003,8.0],"rotation":{"angle":0.0,"axis":"x","origin":[8.0,8.0,8.0]},"faces":{"down":{"uv":[10.25,11.375,10.0,11.625],"rotation":0,"texture":"#0","tintindex":0},"east":{"uv":[9.5,11.625,9.75,11.875],"rotation":0,"texture":"#0","tintindex":0},"north":{"uv":[9.75,11.625,10.0,11.875],"rotation":0,"texture":"#0","tintindex":0},"south":{"uv":[10.25,11.625,10.5,11.875],"rotation":0,"texture":"#0","tintindex":0},"up":{"uv":[10.0,11.625,9.75,11.375],"rotation":0,"texture":"#0","tintindex":0},"west":{"uv":[10.0,11.625,10.25,11.875],"rotation":0,"texture":"#0","tintindex":0}}},{"name":"cube","from":[-2.08,-2.0799932,-10.4800005],"to":[18.08,18.080002,2.9599988],"rotation":{"angle":0.0,"axis":"x","origin":[8.0,8.0,2.9599988]},"faces":{"down":{"uv":[7.25,8.625,6.5,9.125],"rotation":0,"texture":"#0","tintindex":0},"east":{"uv":[5.25,9.125,5.75,9.875],"rotation":0,"texture":"#0","tintindex":0},"north":{"uv":[5.75,9.125,6.5,9.875],"rotation":0,"texture":"#0","tintindex":0},"south":{"uv":[7.0,9.125,7.75,9.875],"rotation":0,"texture":"#0","tintindex":0},"up":{"uv":[6.5,9.125,5.75,8.625],"rotation":0,"texture":"#0","tintindex":0},"west":{"uv":[6.5,9.125,7.0,9.875],"rotation":0,"texture":"#0","tintindex":0}}},{"name":"cube","from":[-2.7520003,-2.7520018,-1.0719991],"to":[18.752,18.752003,3.632],"rotation":{"angle":0.0,"axis":"x","origin":[8.0,8.0,2.9599988]},"faces":{"down":{"uv":[8.375,10.0,7.625,10.125],"rotation":0,"texture":"#0","tintindex":0},"east":{"uv":[6.75,10.125,6.875,10.875],"rotation":0,"texture":"#0","tintindex":0},"north":{"uv":[6.875,10.125,7.625,10.875],"rotation":0,"texture":"#0","tintindex":0},"south":{"uv":[7.75,10.125,8.5,10.875],"rotation":0,"texture":"#0","tintindex":0},"up":{"uv":[7.625,10.125,6.875,10.0],"rotation":0,"texture":"#0","tintindex":0},"west":{"uv":[7.625,10.125,7.75,10.875],"rotation":0,"texture":"#0","tintindex":0}}},{"name":"cube","from":[6.74,9.680002,-14.680003],"to":[16.82,13.040006,-11.320002],"rotation":{"angle":22.5,"axis":"z","origin":[11.780001,12.2,-13.000001]},"faces":{"down":{"uv":[5.375,6.5,5.0,6.625],"rotation":0,"texture":"#0","tintindex":0},"east":{"uv":[4.5,6.625,4.625,6.75],"rotation":0,"texture":"#0","tintindex":0},"north":{"uv":[4.625,6.625,5.0,6.75],"rotation":0,"texture":"#0","tintindex":0},"south":{"uv":[5.125,6.625,5.5,6.75],"rotation":0,"texture":"#0","tintindex":0},"up":{"uv":[5.0,6.625,4.625,6.5],"rotation":0,"texture":"#0","tintindex":0},"west":{"uv":[5.0,6.625,5.125,6.75],"rotation":0,"texture":"#0","tintindex":0}}},{"name":"cube","from":[15.14,8.0,-12.16],"to":[18.5,13.040006,-8.8],"rotation":{"angle":22.5,"axis":"z","origin":[16.82,12.2,-10.4800005]},"faces":{"down":{"uv":[6.375,6.0,6.25,6.125],"rotation":0,"texture":"#0","tintindex":0},"east":{"uv":[6.0,6.125,6.125,6.25],"rotation":0,"texture":"#0","tintindex":0},"north":{"uv":[6.125,6.125,6.25,6.25],"rotation":0,"texture":"#0","tintindex":0},"south":{"uv":[6.375,6.125,6.5,6.25],"rotation":0,"texture":"#0","tintindex":0},"up":{"uv":[6.25,6.125,6.125,6.0],"rotation":0,"texture":"#0","tintindex":0},"west":{"uv":[6.25,6.125,6.375,6.25],"rotation":0,"texture":"#0","tintindex":0}}},{"name":"cube","from":[6.908,6.3200073,-12.16],"to":[10.268,9.680002,-8.8],"rotation":{"angle":22.5,"axis":"z","origin":[8.587999,8.840006,-10.4800005]},"faces":{"down":{"uv":[4.875,5.625,4.75,5.75],"rotation":0,"texture":"#0","tintindex":0},"east":{"uv":[4.5,5.75,4.625,5.875],"rotation":0,"texture":"#0","tintindex":0},"north":{"uv":[4.625,5.75,4.75,5.875],"rotation":0,"texture":"#0","tintindex":0},"south":{"uv":[4.875,5.75,5.0,5.875],"rotation":0,"texture":"#0","tintindex":0},"up":{"uv":[4.75,5.75,4.625,5.625],"rotation":0,"texture":"#0","tintindex":0},"west":{"uv":[4.75,5.75,4.875,5.875],"rotation":0,"texture":"#0","tintindex":0}}},{"name":"cube","from":[6.74,14.720008,-13.840001],"to":[16.82,18.080002,-10.4800005],"rotation":{"angle":22.5,"axis":"z","origin":[11.780001,17.240005,-12.16]},"faces":{"down":{"uv":[2.625,6.5,2.25,6.625],"rotation":0,"texture":"#0","tintindex":0},"east":{"uv":[1.75,6.625,1.875,6.75],"rotation":0,"texture":"#0","tintindex":0},"north":{"uv":[1.875,6.625,2.25,6.75],"rotation":0,"texture":"#0","tintindex":0},"south":{"uv":[2.375,6.625,2.75,6.75],"rotation":0,"texture":"#0","tintindex":0},"up":{"uv":[2.25,6.625,1.875,6.5],"rotation":0,"texture":"#0","tintindex":0},"west":{"uv":[2.25,6.625,2.375,6.75],"rotation":0,"texture":"#0","tintindex":0}}},{"name":"cube","from":[6.74,19.760006,-13.000001],"to":[13.46,23.120007,-6.2799997],"rotation":{"angle":22.5,"axis":"z","origin":[11.780001,22.280003,-11.320002]},"faces":{"down":{"uv":[2.25,9.0,2.0,9.25],"rotation":0,"texture":"#0","tintindex":0},"east":{"uv":[1.5,9.25,1.75,9.375],"rotation":0,"texture":"#0","tintindex":0},"north":{"uv":[1.75,9.25,2.0,9.375],"rotation":0,"texture":"#0","tintindex":0},"south":{"uv":[2.25,9.25,2.5,9.375],"rotation":0,"texture":"#0","tintindex":0},"up":{"uv":[2.0,9.25,1.75,9.0],"rotation":0,"texture":"#0","tintindex":0},"west":{"uv":[2.0,9.25,2.25,9.375],"rotation":0,"texture":"#0","tintindex":0}}},{"name":"cube","from":[13.04,12.2,-11.320002],"to":[19.760002,18.920008,-4.6000004],"rotation":{"angle":0.0,"axis":"x","origin":[16.400002,8.840006,2.1200004]},"faces":{"down":{"uv":[12.125,7.25,11.875,7.5],"rotation":0,"texture":"#0","tintindex":0},"east":{"uv":[11.375,7.5,11.625,7.75],"rotation":0,"texture":"#0","tintindex":0},"north":{"uv":[11.625,7.5,11.875,7.75],"rotation":0,"texture":"#0","tintindex":0},"south":{"uv":[12.125,7.5,12.375,7.75],"rotation":0,"texture":"#0","tintindex":0},"up":{"uv":[11.875,7.5,11.625,7.25],"rotation":0,"texture":"#0","tintindex":0},"west":{"uv":[11.875,7.5,12.125,7.75],"rotation":0,"texture":"#0","tintindex":0}}},{"name":"cube","from":[4.64,9.680002,-12.16],"to":[11.360001,19.760006,1.2799993],"rotation":{"angle":0.0,"axis":"x","origin":[8.0,9.680002,1.2799993]},"faces":{"down":{"uv":[11.25,8.5,11.0,9.0],"rotation":0,"texture":"#0","tintindex":0},"east":{"uv":[10.25,9.0,10.75,9.375],"rotation":0,"texture":"#0","tintindex":0},"north":{"uv":[10.75,9.0,11.0,9.375],"rotation":0,"texture":"#0","tintindex":0},"south":{"uv":[11.5,9.0,11.75,9.375],"rotation":0,"texture":"#0","tintindex":0},"up":{"uv":[11.0,9.0,10.75,8.5],"rotation":0,"texture":"#0","tintindex":0},"west":{"uv":[11.0,9.0,11.5,9.375],"rotation":0,"texture":"#0","tintindex":0}}},{"name":"cube","from":[18.08,6.3200073,-8.8],"to":[21.439999,16.400002,-2.08],"rotation":{"angle":0.0,"axis":"x","origin":[28.16,4.640005,2.9599988]},"faces":{"down":{"uv":[2.0,11.625,1.875,11.875],"rotation":0,"texture":"#0","tintindex":0},"east":{"uv":[1.5,11.875,1.75,12.25],"rotation":0,"texture":"#0","tintindex":0},"north":{"uv":[1.75,11.875,1.875,12.25],"rotation":0,"texture":"#0","tintindex":0},"south":{"uv":[1.875,11.875,1.75,12.25],"rotation":0,"texture":"#0","tintindex":0},"up":{"uv":[1.875,11.875,1.75,11.625],"rotation":0,"texture":"#0","tintindex":0},"west":{"uv":[1.875,11.875,2.125,12.25],"rotation":0,"texture":"#0","tintindex":0}}},{"name":"cube","from":[-2.5000005,8.0,-12.16],"to":[0.8599999,13.040006,-8.8],"rotation":{"angle":-22.5,"axis":"z","origin":[-0.8200002,12.2,-10.4800005]},"faces":{"down":{"uv":[6.25,6.0,6.375,6.125],"rotation":0,"texture":"#0","tintindex":0},"east":{"uv":[6.375,6.125,6.25,6.25],"rotation":0,"texture":"#0","tintindex":0},"north":{"uv":[6.25,6.125,6.125,6.25],"rotation":0,"texture":"#0","tintindex":0},"south":{"uv":[6.5,6.125,6.375,6.25],"rotation":0,"texture":"#0","tintindex":0},"up":{"uv":[6.125,6.125,6.25,6.0],"rotation":0,"texture":"#0","tintindex":0},"west":{"uv":[6.125,6.125,6.0,6.25],"rotation":0,"texture":"#0","tintindex":0}}},{"name":"cube","from":[-5.4400005,6.3200073,-8.8],"to":[-2.08,16.400002,-2.08],"rotation":{"angle":0.0,"axis":"x","origin":[-12.16,4.640005,2.9599988]},"faces":{"down":{"uv":[1.875,11.625,2.0,11.875],"rotation":0,"texture":"#0","tintindex":0},"east":{"uv":[2.125,11.875,1.875,12.25],"rotation":0,"texture":"#0","tintindex":0},"north":{"uv":[1.875,11.875,1.75,12.25],"rotation":0,"texture":"#0","tintindex":0},"south":{"uv":[1.75,11.875,1.875,12.25],"rotation":0,"texture":"#0","tintindex":0},"up":{"uv":[1.75,11.875,1.875,11.625],"rotation":0,"texture":"#0","tintindex":0},"west":{"uv":[1.75,11.875,1.5,12.25],"rotation":0,"texture":"#0","tintindex":0}}},{"name":"cube","from":[-3.7600007,12.2,-11.320002],"to":[2.96,18.920008,-4.6000004],"rotation":{"angle":0.0,"axis":"x","origin":[-0.40000033,8.840006,2.1200004]},"faces":{"down":{"uv":[11.875,7.25,12.125,7.5],"rotation":0,"texture":"#0","tintindex":0},"east":{"uv":[12.125,7.5,11.875,7.75],"rotation":0,"texture":"#0","tintindex":0},"north":{"uv":[11.875,7.5,11.625,7.75],"rotation":0,"texture":"#0","tintindex":0},"south":{"uv":[12.375,7.5,12.125,7.75],"rotation":0,"texture":"#0","tintindex":0},"up":{"uv":[11.625,7.5,11.875,7.25],"rotation":0,"texture":"#0","tintindex":0},"west":{"uv":[11.625,7.5,11.375,7.75],"rotation":0,"texture":"#0","tintindex":0}}},{"name":"cube","from":[-0.8200002,9.680002,-14.680003],"to":[9.26,13.040006,-11.320002],"rotation":{"angle":-22.5,"axis":"z","origin":[4.22,12.2,-13.000001]},"faces":{"down":{"uv":[5.0,6.5,5.375,6.625],"rotation":0,"texture":"#0","tintindex":0},"east":{"uv":[5.125,6.625,5.0,6.75],"rotation":0,"texture":"#0","tintindex":0},"north":{"uv":[5.0,6.625,4.625,6.75],"rotation":0,"texture":"#0","tintindex":0},"south":{"uv":[5.5,6.625,5.125,6.75],"rotation":0,"texture":"#0","tintindex":0},"up":{"uv":[4.625,6.625,5.0,6.5],"rotation":0,"texture":"#0","tintindex":0},"west":{"uv":[4.625,6.625,4.5,6.75],"rotation":0,"texture":"#0","tintindex":0}}},{"name":"cube","from":[5.7320004,6.3200073,-12.16],"to":[9.092,9.680002,-8.8],"rotation":{"angle":-22.5,"axis":"z","origin":[7.412,8.840006,-10.4800005]},"faces":{"down":{"uv":[4.75,5.625,4.875,5.75],"rotation":0,"texture":"#0","tintindex":0},"east":{"uv":[4.875,5.75,4.75,5.875],"rotation":0,"texture":"#0","tintindex":0},"north":{"uv":[4.75,5.75,4.625,5.875],"rotation":0,"texture":"#0","tintindex":0},"south":{"uv":[5.0,5.75,4.875,5.875],"rotation":0,"texture":"#0","tintindex":0},"up":{"uv":[4.625,5.75,4.75,5.625],"rotation":0,"texture":"#0","tintindex":0},"west":{"uv":[4.625,5.75,4.5,5.875],"rotation":0,"texture":"#0","tintindex":0}}},{"name":"cube","from":[-0.8200002,14.720008,-13.840001],"to":[9.26,18.080002,-10.4800005],"rotation":{"angle":-22.5,"axis":"z","origin":[4.22,17.240005,-12.16]},"faces":{"down":{"uv":[2.25,6.5,2.625,6.625],"rotation":0,"texture":"#0","tintindex":0},"east":{"uv":[2.375,6.625,2.25,6.75],"rotation":0,"texture":"#0","tintindex":0},"north":{"uv":[2.25,6.625,1.875,6.75],"rotation":0,"texture":"#0","tintindex":0},"south":{"uv":[2.75,6.625,2.375,6.75],"rotation":0,"texture":"#0","tintindex":0},"up":{"uv":[1.875,6.625,2.25,6.5],"rotation":0,"texture":"#0","tintindex":0},"west":{"uv":[1.875,6.625,1.75,6.75],"rotation":0,"texture":"#0","tintindex":0}}},{"name":"cube","from":[2.5399995,19.760006,-13.000001],"to":[9.26,23.120007,-6.2799997],"rotation":{"angle":-22.5,"axis":"z","origin":[4.22,22.280003,-11.320002]},"faces":{"down":{"uv":[2.0,9.0,2.25,9.25],"rotation":0,"texture":"#0","tintindex":0},"east":{"uv":[2.25,9.25,2.0,9.375],"rotation":0,"texture":"#0","tintindex":0},"north":{"uv":[2.0,9.25,1.75,9.375],"rotation":0,"texture":"#0","tintindex":0},"south":{"uv":[2.5,9.25,2.25,9.375],"rotation":0,"texture":"#0","tintindex":0},"up":{"uv":[1.75,9.25,2.0,9.0],"rotation":0,"texture":"#0","tintindex":0},"west":{"uv":[1.75,9.25,1.5,9.375],"rotation":0,"texture":"#0","tintindex":0}}}],"display":{"head":{"translation":[0.0,-6.4,0.0],"rotation":[0.0,0.0,0.0],"scale":[3.8095,3.8095,3.8095]}}}