{"textures":{"0":"modelengine:entity/mso_lava_lord"},"elements":[{"name":"cube","from":[4.64,4.639996,-2.920001],"to":[11.360001,11.36,0.43999958],"rotation":{"angle":45.0,"axis":"z","origin":[8.0,8.0,-1.2400002]},"faces":{"down":{"uv":[12.375,11.375,12.125,11.5],"rotation":0,"texture":"#0","tintindex":0},"east":{"uv":[11.75,11.5,11.875,11.75],"rotation":0,"texture":"#0","tintindex":0},"north":{"uv":[5.125,12.0,5.375,12.25],"rotation":0,"texture":"#0","tintindex":0},"south":{"uv":[12.25,11.5,12.5,11.75],"rotation":0,"texture":"#0","tintindex":0},"up":{"uv":[12.125,11.5,11.875,11.375],"rotation":0,"texture":"#0","tintindex":0},"west":{"uv":[12.125,11.5,12.25,11.75],"rotation":0,"texture":"#0","tintindex":0}}},{"name":"cube","from":[-5.4400005,11.36,-2.08],"to":[-0.40000033,21.439999,18.08],"rotation":{"angle":0.0,"axis":"x","origin":[-12.16,8.0,8.0]},"faces":{"down":{"uv":[1.0,9.75,0.875,10.5],"rotation":0,"texture":"#0","tintindex":0},"east":{"uv":[0.0,10.5,0.75,10.875],"rotation":0,"texture":"#0","tintindex":0},"north":{"uv":[0.75,10.5,0.875,10.875],"rotation":0,"texture":"#0","tintindex":0},"south":{"uv":[0.75,10.5,0.875,10.875],"rotation":0,"texture":"#0","tintindex":0},"up":{"uv":[0.875,10.5,0.75,9.75],"rotation":0,"texture":"#0","tintindex":0},"west":{"uv":[2.75,9.75,3.625,10.125],"rotation":0,"texture":"#0","tintindex":0}}},{"name":"cube","from":[-6.2799997,13.039996,1.2799999],"to":[-2.920001,19.759998,14.72],"rotation":{"angle":22.5,"axis":"z","origin":[-6.2799997,13.039996,8.0]},"faces":{"down":{"uv":[7.0,10.875,6.875,11.375],"rotation":0,"texture":"#0","tintindex":0},"east":{"uv":[6.25,11.375,6.75,11.625],"rotation":0,"texture":"#0","tintindex":0},"north":{"uv":[6.625,10.5,6.75,10.75],"rotation":0,"texture":"#0","tintindex":0},"south":{"uv":[6.625,10.5,6.75,10.75],"rotation":0,"texture":"#0","tintindex":0},"up":{"uv":[6.875,11.375,6.75,10.875],"rotation":0,"texture":"#0","tintindex":0},"west":{"uv":[6.875,11.375,7.375,11.625],"rotation":0,"texture":"#0","tintindex":0}}},{"name":"cube","from":[-6.2799997,8.0,4.64],"to":[-2.920001,14.719998,11.360001],"rotation":{"angle":22.5,"axis":"z","origin":[-6.2799997,8.0,8.0]},"faces":{"down":{"uv":[8.5,11.75,8.375,12.0],"rotation":0,"texture":"#0","tintindex":0},"east":{"uv":[8.0,12.0,8.25,12.25],"rotation":0,"texture":"#0","tintindex":0},"north":{"uv":[6.625,10.5,6.75,10.75],"rotation":0,"texture":"#0","tintindex":0},"south":{"uv":[6.625,10.5,6.75,10.75],"rotation":0,"texture":"#0","tintindex":0},"up":{"uv":[6.0,10.75,5.875,10.5],"rotation":0,"texture":"#0","tintindex":0},"west":{"uv":[8.375,12.0,8.625,12.25],"rotation":0,"texture":"#0","tintindex":0}}},{"name":"cube","from":[18.920002,13.039996,1.2799999],"to":[22.279999,19.759998,14.72],"rotation":{"angle":-22.5,"axis":"z","origin":[22.279999,13.039996,8.0]},"faces":{"down":{"uv":[6.875,10.875,7.0,11.375],"rotation":0,"texture":"#0","tintindex":0},"east":{"uv":[7.375,11.375,6.875,11.625],"rotation":0,"texture":"#0","tintindex":0},"north":{"uv":[6.75,10.5,6.625,10.75],"rotation":0,"texture":"#0","tintindex":0},"south":{"uv":[6.75,10.5,6.625,10.75],"rotation":0,"texture":"#0","tintindex":0},"up":{"uv":[6.75,11.375,6.875,10.875],"rotation":0,"texture":"#0","tintindex":0},"west":{"uv":[6.75,11.375,6.25,11.625],"rotation":0,"texture":"#0","tintindex":0}}},{"name":"cube","from":[16.400002,11.36,-2.08],"to":[21.439999,21.439999,18.08],"rotation":{"angle":0.0,"axis":"x","origin":[28.16,8.0,8.0]},"faces":{"down":{"uv":[0.875,9.75,1.0,10.5],"rotation":0,"texture":"#0","tintindex":0},"east":{"uv":[3.625,9.75,2.75,10.125],"rotation":0,"texture":"#0","tintindex":0},"north":{"uv":[0.875,10.5,0.75,10.875],"rotation":0,"texture":"#0","tintindex":0},"south":{"uv":[0.875,10.5,0.75,10.875],"rotation":0,"texture":"#0","tintindex":0},"up":{"uv":[0.75,10.5,0.875,9.75],"rotation":0,"texture":"#0","tintindex":0},"west":{"uv":[0.75,10.5,0.0,10.875],"rotation":0,"texture":"#0","tintindex":0}}},{"name":"cube","from":[18.920002,8.0,4.64],"to":[22.279999,14.719998,11.360001],"rotation":{"angle":-22.5,"axis":"z","origin":[22.279999,8.0,8.0]},"faces":{"down":{"uv":[8.375,11.75,8.5,12.0],"rotation":0,"texture":"#0","tintindex":0},"east":{"uv":[8.625,12.0,8.375,12.25],"rotation":0,"texture":"#0","tintindex":0},"north":{"uv":[6.75,10.5,6.625,10.75],"rotation":0,"texture":"#0","tintindex":0},"south":{"uv":[1.25,11.375,1.125,11.625],"rotation":0,"texture":"#0","tintindex":0},"up":{"uv":[5.875,10.75,6.0,10.5],"rotation":0,"texture":"#0","tintindex":0},"west":{"uv":[8.25,12.0,8.0,12.25],"rotation":0,"texture":"#0","tintindex":0}}},{"name":"cube","from":[2.96,2.9599988,2.96],"to":[13.04,8.0,13.04],"rotation":{"angle":-45.0,"axis":"y","origin":[8.0,2.9599988,8.0]},"faces":{"down":{"uv":[6.0,7.375,5.625,7.75],"rotation":0,"texture":"#0","tintindex":0},"east":{"uv":[4.875,7.75,5.25,7.875],"rotation":0,"texture":"#0","tintindex":0},"north":{"uv":[5.25,7.75,5.625,7.875],"rotation":0,"texture":"#0","tintindex":0},"south":{"uv":[6.0,7.75,6.375,7.875],"rotation":0,"texture":"#0","tintindex":0},"up":{"uv":[5.625,7.75,5.25,7.375],"rotation":0,"texture":"#0","tintindex":0},"west":{"uv":[5.625,7.75,6.0,7.875],"rotation":0,"texture":"#0","tintindex":0}}},{"name":"cube","from":[4.64,4.639996,-0.40000033],"to":[11.360001,8.0,16.400002],"rotation":{"angle":0.0,"axis":"x","origin":[8.0,6.319998,8.0]},"faces":{"down":{"uv":[3.5,2.375,3.25,3.0],"rotation":0,"texture":"#0","tintindex":0},"east":{"uv":[2.375,3.0,3.0,3.125],"rotation":0,"texture":"#0","tintindex":0},"north":{"uv":[3.0,3.0,3.25,3.125],"rotation":0,"texture":"#0","tintindex":0},"south":{"uv":[3.875,3.0,4.125,3.125],"rotation":0,"texture":"#0","tintindex":0},"up":{"uv":[3.25,3.0,3.0,2.375],"rotation":0,"texture":"#0","tintindex":0},"west":{"uv":[3.25,3.0,3.875,3.125],"rotation":0,"texture":"#0","tintindex":0}}},{"name":"cube","from":[-2.08,8.0,1.2799999],"to":[18.08,24.8,14.72],"rotation":{"angle":0.0,"axis":"x","origin":[8.0,8.0,8.0]},"faces":{"down":{"uv":[10.75,0.0,10.0,0.5],"rotation":0,"texture":"#0","tintindex":0},"east":{"uv":[8.75,0.5,9.25,1.125],"rotation":0,"texture":"#0","tintindex":0},"north":{"uv":[9.25,0.5,10.0,1.125],"rotation":0,"texture":"#0","tintindex":0},"south":{"uv":[10.5,0.5,11.25,1.125],"rotation":0,"texture":"#0","tintindex":0},"up":{"uv":[10.0,0.5,9.25,0.0],"rotation":0,"texture":"#0","tintindex":0},"west":{"uv":[10.0,0.5,10.5,1.125],"rotation":0,"texture":"#0","tintindex":0}}},{"name":"cube","from":[2.96,8.0,-2.08],"to":[13.04,14.719998,1.2799999],"rotation":{"angle":0.0,"axis":"x","origin":[-2.08,4.639996,8.0]},"faces":{"down":{"uv":[12.375,1.5,12.0,1.625],"rotation":0,"texture":"#0","tintindex":0},"east":{"uv":[11.5,1.625,11.625,1.875],"rotation":0,"texture":"#0","tintindex":0},"north":{"uv":[11.625,1.625,12.0,1.875],"rotation":0,"texture":"#0","tintindex":0},"south":{"uv":[12.125,1.625,12.5,1.875],"rotation":0,"texture":"#0","tintindex":0},"up":{"uv":[12.0,1.625,11.625,1.5],"rotation":0,"texture":"#0","tintindex":0},"west":{"uv":[12.0,1.625,12.125,1.875],"rotation":0,"texture":"#0","tintindex":0}}},{"name":"cube","from":[6.3199997,4.1359982,13.88],"to":[13.04,10.855997,17.24],"rotation":{"angle":45.0,"axis":"z","origin":[8.0,5.816,15.56]},"faces":{"down":{"uv":[8.75,11.125,8.5,11.25],"rotation":0,"texture":"#0","tintindex":0},"east":{"uv":[8.125,11.25,8.25,11.5],"rotation":0,"texture":"#0","tintindex":0},"north":{"uv":[8.25,11.25,8.5,11.5],"rotation":0,"texture":"#0","tintindex":0},"south":{"uv":[8.625,11.25,8.875,11.5],"rotation":0,"texture":"#0","tintindex":0},"up":{"uv":[8.5,11.25,8.25,11.125],"rotation":0,"texture":"#0","tintindex":0},"west":{"uv":[8.5,11.25,8.625,11.5],"rotation":0,"texture":"#0","tintindex":0}}},{"name":"cube","from":[6.3199997,7.4959974,14.72],"to":[16.400002,17.576,18.08],"rotation":{"angle":45.0,"axis":"z","origin":[8.0,9.176,16.400002]},"faces":{"down":{"uv":[12.125,0.375,11.75,0.5],"rotation":0,"texture":"#0","tintindex":0},"east":{"uv":[11.25,0.5,11.375,0.875],"rotation":0,"texture":"#0","tintindex":0},"north":{"uv":[11.375,0.5,11.75,0.875],"rotation":0,"texture":"#0","tintindex":0},"south":{"uv":[11.875,0.5,12.25,0.875],"rotation":0,"texture":"#0","tintindex":0},"up":{"uv":[11.75,0.5,11.375,0.375],"rotation":0,"texture":"#0","tintindex":0},"west":{"uv":[11.75,0.5,11.875,0.875],"rotation":0,"texture":"#0","tintindex":0}}}],"display":{"head":{"translation":[0.0,-6.4,0.0],"rotation":[0.0,0.0,0.0],"scale":[3.8095,3.8095,3.8095]}}}