{"textures":{"0":"modelengine:entity/mso_lava_lord"},"elements":[{"name":"cube","from":[7.52,4.640005,4.6399984],"to":[10.880001,11.360003,11.36],"rotation":{"angle":0.0,"axis":"x","origin":[9.200001,8.0,8.0]},"faces":{"down":{"uv":[12.25,6.375,12.125,6.625],"rotation":0,"texture":"#0","tintindex":0},"east":{"uv":[11.75,6.625,12.0,6.875],"rotation":0,"texture":"#0","tintindex":0},"north":{"uv":[12.0,6.625,12.125,6.875],"rotation":0,"texture":"#0","tintindex":0},"south":{"uv":[12.375,6.625,12.5,6.875],"rotation":0,"texture":"#0","tintindex":0},"up":{"uv":[12.125,6.625,12.0,6.375],"rotation":0,"texture":"#0","tintindex":0},"west":{"uv":[12.125,6.625,12.375,6.875],"rotation":0,"texture":"#0","tintindex":0}}},{"name":"cube","from":[-14.320001,-0.40000033,-0.40000033],"to":[9.200001,9.680002,9.68],"rotation":{"angle":0.0,"axis":"x","origin":[-2.56,9.680002,9.68]},"faces":{"down":{"uv":[11.375,7.375,10.5,7.75],"rotation":0,"texture":"#0","tintindex":0},"east":{"uv":[9.25,7.75,9.625,8.125],"rotation":0,"texture":"#0","tintindex":0},"north":{"uv":[9.625,7.75,10.5,8.125],"rotation":0,"texture":"#0","tintindex":0},"south":{"uv":[10.875,7.75,11.75,8.125],"rotation":0,"texture":"#0","tintindex":0},"up":{"uv":[10.5,7.75,9.625,7.375],"rotation":0,"texture":"#0","tintindex":0},"west":{"uv":[10.5,7.75,10.875,8.125],"rotation":0,"texture":"#0","tintindex":0}}},{"name":"cube","from":[4.58,6.3200073,-1.2400012],"to":[9.62,11.360003,2.119998],"rotation":{"angle":22.5,"axis":"z","origin":[4.58,8.840006,0.4399984]},"faces":{"down":{"uv":[2.125,6.75,2.0,6.875],"rotation":0,"texture":"#0","tintindex":0},"east":{"uv":[1.75,6.875,1.875,7.0],"rotation":0,"texture":"#0","tintindex":0},"north":{"uv":[1.875,6.875,2.0,7.0],"rotation":0,"texture":"#0","tintindex":0},"south":{"uv":[2.125,6.875,2.25,7.0],"rotation":0,"texture":"#0","tintindex":0},"up":{"uv":[2.0,6.875,1.875,6.75],"rotation":0,"texture":"#0","tintindex":0},"west":{"uv":[2.0,6.875,2.125,7.0],"rotation":0,"texture":"#0","tintindex":0}}},{"name":"cube","from":[-1.2999997,8.840006,-2.0800023],"to":[3.7400002,13.880002,1.2799993],"rotation":{"angle":45.0,"axis":"z","origin":[3.7400002,11.360003,-0.40000033]},"faces":{"down":{"uv":[3.125,6.5,3.0,6.625],"rotation":0,"texture":"#0","tintindex":0},"east":{"uv":[2.75,6.625,2.875,6.75],"rotation":0,"texture":"#0","tintindex":0},"north":{"uv":[2.875,6.625,3.0,6.75],"rotation":0,"texture":"#0","tintindex":0},"south":{"uv":[3.125,6.625,3.25,6.75],"rotation":0,"texture":"#0","tintindex":0},"up":{"uv":[3.0,6.625,2.875,6.5],"rotation":0,"texture":"#0","tintindex":0},"west":{"uv":[3.0,6.625,3.125,6.75],"rotation":0,"texture":"#0","tintindex":0}}},{"name":"cube","from":[-3.8200006,1.2800015,-2.0800023],"to":[6.26,4.640005,1.2799993],"rotation":{"angle":22.5,"axis":"z","origin":[1.2200003,3.7999997,-0.40000033]},"faces":{"down":{"uv":[6.25,0.5,5.875,0.625],"rotation":0,"texture":"#0","tintindex":0},"east":{"uv":[5.375,0.625,5.5,0.75],"rotation":0,"texture":"#0","tintindex":0},"north":{"uv":[5.5,0.625,5.875,0.75],"rotation":0,"texture":"#0","tintindex":0},"south":{"uv":[6.0,0.625,6.375,0.75],"rotation":0,"texture":"#0","tintindex":0},"up":{"uv":[5.875,0.625,5.5,0.5],"rotation":0,"texture":"#0","tintindex":0},"west":{"uv":[5.875,0.625,6.0,0.75],"rotation":0,"texture":"#0","tintindex":0}}},{"name":"cube","from":[-11.379999,1.2800015,-2.0800023],"to":[-1.2999997,4.640005,1.2799993],"rotation":{"angle":-22.5,"axis":"z","origin":[-6.340001,3.7999997,-0.40000033]},"faces":{"down":{"uv":[5.875,0.5,6.25,0.625],"rotation":0,"texture":"#0","tintindex":0},"east":{"uv":[6.0,0.625,5.875,0.75],"rotation":0,"texture":"#0","tintindex":0},"north":{"uv":[5.875,0.625,5.5,0.75],"rotation":0,"texture":"#0","tintindex":0},"south":{"uv":[6.375,0.625,6.0,0.75],"rotation":0,"texture":"#0","tintindex":0},"up":{"uv":[5.5,0.625,5.875,0.5],"rotation":0,"texture":"#0","tintindex":0},"west":{"uv":[5.5,0.625,5.375,0.75],"rotation":0,"texture":"#0","tintindex":0}}},{"name":"cube","from":[-16.0,4.640005,4.6399984],"to":[-12.64,11.360003,11.36],"rotation":{"angle":0.0,"axis":"x","origin":[-14.320001,8.0,8.0]},"faces":{"down":{"uv":[12.125,6.375,12.25,6.625],"rotation":0,"texture":"#0","tintindex":0},"east":{"uv":[12.375,6.625,12.125,6.875],"rotation":0,"texture":"#0","tintindex":0},"north":{"uv":[12.125,6.625,12.0,6.875],"rotation":0,"texture":"#0","tintindex":0},"south":{"uv":[12.5,6.625,12.375,6.875],"rotation":0,"texture":"#0","tintindex":0},"up":{"uv":[12.0,6.625,12.125,6.375],"rotation":0,"texture":"#0","tintindex":0},"west":{"uv":[12.0,6.625,11.75,6.875],"rotation":0,"texture":"#0","tintindex":0}}},{"name":"cube","from":[-14.740001,6.3200073,-1.2400012],"to":[-9.7,11.360003,2.119998],"rotation":{"angle":-22.5,"axis":"z","origin":[-9.7,8.840006,0.4399984]},"faces":{"down":{"uv":[2.0,6.75,2.125,6.875],"rotation":0,"texture":"#0","tintindex":0},"east":{"uv":[2.125,6.875,2.0,7.0],"rotation":0,"texture":"#0","tintindex":0},"north":{"uv":[2.0,6.875,1.875,7.0],"rotation":0,"texture":"#0","tintindex":0},"south":{"uv":[2.25,6.875,2.125,7.0],"rotation":0,"texture":"#0","tintindex":0},"up":{"uv":[1.875,6.875,2.0,6.75],"rotation":0,"texture":"#0","tintindex":0},"west":{"uv":[1.875,6.875,1.75,7.0],"rotation":0,"texture":"#0","tintindex":0}}},{"name":"cube","from":[-8.860001,8.840006,-2.0800023],"to":[-3.8200006,13.880002,1.2799993],"rotation":{"angle":-45.0,"axis":"z","origin":[-8.860001,11.360003,-0.40000033]},"faces":{"down":{"uv":[3.0,6.5,3.125,6.625],"rotation":0,"texture":"#0","tintindex":0},"east":{"uv":[3.125,6.625,3.0,6.75],"rotation":0,"texture":"#0","tintindex":0},"north":{"uv":[3.0,6.625,2.875,6.75],"rotation":0,"texture":"#0","tintindex":0},"south":{"uv":[3.25,6.625,3.125,6.75],"rotation":0,"texture":"#0","tintindex":0},"up":{"uv":[2.875,6.625,3.0,6.5],"rotation":0,"texture":"#0","tintindex":0},"west":{"uv":[2.875,6.625,2.75,6.75],"rotation":0,"texture":"#0","tintindex":0}}},{"name":"cube","from":[-7.5999994,-1.2399969,-1.2400012],"to":[2.48,8.840006,8.839998],"rotation":{"angle":0.0,"axis":"x","origin":[-2.56,8.840006,8.839998]},"faces":{"down":{"uv":[11.75,10.0,11.375,10.375],"rotation":0,"texture":"#0","tintindex":0},"east":{"uv":[10.625,10.375,11.0,10.75],"rotation":0,"texture":"#0","tintindex":0},"north":{"uv":[11.0,10.375,11.375,10.75],"rotation":0,"texture":"#0","tintindex":0},"south":{"uv":[11.75,10.375,12.125,10.75],"rotation":0,"texture":"#0","tintindex":0},"up":{"uv":[11.375,10.375,11.0,10.0],"rotation":0,"texture":"#0","tintindex":0},"west":{"uv":[11.375,10.375,11.75,10.75],"rotation":0,"texture":"#0","tintindex":0}}}],"display":{"head":{"translation":[-4.480003,-6.4,0.0],"rotation":[0.0,0.0,0.0],"scale":[3.8095,3.8095,3.8095]}}}