{"textures":{"0":"modelengine:entity/mso_lava_lord"},"elements":[{"name":"cube","from":[8.840001,-16.0,11.360001],"to":[25.64,-9.28,18.08],"rotation":{"angle":45.0,"axis":"x","origin":[23.96,-12.639999,14.72]},"faces":{"down":{"uv":[6.0,6.0,5.375,6.25],"rotation":0,"texture":"#0","tintindex":0},"east":{"uv":[5.5,4.5,5.75,4.75],"rotation":0,"texture":"#0","tintindex":0},"north":{"uv":[4.75,6.25,5.375,6.5],"rotation":0,"texture":"#0","tintindex":0},"south":{"uv":[5.375,6.0,6.0,6.25],"rotation":0,"texture":"#0","tintindex":0},"up":{"uv":[5.375,6.25,4.75,6.5],"rotation":0,"texture":"#0","tintindex":0},"west":{"uv":[5.375,6.25,5.625,6.5],"rotation":0,"texture":"#0","tintindex":0}}},{"name":"cube","from":[23.119999,-10.96,11.360001],"to":[26.48,-4.239999,18.08],"rotation":{"angle":45.0,"axis":"x","origin":[24.8,-7.5999985,14.72]},"faces":{"down":{"uv":[5.875,4.25,5.75,4.5],"rotation":0,"texture":"#0","tintindex":0},"east":{"uv":[5.5,4.5,5.75,4.75],"rotation":0,"texture":"#0","tintindex":0},"north":{"uv":[5.75,4.25,5.875,4.5],"rotation":0,"texture":"#0","tintindex":0},"south":{"uv":[5.75,4.25,5.875,4.5],"rotation":0,"texture":"#0","tintindex":0},"up":{"uv":[5.875,4.5,5.75,4.25],"rotation":0,"texture":"#0","tintindex":0},"west":{"uv":[5.875,4.5,6.125,4.75],"rotation":0,"texture":"#0","tintindex":0}}},{"name":"cube","from":[22.279999,-5.919999,11.360001],"to":[25.64,0.8000016,18.08],"rotation":{"angle":45.0,"axis":"x","origin":[23.96,-2.5599995,14.72]},"faces":{"down":{"uv":[5.875,4.25,5.75,4.5],"rotation":0,"texture":"#0","tintindex":0},"east":{"uv":[5.5,4.5,5.75,4.75],"rotation":0,"texture":"#0","tintindex":0},"north":{"uv":[5.75,4.25,5.875,4.5],"rotation":0,"texture":"#0","tintindex":0},"south":{"uv":[5.75,4.25,5.875,4.5],"rotation":0,"texture":"#0","tintindex":0},"up":{"uv":[5.875,4.5,5.75,4.25],"rotation":0,"texture":"#0","tintindex":0},"west":{"uv":[5.875,4.5,6.125,4.75],"rotation":0,"texture":"#0","tintindex":0}}},{"name":"cube","from":[22.279999,-5.919999,1.2800004],"to":[25.64,0.8000016,8.0],"rotation":{"angle":45.0,"axis":"x","origin":[23.96,-2.5599995,4.64]},"faces":{"down":{"uv":[5.875,4.25,5.75,4.5],"rotation":0,"texture":"#0","tintindex":0},"east":{"uv":[5.5,4.5,5.75,4.75],"rotation":0,"texture":"#0","tintindex":0},"north":{"uv":[5.75,4.25,5.875,4.5],"rotation":0,"texture":"#0","tintindex":0},"south":{"uv":[5.75,4.25,5.875,4.5],"rotation":0,"texture":"#0","tintindex":0},"up":{"uv":[5.875,4.5,5.75,4.25],"rotation":0,"texture":"#0","tintindex":0},"west":{"uv":[5.875,4.5,6.125,4.75],"rotation":0,"texture":"#0","tintindex":0}}},{"name":"cube","from":[23.119999,-10.96,1.2800004],"to":[26.48,-4.239999,8.0],"rotation":{"angle":45.0,"axis":"x","origin":[24.8,-7.5999985,4.64]},"faces":{"down":{"uv":[5.875,4.25,5.75,4.5],"rotation":0,"texture":"#0","tintindex":0},"east":{"uv":[5.5,4.5,5.75,4.75],"rotation":0,"texture":"#0","tintindex":0},"north":{"uv":[5.75,4.25,5.875,4.5],"rotation":0,"texture":"#0","tintindex":0},"south":{"uv":[5.75,4.25,5.875,4.5],"rotation":0,"texture":"#0","tintindex":0},"up":{"uv":[5.875,4.5,5.75,4.25],"rotation":0,"texture":"#0","tintindex":0},"west":{"uv":[5.875,4.5,6.125,4.75],"rotation":0,"texture":"#0","tintindex":0}}},{"name":"cube","from":[22.279999,-5.919999,-8.799999],"to":[25.64,0.8000016,-2.08],"rotation":{"angle":45.0,"axis":"x","origin":[23.96,-2.5599995,-5.4400005]},"faces":{"down":{"uv":[5.875,4.25,5.75,4.5],"rotation":0,"texture":"#0","tintindex":0},"east":{"uv":[5.5,4.5,5.75,4.75],"rotation":0,"texture":"#0","tintindex":0},"north":{"uv":[5.75,4.25,5.875,4.5],"rotation":0,"texture":"#0","tintindex":0},"south":{"uv":[5.75,4.25,5.875,4.5],"rotation":0,"texture":"#0","tintindex":0},"up":{"uv":[5.875,4.5,5.75,4.25],"rotation":0,"texture":"#0","tintindex":0},"west":{"uv":[5.875,4.5,6.125,4.75],"rotation":0,"texture":"#0","tintindex":0}}},{"name":"cube","from":[23.119999,-10.96,-8.799999],"to":[26.48,-4.239999,-2.08],"rotation":{"angle":45.0,"axis":"x","origin":[24.8,-7.5999985,-5.4400005]},"faces":{"down":{"uv":[5.875,4.25,5.75,4.5],"rotation":0,"texture":"#0","tintindex":0},"east":{"uv":[5.5,4.5,5.75,4.75],"rotation":0,"texture":"#0","tintindex":0},"north":{"uv":[5.75,4.25,5.875,4.5],"rotation":0,"texture":"#0","tintindex":0},"south":{"uv":[5.75,4.25,5.875,4.5],"rotation":0,"texture":"#0","tintindex":0},"up":{"uv":[5.875,4.5,5.75,4.25],"rotation":0,"texture":"#0","tintindex":0},"west":{"uv":[5.875,4.5,6.125,4.75],"rotation":0,"texture":"#0","tintindex":0}}},{"name":"cube","from":[1.279997,-11.799999,-8.799999],"to":[4.640001,-5.08,-2.08],"rotation":{"angle":45.0,"axis":"x","origin":[81.92,-8.44,-5.4400005]},"faces":{"down":{"uv":[5.75,4.25,5.875,4.5],"rotation":0,"texture":"#0","tintindex":0},"east":{"uv":[6.125,4.5,5.875,4.75],"rotation":0,"texture":"#0","tintindex":0},"north":{"uv":[5.875,4.25,5.75,4.5],"rotation":0,"texture":"#0","tintindex":0},"south":{"uv":[5.875,4.25,5.75,4.5],"rotation":0,"texture":"#0","tintindex":0},"up":{"uv":[5.75,4.5,5.875,4.25],"rotation":0,"texture":"#0","tintindex":0},"west":{"uv":[5.75,4.5,5.5,4.75],"rotation":0,"texture":"#0","tintindex":0}}},{"name":"cube","from":[1.279997,-11.799999,1.2800004],"to":[4.640001,-5.08,8.0],"rotation":{"angle":45.0,"axis":"x","origin":[81.92,-8.44,4.64]},"faces":{"down":{"uv":[5.75,4.25,5.875,4.5],"rotation":0,"texture":"#0","tintindex":0},"east":{"uv":[6.125,4.5,5.875,4.75],"rotation":0,"texture":"#0","tintindex":0},"north":{"uv":[5.875,4.25,5.75,4.5],"rotation":0,"texture":"#0","tintindex":0},"south":{"uv":[5.875,4.25,5.75,4.5],"rotation":0,"texture":"#0","tintindex":0},"up":{"uv":[5.75,4.5,5.875,4.25],"rotation":0,"texture":"#0","tintindex":0},"west":{"uv":[5.75,4.5,5.5,4.75],"rotation":0,"texture":"#0","tintindex":0}}},{"name":"cube","from":[1.279997,-11.799999,11.360001],"to":[4.640001,-5.08,18.08],"rotation":{"angle":45.0,"axis":"x","origin":[81.92,-8.44,14.72]},"faces":{"down":{"uv":[5.75,4.25,5.875,4.5],"rotation":0,"texture":"#0","tintindex":0},"east":{"uv":[6.125,4.5,5.875,4.75],"rotation":0,"texture":"#0","tintindex":0},"north":{"uv":[5.875,4.25,5.75,4.5],"rotation":0,"texture":"#0","tintindex":0},"south":{"uv":[5.875,4.25,5.75,4.5],"rotation":0,"texture":"#0","tintindex":0},"up":{"uv":[5.75,4.5,5.875,4.25],"rotation":0,"texture":"#0","tintindex":0},"west":{"uv":[5.75,4.5,5.5,4.75],"rotation":0,"texture":"#0","tintindex":0}}},{"name":"cube","from":[8.840001,-16.0,-8.799999],"to":[25.64,-9.28,-2.08],"rotation":{"angle":45.0,"axis":"x","origin":[23.96,-12.639999,-5.4400005]},"faces":{"down":{"uv":[6.0,6.0,5.375,6.25],"rotation":0,"texture":"#0","tintindex":0},"east":{"uv":[5.5,4.5,5.75,4.75],"rotation":0,"texture":"#0","tintindex":0},"north":{"uv":[4.75,6.25,5.375,6.5],"rotation":0,"texture":"#0","tintindex":0},"south":{"uv":[5.375,6.0,6.0,6.25],"rotation":0,"texture":"#0","tintindex":0},"up":{"uv":[5.375,6.25,4.75,6.5],"rotation":0,"texture":"#0","tintindex":0},"west":{"uv":[5.375,6.25,5.625,6.5],"rotation":0,"texture":"#0","tintindex":0}}},{"name":"cube","from":[8.840001,-16.0,1.2800004],"to":[25.64,-9.28,8.0],"rotation":{"angle":45.0,"axis":"x","origin":[23.96,-12.639999,4.64]},"faces":{"down":{"uv":[6.0,6.0,5.375,6.25],"rotation":0,"texture":"#0","tintindex":0},"east":{"uv":[5.5,4.5,5.75,4.75],"rotation":0,"texture":"#0","tintindex":0},"north":{"uv":[4.75,6.25,5.375,6.5],"rotation":0,"texture":"#0","tintindex":0},"south":{"uv":[5.375,6.0,6.0,6.25],"rotation":0,"texture":"#0","tintindex":0},"up":{"uv":[5.375,6.25,4.75,6.5],"rotation":0,"texture":"#0","tintindex":0},"west":{"uv":[5.375,6.25,5.625,6.5],"rotation":0,"texture":"#0","tintindex":0}}},{"name":"cube","from":[-0.40000033,5.8400006,-0.40000033],"to":[16.400002,12.560001,16.400002],"rotation":{"angle":0.0,"axis":"x","origin":[8.0,12.560001,8.0]},"faces":{"down":{"uv":[10.75,2.5,10.125,3.125],"rotation":0,"texture":"#0","tintindex":0},"east":{"uv":[8.875,3.125,9.5,3.375],"rotation":0,"texture":"#0","tintindex":0},"north":{"uv":[9.5,3.125,10.125,3.375],"rotation":0,"texture":"#0","tintindex":0},"south":{"uv":[10.75,3.125,11.375,3.375],"rotation":0,"texture":"#0","tintindex":0},"up":{"uv":[10.125,3.125,9.5,2.5],"rotation":0,"texture":"#0","tintindex":0},"west":{"uv":[10.125,3.125,10.75,3.375],"rotation":0,"texture":"#0","tintindex":0}}},{"name":"cube","from":[2.9599988,-10.96,-7.12],"to":[19.759998,5.8400006,16.400002],"rotation":{"angle":0.0,"axis":"x","origin":[8.0,5.8400006,8.0]},"faces":{"down":{"uv":[4.25,7.375,3.625,8.25],"rotation":0,"texture":"#0","tintindex":0},"east":{"uv":[4.25,8.25,5.125,8.875],"rotation":0,"texture":"#0","tintindex":0},"north":{"uv":[3.625,8.25,4.25,8.875],"rotation":0,"texture":"#0","tintindex":0},"south":{"uv":[4.25,8.25,3.625,8.875],"rotation":0,"texture":"#0","tintindex":0},"up":{"uv":[4.25,8.25,3.625,7.375],"rotation":0,"texture":"#0","tintindex":0},"west":{"uv":[4.25,8.25,5.125,8.875],"rotation":0,"texture":"#0","tintindex":0}}},{"name":"cube","from":[4.640001,-12.639999,-8.799999],"to":[18.08,-9.28,-2.08],"rotation":{"angle":0.0,"axis":"x","origin":[6.319998,4.160001,2.96]},"faces":{"down":{"uv":[12.0,0.0,11.5,0.25],"rotation":0,"texture":"#0","tintindex":0},"east":{"uv":[10.75,0.25,11.0,0.375],"rotation":0,"texture":"#0","tintindex":0},"north":{"uv":[11.0,0.25,11.5,0.375],"rotation":0,"texture":"#0","tintindex":0},"south":{"uv":[11.75,0.25,12.25,0.375],"rotation":0,"texture":"#0","tintindex":0},"up":{"uv":[11.5,0.25,11.0,0.0],"rotation":0,"texture":"#0","tintindex":0},"west":{"uv":[11.5,0.25,11.75,0.375],"rotation":0,"texture":"#0","tintindex":0}}},{"name":"cube","from":[21.439999,-12.639999,-10.480001],"to":[24.8,-2.5599995,19.760002],"rotation":{"angle":0.0,"axis":"x","origin":[13.040001,4.160001,2.96]},"faces":{"down":{"uv":[9.25,7.5,9.125,8.625],"rotation":0,"texture":"#0","tintindex":0},"east":{"uv":[7.875,8.625,9.0,9.0],"rotation":0,"texture":"#0","tintindex":0},"north":{"uv":[9.0,8.625,9.125,9.0],"rotation":0,"texture":"#0","tintindex":0},"south":{"uv":[10.25,8.625,10.375,9.0],"rotation":0,"texture":"#0","tintindex":0},"up":{"uv":[9.125,8.625,9.0,7.5],"rotation":0,"texture":"#0","tintindex":0},"west":{"uv":[9.125,8.625,10.25,9.0],"rotation":0,"texture":"#0","tintindex":0}}},{"name":"cube","from":[18.08,-12.639999,-8.799999],"to":[21.439999,0.8000016,-2.08],"rotation":{"angle":0.0,"axis":"x","origin":[9.679997,4.160001,2.96]},"faces":{"down":{"uv":[3.0,11.0,2.875,11.25],"rotation":0,"texture":"#0","tintindex":0},"east":{"uv":[2.5,11.25,2.75,11.75],"rotation":0,"texture":"#0","tintindex":0},"north":{"uv":[2.75,11.25,2.875,11.75],"rotation":0,"texture":"#0","tintindex":0},"south":{"uv":[3.125,11.25,3.25,11.75],"rotation":0,"texture":"#0","tintindex":0},"up":{"uv":[2.875,11.25,2.75,11.0],"rotation":0,"texture":"#0","tintindex":0},"west":{"uv":[2.875,11.25,3.125,11.75],"rotation":0,"texture":"#0","tintindex":0}}},{"name":"cube","from":[18.08,-12.639999,1.2800004],"to":[21.439999,0.8000016,8.0],"rotation":{"angle":0.0,"axis":"x","origin":[9.679997,4.160001,13.04]},"faces":{"down":{"uv":[9.25,10.125,9.125,10.375],"rotation":0,"texture":"#0","tintindex":0},"east":{"uv":[8.75,10.375,9.0,10.875],"rotation":0,"texture":"#0","tintindex":0},"north":{"uv":[9.0,10.375,9.125,10.875],"rotation":0,"texture":"#0","tintindex":0},"south":{"uv":[9.375,10.375,9.5,10.875],"rotation":0,"texture":"#0","tintindex":0},"up":{"uv":[9.125,10.375,9.0,10.125],"rotation":0,"texture":"#0","tintindex":0},"west":{"uv":[9.125,10.375,9.375,10.875],"rotation":0,"texture":"#0","tintindex":0}}},{"name":"cube","from":[18.08,-12.639999,11.360001],"to":[21.439999,0.8000016,18.08],"rotation":{"angle":0.0,"axis":"x","origin":[9.679997,4.160001,23.120003]},"faces":{"down":{"uv":[0.5,9.75,0.375,10.0],"rotation":0,"texture":"#0","tintindex":0},"east":{"uv":[0.0,10.0,0.25,10.5],"rotation":0,"texture":"#0","tintindex":0},"north":{"uv":[0.25,10.0,0.375,10.5],"rotation":0,"texture":"#0","tintindex":0},"south":{"uv":[0.625,10.0,0.75,10.5],"rotation":0,"texture":"#0","tintindex":0},"up":{"uv":[0.375,10.0,0.25,9.75],"rotation":0,"texture":"#0","tintindex":0},"west":{"uv":[0.375,10.0,0.625,10.5],"rotation":0,"texture":"#0","tintindex":0}}},{"name":"cube","from":[4.640001,-12.639999,1.2800004],"to":[18.08,-9.28,8.0],"rotation":{"angle":0.0,"axis":"x","origin":[6.319998,4.160001,13.04]},"faces":{"down":{"uv":[10.5,8.125,10.0,8.375],"rotation":0,"texture":"#0","tintindex":0},"east":{"uv":[9.25,8.375,9.5,8.5],"rotation":0,"texture":"#0","tintindex":0},"north":{"uv":[9.5,8.375,10.0,8.5],"rotation":0,"texture":"#0","tintindex":0},"south":{"uv":[10.25,8.375,10.75,8.5],"rotation":0,"texture":"#0","tintindex":0},"up":{"uv":[10.0,8.375,9.5,8.125],"rotation":0,"texture":"#0","tintindex":0},"west":{"uv":[10.0,8.375,10.25,8.5],"rotation":0,"texture":"#0","tintindex":0}}},{"name":"cube","from":[4.640001,-12.639999,11.360001],"to":[18.08,-9.28,18.08],"rotation":{"angle":0.0,"axis":"x","origin":[6.319998,4.160001,23.120003]},"faces":{"down":{"uv":[6.75,3.875,6.25,4.125],"rotation":0,"texture":"#0","tintindex":0},"east":{"uv":[5.5,4.125,5.75,4.25],"rotation":0,"texture":"#0","tintindex":0},"north":{"uv":[5.75,4.125,6.25,4.25],"rotation":0,"texture":"#0","tintindex":0},"south":{"uv":[6.5,4.125,7.0,4.25],"rotation":0,"texture":"#0","tintindex":0},"up":{"uv":[6.25,4.125,5.75,3.875],"rotation":0,"texture":"#0","tintindex":0},"west":{"uv":[6.25,4.125,6.5,4.25],"rotation":0,"texture":"#0","tintindex":0}}}],"display":{"head":{"translation":[0.0,-23.424006,0.0],"rotation":[0.0,0.0,0.0],"scale":[3.8095,3.8095,3.8095]}}}