{"textures":{"0":"modelengine:entity/mso_lava_lord"},"elements":[{"name":"overlay","from":[8.0,-7.5999975,0.79999995],"to":[22.400002,2.0,17.599998],"rotation":{"angle":0.0,"axis":"x","origin":[6.8,-5.2000017,8.0]},"faces":{"down":{"uv":[6.5,6.0,7.25,6.875],"rotation":0,"texture":"#0","tintindex":0},"east":{"uv":[8.125,6.875,7.25,7.375],"rotation":0,"texture":"#0","tintindex":0},"north":{"uv":[7.25,6.875,6.5,7.375],"rotation":0,"texture":"#0","tintindex":0},"south":{"uv":[7.25,6.875,6.5,7.375],"rotation":0,"texture":"#0","tintindex":0},"up":{"uv":[6.5,6.875,7.25,6.0],"rotation":0,"texture":"#0","tintindex":0},"west":{"uv":[8.125,6.875,7.25,7.375],"rotation":0,"texture":"#0","tintindex":0}}},{"name":"cube","from":[6.8,3.2000012,-0.40000057],"to":[23.599998,20.0,16.4],"rotation":{"angle":0.0,"axis":"x","origin":[6.8,11.600004,8.0]},"faces":{"down":{"uv":[1.75,4.75,2.625,5.625],"rotation":0,"texture":"#0","tintindex":0},"east":{"uv":[2.625,5.625,1.75,6.5],"rotation":0,"texture":"#0","tintindex":0},"north":{"uv":[1.75,5.625,0.875,6.5],"rotation":0,"texture":"#0","tintindex":0},"south":{"uv":[3.5,5.625,2.625,6.5],"rotation":0,"texture":"#0","tintindex":0},"up":{"uv":[0.875,5.625,1.75,4.75],"rotation":0,"texture":"#0","tintindex":0},"west":{"uv":[0.875,5.625,0.0,6.5],"rotation":0,"texture":"#0","tintindex":0}}},{"name":"cube","from":[11.599998,4.4000025,-1.6000004],"to":[18.8,21.200003,17.599998],"rotation":{"angle":0.0,"axis":"x","origin":[6.8,12.799999,8.0]},"faces":{"down":{"uv":[8.5,2.875,8.875,3.875],"rotation":0,"texture":"#0","tintindex":0},"east":{"uv":[9.5,3.875,8.5,4.75],"rotation":0,"texture":"#0","tintindex":0},"north":{"uv":[8.5,3.875,8.125,4.75],"rotation":0,"texture":"#0","tintindex":0},"south":{"uv":[8.125,3.875,8.5,4.75],"rotation":0,"texture":"#0","tintindex":0},"up":{"uv":[1.0,7.5,1.375,6.5],"rotation":0,"texture":"#0","tintindex":0},"west":{"uv":[8.125,3.875,7.125,4.75],"rotation":0,"texture":"#0","tintindex":0}}},{"name":"cube","from":[21.199999,4.4000025,-1.6000004],"to":[28.400002,21.200003,17.599998],"rotation":{"angle":0.0,"axis":"x","origin":[16.400002,12.799999,8.0]},"faces":{"down":{"uv":[1.0,6.5,1.375,7.5],"rotation":0,"texture":"#0","tintindex":0},"east":{"uv":[2.375,7.5,1.375,8.375],"rotation":0,"texture":"#0","tintindex":0},"north":{"uv":[1.375,7.5,1.0,8.375],"rotation":0,"texture":"#0","tintindex":0},"south":{"uv":[1.0,7.5,1.375,8.375],"rotation":0,"texture":"#0","tintindex":0},"up":{"uv":[1.0,7.5,1.375,6.5],"rotation":0,"texture":"#0","tintindex":0},"west":{"uv":[1.0,7.5,0.0,8.375],"rotation":0,"texture":"#0","tintindex":0}}},{"name":"cube","from":[12.8,8.0,-4.0],"to":[32.0,12.799999,-1.6000004],"rotation":{"angle":22.5,"axis":"z","origin":[12.8,8.0,-1.6000004]},"faces":{"down":{"uv":[10.0,3.375,11.0,3.5],"rotation":0,"texture":"#0","tintindex":0},"east":{"uv":[10.125,3.5,10.0,3.75],"rotation":0,"texture":"#0","tintindex":0},"north":{"uv":[10.0,3.5,9.0,3.75],"rotation":0,"texture":"#0","tintindex":0},"south":{"uv":[10.0,3.5,9.0,3.75],"rotation":0,"texture":"#0","tintindex":0},"up":{"uv":[9.0,3.5,10.0,3.375],"rotation":0,"texture":"#0","tintindex":0},"west":{"uv":[9.0,3.5,8.875,3.75],"rotation":0,"texture":"#0","tintindex":0}}},{"name":"cube","from":[12.8,20.0,-2.8000007],"to":[32.0,24.8,-0.40000057],"rotation":{"angle":-45.0,"axis":"z","origin":[12.8,20.0,-0.40000057]},"faces":{"down":{"uv":[4.125,8.875,5.125,9.0],"rotation":0,"texture":"#0","tintindex":0},"east":{"uv":[4.25,9.0,4.125,9.25],"rotation":0,"texture":"#0","tintindex":0},"north":{"uv":[4.125,9.0,3.125,9.25],"rotation":0,"texture":"#0","tintindex":0},"south":{"uv":[4.125,9.0,3.125,9.25],"rotation":0,"texture":"#0","tintindex":0},"up":{"uv":[3.125,9.0,4.125,8.875],"rotation":0,"texture":"#0","tintindex":0},"west":{"uv":[3.125,9.0,3.0,9.25],"rotation":0,"texture":"#0","tintindex":0}}},{"name":"cube","from":[12.8,8.0,17.599998],"to":[32.0,12.799999,20.0],"rotation":{"angle":22.5,"axis":"z","origin":[12.8,8.0,17.599998]},"faces":{"down":{"uv":[10.0,3.375,11.0,3.5],"rotation":0,"texture":"#0","tintindex":0},"east":{"uv":[10.125,3.5,10.0,3.75],"rotation":0,"texture":"#0","tintindex":0},"north":{"uv":[10.0,3.5,9.0,3.75],"rotation":0,"texture":"#0","tintindex":0},"south":{"uv":[10.0,3.5,9.0,3.75],"rotation":0,"texture":"#0","tintindex":0},"up":{"uv":[9.0,3.5,10.0,3.375],"rotation":0,"texture":"#0","tintindex":0},"west":{"uv":[9.0,3.5,8.875,3.75],"rotation":0,"texture":"#0","tintindex":0}}},{"name":"cube","from":[12.8,20.0,16.4],"to":[32.0,24.8,18.8],"rotation":{"angle":-45.0,"axis":"z","origin":[12.8,20.0,16.4]},"faces":{"down":{"uv":[4.125,8.875,5.125,9.0],"rotation":0,"texture":"#0","tintindex":0},"east":{"uv":[4.25,9.0,4.125,9.25],"rotation":0,"texture":"#0","tintindex":0},"north":{"uv":[4.125,9.0,3.125,9.25],"rotation":0,"texture":"#0","tintindex":0},"south":{"uv":[4.125,9.0,3.125,9.25],"rotation":0,"texture":"#0","tintindex":0},"up":{"uv":[3.125,9.0,4.125,8.875],"rotation":0,"texture":"#0","tintindex":0},"west":{"uv":[3.125,9.0,3.0,9.25],"rotation":0,"texture":"#0","tintindex":0}}},{"name":"cube","from":[9.199999,-8.799999,1.9999998],"to":[21.199999,3.2000012,16.4],"rotation":{"angle":0.0,"axis":"x","origin":[6.8,-5.2000017,8.0]},"faces":{"down":{"uv":[9.375,1.125,10.0,1.875],"rotation":0,"texture":"#0","tintindex":0},"east":{"uv":[10.125,1.875,9.375,2.5],"rotation":0,"texture":"#0","tintindex":0},"north":{"uv":[9.375,1.875,8.75,2.5],"rotation":0,"texture":"#0","tintindex":0},"south":{"uv":[10.75,1.875,10.125,2.5],"rotation":0,"texture":"#0","tintindex":0},"up":{"uv":[8.75,1.875,9.375,1.125],"rotation":0,"texture":"#0","tintindex":0},"west":{"uv":[8.75,1.875,8.0,2.5],"rotation":0,"texture":"#0","tintindex":0}}},{"name":"cube","from":[10.400001,-16.0,1.9999998],"to":[20.000002,-8.799999,14.0],"rotation":{"angle":0.0,"axis":"x","origin":[15.2,-8.799999,8.0]},"faces":{"down":{"uv":[8.875,9.0,9.375,9.625],"rotation":0,"texture":"#0","tintindex":0},"east":{"uv":[9.5,9.625,8.875,10.0],"rotation":0,"texture":"#0","tintindex":0},"north":{"uv":[8.875,9.625,8.375,10.0],"rotation":0,"texture":"#0","tintindex":0},"south":{"uv":[10.0,9.625,9.5,10.0],"rotation":0,"texture":"#0","tintindex":0},"up":{"uv":[8.375,9.625,8.875,9.0],"rotation":0,"texture":"#0","tintindex":0},"west":{"uv":[8.375,9.625,7.75,10.0],"rotation":0,"texture":"#0","tintindex":0}}}],"display":{"head":{"translation":[0.0,-19.840015,0.0],"rotation":[0.0,0.0,0.0],"scale":[3.7333333,3.7333333,3.7333333]}}}