{"textures":{"0":"modelengine:entity/crate4"},"elements":[{"name":"cube","from":[1.3999997,11.0,3.4999998],"to":[14.6,16.400002,12.5],"rotation":{"angle":0.0,"axis":"x","origin":[8.3,9.2,8.3]},"faces":{"down":{"uv":[9.75,7.125,7.0,9.0],"rotation":0,"texture":"#0","tintindex":0},"east":{"uv":[9.75,6.5,11.625,7.625],"rotation":0,"texture":"#0","tintindex":0},"north":{"uv":[3.0,7.375,5.75,8.5],"rotation":0,"texture":"#0","tintindex":0},"south":{"uv":[3.0,7.375,5.75,8.5],"rotation":0,"texture":"#0","tintindex":0},"up":{"uv":[9.75,7.125,7.0,5.25],"rotation":0,"texture":"#0","tintindex":0},"west":{"uv":[9.75,6.5,11.625,7.625],"rotation":0,"texture":"#0","tintindex":0}}},{"name":"cube","from":[0.19999981,9.8,2.2999997],"to":[3.1999998,13.400001,5.3],"rotation":{"angle":0.0,"axis":"x","origin":[8.3,9.2,8.3]},"faces":{"down":{"uv":[13.625,7.5,13.0,8.125],"rotation":0,"texture":"#0","tintindex":0},"east":{"uv":[2.0,12.5,2.625,13.25],"rotation":0,"texture":"#0","tintindex":0},"north":{"uv":[1.375,12.5,2.0,13.25],"rotation":0,"texture":"#0","tintindex":0},"south":{"uv":[2.625,12.5,2.0,13.25],"rotation":0,"texture":"#0","tintindex":0},"up":{"uv":[13.625,5.125,13.0,4.5],"rotation":0,"texture":"#0","tintindex":0},"west":{"uv":[2.0,12.5,1.375,13.25],"rotation":0,"texture":"#0","tintindex":0}}},{"name":"cube","from":[12.8,9.8,2.2999997],"to":[15.8,13.400001,5.3],"rotation":{"angle":0.0,"axis":"x","origin":[8.3,9.2,7.7]},"faces":{"down":{"uv":[5.125,13.0,4.5,13.625],"rotation":0,"texture":"#0","tintindex":0},"east":{"uv":[1.375,12.5,2.0,13.25],"rotation":0,"texture":"#0","tintindex":0},"north":{"uv":[2.0,12.5,1.375,13.25],"rotation":0,"texture":"#0","tintindex":0},"south":{"uv":[2.0,12.5,2.625,13.25],"rotation":0,"texture":"#0","tintindex":0},"up":{"uv":[13.0,5.125,13.625,4.5],"rotation":0,"texture":"#0","tintindex":0},"west":{"uv":[2.625,12.5,2.0,13.25],"rotation":0,"texture":"#0","tintindex":0}}},{"name":"cube","from":[0.7999997,13.400001,2.8999999],"to":[3.1999998,14.6,5.3],"rotation":{"angle":0.0,"axis":"x","origin":[8.3,9.2,8.3]},"faces":{"down":{"uv":[14.875,0.25,14.375,0.75],"rotation":0,"texture":"#0","tintindex":0},"east":{"uv":[14.875,14.125,15.375,14.375],"rotation":0,"texture":"#0","tintindex":0},"north":{"uv":[14.875,13.875,15.375,14.125],"rotation":0,"texture":"#0","tintindex":0},"south":{"uv":[15.375,14.125,14.875,14.375],"rotation":0,"texture":"#0","tintindex":0},"up":{"uv":[0.5,14.875,0.0,14.375],"rotation":0,"texture":"#0","tintindex":0},"west":{"uv":[15.375,13.875,14.875,14.125],"rotation":0,"texture":"#0","tintindex":0}}},{"name":"cube","from":[0.7999997,13.400001,10.700001],"to":[3.1999998,14.6,13.1],"rotation":{"angle":0.0,"axis":"x","origin":[8.3,9.2,8.3]},"faces":{"down":{"uv":[1.5,14.375,1.0,14.875],"rotation":0,"texture":"#0","tintindex":0},"east":{"uv":[15.375,14.125,14.875,14.375],"rotation":0,"texture":"#0","tintindex":0},"north":{"uv":[14.875,14.125,15.375,14.375],"rotation":0,"texture":"#0","tintindex":0},"south":{"uv":[15.375,13.875,14.875,14.125],"rotation":0,"texture":"#0","tintindex":0},"up":{"uv":[1.0,14.875,0.5,14.375],"rotation":0,"texture":"#0","tintindex":0},"west":{"uv":[14.875,13.875,15.375,14.125],"rotation":0,"texture":"#0","tintindex":0}}},{"name":"cube","from":[12.8,13.400001,2.8999999],"to":[15.2,14.6,5.3],"rotation":{"angle":0.0,"axis":"x","origin":[8.3,9.2,8.3]},"faces":{"down":{"uv":[3.5,14.375,3.0,14.875],"rotation":0,"texture":"#0","tintindex":0},"east":{"uv":[14.875,13.875,15.375,14.125],"rotation":0,"texture":"#0","tintindex":0},"north":{"uv":[15.375,13.875,14.875,14.125],"rotation":0,"texture":"#0","tintindex":0},"south":{"uv":[14.875,14.125,15.375,14.375],"rotation":0,"texture":"#0","tintindex":0},"up":{"uv":[3.0,14.875,2.5,14.375],"rotation":0,"texture":"#0","tintindex":0},"west":{"uv":[15.375,14.125,14.875,14.375],"rotation":0,"texture":"#0","tintindex":0}}},{"name":"cube","from":[12.8,13.400001,10.700001],"to":[15.2,14.6,13.1],"rotation":{"angle":0.0,"axis":"x","origin":[8.3,9.2,8.3]},"faces":{"down":{"uv":[2.5,14.375,2.0,14.875],"rotation":0,"texture":"#0","tintindex":0},"east":{"uv":[15.375,13.875,14.875,14.125],"rotation":0,"texture":"#0","tintindex":0},"north":{"uv":[15.375,14.125,14.875,14.375],"rotation":0,"texture":"#0","tintindex":0},"south":{"uv":[14.875,13.875,15.375,14.125],"rotation":0,"texture":"#0","tintindex":0},"up":{"uv":[2.0,14.875,1.5,14.375],"rotation":0,"texture":"#0","tintindex":0},"west":{"uv":[14.875,14.125,15.375,14.375],"rotation":0,"texture":"#0","tintindex":0}}},{"name":"cube","from":[12.8,9.8,10.700001],"to":[15.8,13.400001,13.7],"rotation":{"angle":0.0,"axis":"x","origin":[8.3,9.2,7.7]},"faces":{"down":{"uv":[1.25,13.25,0.625,13.875],"rotation":0,"texture":"#0","tintindex":0},"east":{"uv":[2.0,12.5,1.375,13.25],"rotation":0,"texture":"#0","tintindex":0},"north":{"uv":[2.625,12.5,2.0,13.25],"rotation":0,"texture":"#0","tintindex":0},"south":{"uv":[1.375,12.5,2.0,13.25],"rotation":0,"texture":"#0","tintindex":0},"up":{"uv":[13.0,4.5,13.625,5.125],"rotation":0,"texture":"#0","tintindex":0},"west":{"uv":[2.0,12.5,2.625,13.25],"rotation":0,"texture":"#0","tintindex":0}}},{"name":"cube","from":[12.2,14.6,10.1],"to":[15.8,16.400002,13.7],"rotation":{"angle":0.0,"axis":"x","origin":[8.3,9.2,7.7]},"faces":{"down":{"uv":[0.0,13.0,0.75,12.25],"rotation":0,"texture":"#0","tintindex":0},"east":{"uv":[14.125,1.125,14.875,1.5],"rotation":0,"texture":"#0","tintindex":0},"north":{"uv":[14.125,1.125,14.875,1.5],"rotation":0,"texture":"#0","tintindex":0},"south":{"uv":[14.125,1.125,14.875,1.5],"rotation":0,"texture":"#0","tintindex":0},"up":{"uv":[9.625,5.25,8.875,4.5],"rotation":0,"texture":"#0","tintindex":0},"west":{"uv":[14.125,1.125,14.875,1.5],"rotation":0,"texture":"#0","tintindex":0}}},{"name":"cube","from":[-1.0000005,16.400002,1.6999998],"to":[17.0,17.6,14.3],"rotation":{"angle":0.0,"axis":"x","origin":[8.3,9.2,7.7]},"faces":{"down":{"uv":[4.0,2.875,0.0,0.0],"rotation":0,"texture":"#0","tintindex":0},"east":{"uv":[12.125,0.0,14.75,0.25],"rotation":0,"texture":"#0","tintindex":0},"north":{"uv":[10.375,4.25,14.125,4.5],"rotation":0,"texture":"#0","tintindex":0},"south":{"uv":[10.375,4.25,14.125,4.5],"rotation":0,"texture":"#0","tintindex":0},"up":{"uv":[7.75,2.625,4.0,0.0],"rotation":0,"texture":"#0","tintindex":0},"west":{"uv":[12.125,0.0,14.75,0.25],"rotation":0,"texture":"#0","tintindex":0}}},{"name":"cube","from":[12.2,14.6,2.2999997],"to":[15.8,16.400002,5.8999996],"rotation":{"angle":0.0,"axis":"x","origin":[8.3,9.2,7.7]},"faces":{"down":{"uv":[0.0,12.25,0.75,13.0],"rotation":0,"texture":"#0","tintindex":0},"east":{"uv":[14.125,1.125,14.875,1.5],"rotation":0,"texture":"#0","tintindex":0},"north":{"uv":[14.125,1.125,14.875,1.5],"rotation":0,"texture":"#0","tintindex":0},"south":{"uv":[14.125,1.125,14.875,1.5],"rotation":0,"texture":"#0","tintindex":0},"up":{"uv":[2.625,12.5,1.875,11.75],"rotation":0,"texture":"#0","tintindex":0},"west":{"uv":[14.125,1.125,14.875,1.5],"rotation":0,"texture":"#0","tintindex":0}}},{"name":"cube","from":[0.19999981,14.6,10.1],"to":[3.7999997,16.400002,13.7],"rotation":{"angle":0.0,"axis":"x","origin":[8.3,9.2,7.7]},"faces":{"down":{"uv":[0.75,13.0,0.0,12.25],"rotation":0,"texture":"#0","tintindex":0},"east":{"uv":[14.125,1.125,14.875,1.5],"rotation":0,"texture":"#0","tintindex":0},"north":{"uv":[14.125,1.125,14.875,1.5],"rotation":0,"texture":"#0","tintindex":0},"south":{"uv":[14.125,1.125,14.875,1.5],"rotation":0,"texture":"#0","tintindex":0},"up":{"uv":[3.375,13.0,2.625,12.25],"rotation":0,"texture":"#0","tintindex":0},"west":{"uv":[14.125,1.125,14.875,1.5],"rotation":0,"texture":"#0","tintindex":0}}},{"name":"cube","from":[0.19999981,14.6,2.2999997],"to":[3.7999997,16.400002,5.8999996],"rotation":{"angle":0.0,"axis":"x","origin":[8.3,9.2,7.7]},"faces":{"down":{"uv":[0.75,12.25,0.0,13.0],"rotation":0,"texture":"#0","tintindex":0},"east":{"uv":[14.125,1.125,14.875,1.5],"rotation":0,"texture":"#0","tintindex":0},"north":{"uv":[14.125,1.125,14.875,1.5],"rotation":0,"texture":"#0","tintindex":0},"south":{"uv":[14.125,1.125,14.875,1.5],"rotation":0,"texture":"#0","tintindex":0},"up":{"uv":[12.875,10.5,12.125,9.75],"rotation":0,"texture":"#0","tintindex":0},"west":{"uv":[14.125,1.125,14.875,1.5],"rotation":0,"texture":"#0","tintindex":0}}},{"name":"cube","from":[0.19999981,9.8,10.700001],"to":[3.1999998,13.400001,13.7],"rotation":{"angle":0.0,"axis":"x","origin":[8.3,9.2,8.3]},"faces":{"down":{"uv":[13.75,0.25,13.125,0.875],"rotation":0,"texture":"#0","tintindex":0},"east":{"uv":[2.625,12.5,2.0,13.25],"rotation":0,"texture":"#0","tintindex":0},"north":{"uv":[2.0,12.5,2.625,13.25],"rotation":0,"texture":"#0","tintindex":0},"south":{"uv":[2.0,12.5,1.375,13.25],"rotation":0,"texture":"#0","tintindex":0},"up":{"uv":[13.625,4.5,13.0,5.125],"rotation":0,"texture":"#0","tintindex":0},"west":{"uv":[1.375,12.5,2.0,13.25],"rotation":0,"texture":"#0","tintindex":0}}},{"name":"cube","from":[0.7999997,9.2,2.8999999],"to":[15.2,11.0,13.1],"rotation":{"angle":0.0,"axis":"x","origin":[8.3,9.2,8.3]},"faces":{"down":{"uv":[3.0,5.75,0.0,7.875],"rotation":0,"texture":"#0","tintindex":0},"east":{"uv":[10.0,11.25,12.125,11.625],"rotation":0,"texture":"#0","tintindex":0},"north":{"uv":[4.25,10.875,7.25,11.25],"rotation":0,"texture":"#0","tintindex":0},"south":{"uv":[4.25,10.875,7.25,11.25],"rotation":0,"texture":"#0","tintindex":0},"up":{"uv":[7.0,7.375,4.0,5.25],"rotation":0,"texture":"#0","tintindex":0},"west":{"uv":[10.0,11.25,12.125,11.625],"rotation":0,"texture":"#0","tintindex":0}}}],"display":{"head":{"translation":[0.0,-6.4,0.0],"rotation":[0.0,0.0,0.0],"scale":[3.8095,3.8095,3.8095]}}}