{"textures":{"0":"modelengine:entity/crate4"},"elements":[{"name":"cube","from":[6.2,6.2,5.6],"to":[7.4,7.4,6.8],"rotation":{"angle":0.0,"axis":"x","origin":[8.0,8.0,8.0]},"faces":{"down":{"uv":[15.625,13.75,15.375,14.0],"rotation":0,"texture":"#0","tintindex":0},"east":{"uv":[15.375,12.75,15.625,13.0],"rotation":0,"texture":"#0","tintindex":0},"north":{"uv":[15.375,12.5,15.625,12.75],"rotation":0,"texture":"#0","tintindex":0},"south":{"uv":[15.375,12.5,15.625,12.75],"rotation":0,"texture":"#0","tintindex":0},"up":{"uv":[15.625,13.75,15.375,13.5],"rotation":0,"texture":"#0","tintindex":0},"west":{"uv":[13.375,15.375,13.625,15.625],"rotation":0,"texture":"#0","tintindex":0}}},{"name":"cube","from":[6.2,7.4,5.6],"to":[9.8,8.6,6.8],"rotation":{"angle":0.0,"axis":"x","origin":[8.0,8.0,8.0]},"faces":{"down":{"uv":[1.75,14.875,1.0,15.125],"rotation":0,"texture":"#0","tintindex":0},"east":{"uv":[15.375,12.25,15.625,12.5],"rotation":0,"texture":"#0","tintindex":0},"north":{"uv":[3.25,11.375,4.0,11.625],"rotation":0,"texture":"#0","tintindex":0},"south":{"uv":[3.25,11.375,4.0,11.625],"rotation":0,"texture":"#0","tintindex":0},"up":{"uv":[15.625,1.0,14.875,0.75],"rotation":0,"texture":"#0","tintindex":0},"west":{"uv":[12.375,15.375,12.625,15.625],"rotation":0,"texture":"#0","tintindex":0}}},{"name":"cube","from":[8.6,6.2,5.6],"to":[9.8,7.4,6.8],"rotation":{"angle":0.0,"axis":"x","origin":[8.0,8.0,8.0]},"faces":{"down":{"uv":[2.0,15.5,1.75,15.75],"rotation":0,"texture":"#0","tintindex":0},"east":{"uv":[15.0,15.375,15.25,15.625],"rotation":0,"texture":"#0","tintindex":0},"north":{"uv":[15.375,14.0,15.625,14.25],"rotation":0,"texture":"#0","tintindex":0},"south":{"uv":[15.375,14.0,15.625,14.25],"rotation":0,"texture":"#0","tintindex":0},"up":{"uv":[15.75,0.75,15.5,0.5],"rotation":0,"texture":"#0","tintindex":0},"west":{"uv":[15.5,0.25,15.75,0.5],"rotation":0,"texture":"#0","tintindex":0}}},{"name":"cube","from":[5.8999996,2.6,5.3],"to":[10.1,6.2,7.1],"rotation":{"angle":0.0,"axis":"x","origin":[8.0,8.0,8.0]},"faces":{"down":{"uv":[14.5,2.625,13.625,3.0],"rotation":0,"texture":"#0","tintindex":0},"east":{"uv":[14.25,6.5,14.625,7.25],"rotation":0,"texture":"#0","tintindex":0},"north":{"uv":[3.0,5.75,3.875,6.5],"rotation":0,"texture":"#0","tintindex":0},"south":{"uv":[3.0,5.75,3.875,6.5],"rotation":0,"texture":"#0","tintindex":0},"up":{"uv":[14.5,2.625,13.625,3.0],"rotation":0,"texture":"#0","tintindex":0},"west":{"uv":[14.25,10.25,14.625,11.0],"rotation":0,"texture":"#0","tintindex":0}}}],"display":{"head":{"translation":[0.0,-6.4,0.0],"rotation":[0.0,0.0,0.0],"scale":[3.8095,3.8095,3.8095]}}}