{"textures":{"0":"modelengine:entity/crate4"},"elements":[{"name":"cube","from":[7.1,2.8999987,7.7],"to":[12.5,5.8999987,10.700001],"rotation":{"angle":45.0,"axis":"x","origin":[8.9,5.5999985,8.0]},"faces":{"down":{"uv":[7.75,11.625,8.875,12.25],"rotation":0,"texture":"#0","tintindex":0},"east":{"uv":[6.375,13.25,5.75,13.875],"rotation":0,"texture":"#0","tintindex":0},"north":{"uv":[8.875,11.625,7.75,12.25],"rotation":0,"texture":"#0","tintindex":0},"south":{"uv":[7.75,11.625,8.875,12.25],"rotation":0,"texture":"#0","tintindex":0},"up":{"uv":[7.75,11.625,8.875,12.25],"rotation":0,"texture":"#0","tintindex":0},"west":{"uv":[1.875,13.25,2.5,13.875],"rotation":0,"texture":"#0","tintindex":0}}}],"display":{"head":{"translation":[0.0,-6.4,0.0],"rotation":[0.0,0.0,0.0],"scale":[3.8095,3.8095,3.8095]}}}