{"textures":{"0":"modelengine:entity/crate4"},"elements":[{"name":"cube","from":[-8.200001,9.8,-2.2000003],"to":[-7.6000004,14.0,5.6],"rotation":{"angle":0.0,"axis":"x","origin":[1.3999997,3.4999998,5.3]},"faces":{"down":{"uv":[7.0,7.375,6.875,9.0],"rotation":0,"texture":"#0","tintindex":0},"east":{"uv":[10.5,9.0,12.125,9.875],"rotation":0,"texture":"#0","tintindex":0},"north":{"uv":[5.875,14.875,6.0,15.75],"rotation":0,"texture":"#0","tintindex":0},"south":{"uv":[13.875,15.125,14.0,16.0],"rotation":0,"texture":"#0","tintindex":0},"up":{"uv":[4.0,7.375,3.875,5.75],"rotation":0,"texture":"#0","tintindex":0},"west":{"uv":[10.5,9.875,12.125,10.75],"rotation":0,"texture":"#0","tintindex":0}}},{"name":"cube","from":[6.2,9.8,-2.2000003],"to":[6.2,14.0,5.6],"rotation":{"angle":0.0,"axis":"x","origin":[1.3999997,3.4999998,5.3]},"faces":{"down":{"uv":[0.0,0.0,0.0,1.625],"rotation":0,"texture":"#0","tintindex":0},"east":{"uv":[10.5,9.875,12.125,10.75],"rotation":0,"texture":"#0","tintindex":0},"north":{"uv":[0.0,0.0,0.0,0.875],"rotation":0,"texture":"#0","tintindex":0},"south":{"uv":[0.0,0.0,0.0,0.875],"rotation":0,"texture":"#0","tintindex":0},"up":{"uv":[0.0,1.625,0.0,0.0],"rotation":0,"texture":"#0","tintindex":0},"west":{"uv":[2.625,10.5,4.25,11.375],"rotation":0,"texture":"#0","tintindex":0}}},{"name":"cube","from":[-7.3,12.327967,-0.40000033],"to":[5.3,14.727967,3.7999997],"rotation":{"angle":0.0,"axis":"x","origin":[-1.0000005,3.6279664,0.49999976]},"faces":{"down":{"uv":[12.375,4.5,9.75,5.375],"rotation":0,"texture":"#0","tintindex":0},"east":{"uv":[12.75,6.75,13.625,7.25],"rotation":0,"texture":"#0","tintindex":0},"north":{"uv":[10.375,3.75,13.0,4.25],"rotation":0,"texture":"#0","tintindex":0},"south":{"uv":[10.5,10.75,13.125,11.25],"rotation":0,"texture":"#0","tintindex":0},"up":{"uv":[5.25,10.5,2.625,9.625],"rotation":0,"texture":"#0","tintindex":0},"west":{"uv":[11.5,12.75,12.375,13.25],"rotation":0,"texture":"#0","tintindex":0}}},{"name":"cube","from":[-7.3,9.40959,-2.5587797],"to":[5.3,12.40959,2.8412213],"rotation":{"angle":45.0,"axis":"x","origin":[-1.0000005,10.90959,1.3412212]},"faces":{"down":{"uv":[2.625,9.0,0.0,10.125],"rotation":0,"texture":"#0","tintindex":0},"east":{"uv":[4.375,11.625,5.5,12.25],"rotation":0,"texture":"#0","tintindex":0},"north":{"uv":[10.375,1.75,13.0,2.375],"rotation":0,"texture":"#0","tintindex":0},"south":{"uv":[10.375,2.375,13.0,3.0],"rotation":0,"texture":"#0","tintindex":0},"up":{"uv":[5.25,9.625,2.625,8.5],"rotation":0,"texture":"#0","tintindex":0},"west":{"uv":[11.625,5.375,12.75,6.0],"rotation":0,"texture":"#0","tintindex":0}}},{"name":"cube","from":[-7.3,7.4,-2.2000003],"to":[5.3,11.0,3.1999998],"rotation":{"angle":22.5,"axis":"x","origin":[-1.0000005,12.5,1.6999998]},"faces":{"down":{"uv":[10.5,9.0,7.875,10.125],"rotation":0,"texture":"#0","tintindex":0},"east":{"uv":[5.75,8.125,6.875,8.875],"rotation":0,"texture":"#0","tintindex":0},"north":{"uv":[5.25,10.125,7.875,10.875],"rotation":0,"texture":"#0","tintindex":0},"south":{"uv":[7.875,10.125,10.5,10.875],"rotation":0,"texture":"#0","tintindex":0},"up":{"uv":[7.875,10.125,5.25,9.0],"rotation":0,"texture":"#0","tintindex":0},"west":{"uv":[0.0,10.875,1.125,11.625],"rotation":0,"texture":"#0","tintindex":0}}},{"name":"cube","from":[-7.3,9.40959,0.5587783],"to":[5.3,12.40959,5.9587784],"rotation":{"angle":-45.0,"axis":"x","origin":[-1.0000005,10.90959,2.0587783]},"faces":{"down":{"uv":[2.625,7.875,0.0,9.0],"rotation":0,"texture":"#0","tintindex":0},"east":{"uv":[0.0,11.625,1.125,12.25],"rotation":0,"texture":"#0","tintindex":0},"north":{"uv":[9.75,8.375,12.375,9.0],"rotation":0,"texture":"#0","tintindex":0},"south":{"uv":[10.375,1.75,13.0,2.375],"rotation":0,"texture":"#0","tintindex":0},"up":{"uv":[10.375,4.5,7.75,3.375],"rotation":0,"texture":"#0","tintindex":0},"west":{"uv":[3.25,11.625,4.375,12.25],"rotation":0,"texture":"#0","tintindex":0}}},{"name":"cube","from":[-7.3,7.4,0.19999981],"to":[5.3,11.0,5.6],"rotation":{"angle":-22.5,"axis":"x","origin":[-1.0000005,12.5,1.6999998]},"faces":{"down":{"uv":[10.375,2.25,7.75,3.375],"rotation":0,"texture":"#0","tintindex":0},"east":{"uv":[5.75,7.375,6.875,8.125],"rotation":0,"texture":"#0","tintindex":0},"north":{"uv":[9.75,7.625,12.375,8.375],"rotation":0,"texture":"#0","tintindex":0},"south":{"uv":[5.25,10.125,7.875,10.875],"rotation":0,"texture":"#0","tintindex":0},"up":{"uv":[10.375,2.25,7.75,1.125],"rotation":0,"texture":"#0","tintindex":0},"west":{"uv":[7.75,4.5,8.875,5.25],"rotation":0,"texture":"#0","tintindex":0}}},{"name":"cube","from":[-9.700001,13.125967,-3.22234],"to":[-7.3,16.725967,-0.82234],"rotation":{"angle":45.0,"axis":"x","origin":[-8.500001,13.125967,-3.22234]},"faces":{"down":{"uv":[5.5,14.375,5.0,14.875],"rotation":0,"texture":"#0","tintindex":0},"east":{"uv":[14.0,8.75,13.5,9.5],"rotation":0,"texture":"#0","tintindex":0},"north":{"uv":[4.5,13.625,4.0,14.375],"rotation":0,"texture":"#0","tintindex":0},"south":{"uv":[4.5,13.625,4.0,14.375],"rotation":0,"texture":"#0","tintindex":0},"up":{"uv":[14.875,5.0,14.375,4.5],"rotation":0,"texture":"#0","tintindex":0},"west":{"uv":[13.5,8.75,14.0,9.5],"rotation":0,"texture":"#0","tintindex":0}}},{"name":"cube","from":[-9.700601,9.7994,-4.6006002],"to":[-7.2994013,13.4005995,-2.199401],"rotation":{"angle":22.5,"axis":"x","origin":[-8.500001,9.8,-4.6000004]},"faces":{"down":{"uv":[4.5,14.375,4.0,14.875],"rotation":0,"texture":"#0","tintindex":0},"east":{"uv":[13.0,13.25,12.5,14.0],"rotation":0,"texture":"#0","tintindex":0},"north":{"uv":[14.125,1.875,13.625,2.625],"rotation":0,"texture":"#0","tintindex":0},"south":{"uv":[13.625,1.875,14.125,2.625],"rotation":0,"texture":"#0","tintindex":0},"up":{"uv":[14.875,4.0,14.375,3.5],"rotation":0,"texture":"#0","tintindex":0},"west":{"uv":[12.5,13.25,13.0,14.0],"rotation":0,"texture":"#0","tintindex":0}}},{"name":"cube","from":[-9.700601,13.270949,-0.7006006],"to":[-7.2994013,15.672152,4.1006],"rotation":{"angle":0.0,"axis":"x","origin":[-8.500001,12.07155,2.8999999]},"faces":{"down":{"uv":[8.625,13.25,9.125,12.25],"rotation":0,"texture":"#0","tintindex":0},"east":{"uv":[12.125,0.25,13.125,0.75],"rotation":0,"texture":"#0","tintindex":0},"north":{"uv":[5.5,14.375,6.0,14.875],"rotation":0,"texture":"#0","tintindex":0},"south":{"uv":[11.5,14.375,12.0,14.875],"rotation":0,"texture":"#0","tintindex":0},"up":{"uv":[8.625,13.25,9.125,12.25],"rotation":0,"texture":"#0","tintindex":0},"west":{"uv":[12.125,0.25,13.125,0.75],"rotation":0,"texture":"#0","tintindex":0}}},{"name":"cube","from":[-9.700001,11.574494,2.8767552],"to":[-7.3,15.174495,5.2767553],"rotation":{"angle":-45.0,"axis":"x","origin":[-8.500001,13.974495,4.076755]},"faces":{"down":{"uv":[5.0,14.375,4.5,14.875],"rotation":0,"texture":"#0","tintindex":0},"east":{"uv":[6.875,13.5,6.375,14.25],"rotation":0,"texture":"#0","tintindex":0},"north":{"uv":[4.0,13.625,4.5,14.375],"rotation":0,"texture":"#0","tintindex":0},"south":{"uv":[4.0,13.625,4.5,14.375],"rotation":0,"texture":"#0","tintindex":0},"up":{"uv":[14.875,4.5,14.375,4.0],"rotation":0,"texture":"#0","tintindex":0},"west":{"uv":[6.375,13.5,6.875,14.25],"rotation":0,"texture":"#0","tintindex":0}}},{"name":"cube","from":[-9.700601,9.7994,5.5994],"to":[-7.2994013,13.4005995,8.000601],"rotation":{"angle":-22.5,"axis":"x","origin":[-8.500001,9.8,8.0]},"faces":{"down":{"uv":[4.0,14.375,3.5,14.875],"rotation":0,"texture":"#0","tintindex":0},"east":{"uv":[12.0,13.25,11.5,14.0],"rotation":0,"texture":"#0","tintindex":0},"north":{"uv":[14.125,1.875,13.625,2.625],"rotation":0,"texture":"#0","tintindex":0},"south":{"uv":[13.625,1.875,14.125,2.625],"rotation":0,"texture":"#0","tintindex":0},"up":{"uv":[14.875,3.5,14.375,3.0],"rotation":0,"texture":"#0","tintindex":0},"west":{"uv":[11.5,13.25,12.0,14.0],"rotation":0,"texture":"#0","tintindex":0}}},{"name":"cube","from":[5.2994,9.7994,-4.6006002],"to":[7.7006,13.4005995,-2.199401],"rotation":{"angle":22.5,"axis":"x","origin":[6.5,9.8,-4.6000004]},"faces":{"down":{"uv":[8.75,14.5,8.25,15.0],"rotation":0,"texture":"#0","tintindex":0},"east":{"uv":[13.0,13.25,12.5,14.0],"rotation":0,"texture":"#0","tintindex":0},"north":{"uv":[13.625,1.875,14.125,2.625],"rotation":0,"texture":"#0","tintindex":0},"south":{"uv":[14.125,1.875,13.625,2.625],"rotation":0,"texture":"#0","tintindex":0},"up":{"uv":[15.0,6.5,14.5,6.0],"rotation":0,"texture":"#0","tintindex":0},"west":{"uv":[12.5,13.25,13.0,14.0],"rotation":0,"texture":"#0","tintindex":0}}},{"name":"cube","from":[5.3,13.125967,-3.22234],"to":[7.7,16.725967,-0.82234],"rotation":{"angle":45.0,"axis":"x","origin":[6.5,13.125967,-3.22234]},"faces":{"down":{"uv":[15.0,14.5,14.5,15.0],"rotation":0,"texture":"#0","tintindex":0},"east":{"uv":[14.0,8.75,13.5,9.5],"rotation":0,"texture":"#0","tintindex":0},"north":{"uv":[4.0,13.625,4.5,14.375],"rotation":0,"texture":"#0","tintindex":0},"south":{"uv":[4.0,13.625,4.5,14.375],"rotation":0,"texture":"#0","tintindex":0},"up":{"uv":[14.5,15.0,14.0,14.5],"rotation":0,"texture":"#0","tintindex":0},"west":{"uv":[13.5,8.75,14.0,9.5],"rotation":0,"texture":"#0","tintindex":0}}},{"name":"cube","from":[5.2994,13.270949,-0.7006006],"to":[7.7006,15.672152,4.1006],"rotation":{"angle":0.0,"axis":"x","origin":[6.5,12.07155,2.8999999]},"faces":{"down":{"uv":[9.125,13.25,8.625,12.25],"rotation":0,"texture":"#0","tintindex":0},"east":{"uv":[12.125,0.25,13.125,0.75],"rotation":0,"texture":"#0","tintindex":0},"north":{"uv":[14.5,5.0,15.0,5.5],"rotation":0,"texture":"#0","tintindex":0},"south":{"uv":[14.5,5.5,15.0,6.0],"rotation":0,"texture":"#0","tintindex":0},"up":{"uv":[9.125,13.25,8.625,12.25],"rotation":0,"texture":"#0","tintindex":0},"west":{"uv":[12.125,0.25,13.125,0.75],"rotation":0,"texture":"#0","tintindex":0}}},{"name":"cube","from":[5.3,11.574494,2.8767552],"to":[7.7,15.174495,5.2767553],"rotation":{"angle":-45.0,"axis":"x","origin":[6.5,13.974495,4.076755]},"faces":{"down":{"uv":[14.0,14.375,13.5,14.875],"rotation":0,"texture":"#0","tintindex":0},"east":{"uv":[6.875,13.5,6.375,14.25],"rotation":0,"texture":"#0","tintindex":0},"north":{"uv":[4.5,13.625,4.0,14.375],"rotation":0,"texture":"#0","tintindex":0},"south":{"uv":[4.5,13.625,4.0,14.375],"rotation":0,"texture":"#0","tintindex":0},"up":{"uv":[14.875,13.0,14.375,12.5],"rotation":0,"texture":"#0","tintindex":0},"west":{"uv":[6.375,13.5,6.875,14.25],"rotation":0,"texture":"#0","tintindex":0}}},{"name":"cube","from":[5.2994,9.7994,5.5994],"to":[7.7006,13.4005995,8.000601],"rotation":{"angle":-22.5,"axis":"x","origin":[6.5,9.8,8.0]},"faces":{"down":{"uv":[13.0,14.375,12.5,14.875],"rotation":0,"texture":"#0","tintindex":0},"east":{"uv":[12.0,13.25,11.5,14.0],"rotation":0,"texture":"#0","tintindex":0},"north":{"uv":[13.625,1.875,14.125,2.625],"rotation":0,"texture":"#0","tintindex":0},"south":{"uv":[14.125,1.875,13.625,2.625],"rotation":0,"texture":"#0","tintindex":0},"up":{"uv":[12.5,14.875,12.0,14.375],"rotation":0,"texture":"#0","tintindex":0},"west":{"uv":[11.5,13.25,12.0,14.0],"rotation":0,"texture":"#0","tintindex":0}}},{"name":"cube","from":[-10.6,8.0,-5.200001],"to":[8.6,9.8,8.6],"rotation":{"angle":0.0,"axis":"x","origin":[-0.7000003,-0.40000033,1.3999997]},"faces":{"down":{"uv":[4.0,2.875,0.0,5.75],"rotation":0,"texture":"#0","tintindex":0},"east":{"uv":[7.125,11.25,10.0,11.625],"rotation":0,"texture":"#0","tintindex":0},"north":{"uv":[10.375,3.0,14.375,3.375],"rotation":0,"texture":"#0","tintindex":0},"south":{"uv":[10.375,3.0,14.375,3.375],"rotation":0,"texture":"#0","tintindex":0},"up":{"uv":[4.0,2.875,0.0,0.0],"rotation":0,"texture":"#0","tintindex":0},"west":{"uv":[7.125,11.25,10.0,11.625],"rotation":0,"texture":"#0","tintindex":0}}},{"name":"cube","from":[-2.2006001,7.9994,-5.2006006],"to":[1.4006,11.6006,-2.7994008],"rotation":{"angle":45.0,"axis":"z","origin":[-1.0000005,9.2,-7.6000004]},"faces":{"down":{"uv":[13.75,11.0,14.25,11.75],"rotation":0,"texture":"#0","tintindex":0},"east":{"uv":[13.75,11.0,14.25,11.75],"rotation":0,"texture":"#0","tintindex":0},"north":{"uv":[4.125,12.25,4.875,13.0],"rotation":0,"texture":"#0","tintindex":0},"south":{"uv":[4.875,12.25,5.625,13.0],"rotation":0,"texture":"#0","tintindex":0},"up":{"uv":[13.75,4.25,13.0,3.75],"rotation":0,"texture":"#0","tintindex":0},"west":{"uv":[13.75,11.0,14.25,11.75],"rotation":0,"texture":"#0","tintindex":0}}},{"name":"cube","from":[-1.6000004,8.848528,-7.000001],"to":[-0.40000033,11.2485285,-5.200001],"rotation":{"angle":0.0,"axis":"x","origin":[-1.0000005,10.048529,-4.0000005]},"faces":{"down":{"uv":[15.5,14.375,15.25,14.75],"rotation":0,"texture":"#0","tintindex":0},"east":{"uv":[12.25,11.75,12.625,12.25],"rotation":0,"texture":"#0","tintindex":0},"north":{"uv":[0.25,15.25,0.5,15.75],"rotation":0,"texture":"#0","tintindex":0},"south":{"uv":[2.25,15.25,2.5,15.75],"rotation":0,"texture":"#0","tintindex":0},"up":{"uv":[11.0,15.625,10.75,15.25],"rotation":0,"texture":"#0","tintindex":0},"west":{"uv":[0.625,14.875,1.0,15.375],"rotation":0,"texture":"#0","tintindex":0}}},{"name":"cube","from":[5.8999996,10.57155,1.3999997],"to":[7.1,12.971551,6.2],"rotation":{"angle":45.0,"axis":"x","origin":[-11.200001,12.671551,1.6999998]},"faces":{"down":{"uv":[15.0,9.25,14.75,10.25],"rotation":0,"texture":"#0","tintindex":0},"east":{"uv":[11.625,12.25,10.625,12.75],"rotation":0,"texture":"#0","tintindex":0},"north":{"uv":[12.625,12.75,12.375,13.25],"rotation":0,"texture":"#0","tintindex":0},"south":{"uv":[15.0,14.875,15.25,15.375],"rotation":0,"texture":"#0","tintindex":0},"up":{"uv":[6.0,15.375,6.25,14.375],"rotation":0,"texture":"#0","tintindex":0},"west":{"uv":[11.625,12.25,12.625,12.75],"rotation":0,"texture":"#0","tintindex":0}}},{"name":"cube","from":[-9.1,8.171551,1.3999997],"to":[-7.9000006,10.57155,3.7999997],"rotation":{"angle":45.0,"axis":"x","origin":[-11.500001,12.671551,1.6999998]},"faces":{"down":{"uv":[14.75,15.0,14.5,15.5],"rotation":0,"texture":"#0","tintindex":0},"east":{"uv":[14.625,6.5,15.125,7.0],"rotation":0,"texture":"#0","tintindex":0},"north":{"uv":[14.0,15.0,14.25,15.5],"rotation":0,"texture":"#0","tintindex":0},"south":{"uv":[14.25,15.0,14.5,15.5],"rotation":0,"texture":"#0","tintindex":0},"up":{"uv":[15.25,14.875,15.0,14.375],"rotation":0,"texture":"#0","tintindex":0},"west":{"uv":[14.625,7.0,15.125,7.5],"rotation":0,"texture":"#0","tintindex":0}}},{"name":"cube","from":[-9.1,10.57155,1.3999997],"to":[-7.9000006,12.971551,6.2],"rotation":{"angle":45.0,"axis":"x","origin":[-11.500001,12.671551,1.6999998]},"faces":{"down":{"uv":[9.0,14.5,8.75,15.5],"rotation":0,"texture":"#0","tintindex":0},"east":{"uv":[9.625,12.25,10.625,12.75],"rotation":0,"texture":"#0","tintindex":0},"north":{"uv":[12.375,12.75,12.625,13.25],"rotation":0,"texture":"#0","tintindex":0},"south":{"uv":[12.875,10.25,13.125,10.75],"rotation":0,"texture":"#0","tintindex":0},"up":{"uv":[6.25,15.375,6.0,14.375],"rotation":0,"texture":"#0","tintindex":0},"west":{"uv":[10.625,12.25,11.625,12.75],"rotation":0,"texture":"#0","tintindex":0}}},{"name":"cube","from":[-12.1,7.25,0.7999997],"to":[-10.900001,10.25,2.6],"rotation":{"angle":45.0,"axis":"z","origin":[-12.1,9.2,1.6999998]},"faces":{"down":{"uv":[8.5,15.25,8.25,15.625],"rotation":0,"texture":"#0","tintindex":0},"east":{"uv":[2.625,7.875,3.0,8.5],"rotation":0,"texture":"#0","tintindex":0},"north":{"uv":[14.875,1.0,15.125,1.625],"rotation":0,"texture":"#0","tintindex":0},"south":{"uv":[15.125,1.0,14.875,1.625],"rotation":0,"texture":"#0","tintindex":0},"up":{"uv":[10.5,11.25,10.25,10.875],"rotation":0,"texture":"#0","tintindex":0},"west":{"uv":[11.0,14.75,11.375,15.375],"rotation":0,"texture":"#0","tintindex":0}}},{"name":"cube","from":[5.8999996,7.25,0.7999997],"to":[8.9,9.05,2.6],"rotation":{"angle":-45.0,"axis":"z","origin":[10.1,9.2,1.6999998]},"faces":{"down":{"uv":[14.75,11.125,15.375,11.5],"rotation":0,"texture":"#0","tintindex":0},"east":{"uv":[4.5,14.875,4.125,15.25],"rotation":0,"texture":"#0","tintindex":0},"north":{"uv":[14.875,0.75,14.25,1.125],"rotation":0,"texture":"#0","tintindex":0},"south":{"uv":[14.25,0.75,14.875,1.125],"rotation":0,"texture":"#0","tintindex":0},"up":{"uv":[14.75,11.125,15.375,10.75],"rotation":0,"texture":"#0","tintindex":0},"west":{"uv":[15.25,3.75,14.875,4.125],"rotation":0,"texture":"#0","tintindex":0}}},{"name":"cube","from":[5.8999996,8.171551,1.3999997],"to":[7.1,10.57155,3.7999997],"rotation":{"angle":45.0,"axis":"x","origin":[-11.200001,12.671551,1.6999998]},"faces":{"down":{"uv":[1.75,15.125,1.5,15.625],"rotation":0,"texture":"#0","tintindex":0},"east":{"uv":[15.125,7.0,14.625,7.5],"rotation":0,"texture":"#0","tintindex":0},"north":{"uv":[14.25,15.0,14.0,15.5],"rotation":0,"texture":"#0","tintindex":0},"south":{"uv":[15.125,1.0,15.375,1.5],"rotation":0,"texture":"#0","tintindex":0},"up":{"uv":[1.5,15.625,1.25,15.125],"rotation":0,"texture":"#0","tintindex":0},"west":{"uv":[10.5,14.75,11.0,15.25],"rotation":0,"texture":"#0","tintindex":0}}},{"name":"cube","from":[-10.900001,7.25,0.7999997],"to":[-7.9000006,9.05,2.6],"rotation":{"angle":45.0,"axis":"z","origin":[-12.1,9.2,1.6999998]},"faces":{"down":{"uv":[15.375,11.125,14.75,11.5],"rotation":0,"texture":"#0","tintindex":0},"east":{"uv":[14.875,3.75,15.25,4.125],"rotation":0,"texture":"#0","tintindex":0},"north":{"uv":[14.25,0.75,14.875,1.125],"rotation":0,"texture":"#0","tintindex":0},"south":{"uv":[14.875,0.75,14.25,1.125],"rotation":0,"texture":"#0","tintindex":0},"up":{"uv":[15.375,11.125,14.75,10.75],"rotation":0,"texture":"#0","tintindex":0},"west":{"uv":[4.125,14.875,4.5,15.25],"rotation":0,"texture":"#0","tintindex":0}}},{"name":"cube","from":[8.9,7.25,0.7999997],"to":[10.1,10.25,2.6],"rotation":{"angle":-45.0,"axis":"z","origin":[10.1,9.2,1.6999998]},"faces":{"down":{"uv":[8.25,15.25,8.5,15.625],"rotation":0,"texture":"#0","tintindex":0},"east":{"uv":[11.375,14.75,11.0,15.375],"rotation":0,"texture":"#0","tintindex":0},"north":{"uv":[15.125,1.0,14.875,1.625],"rotation":0,"texture":"#0","tintindex":0},"south":{"uv":[14.875,1.0,15.125,1.625],"rotation":0,"texture":"#0","tintindex":0},"up":{"uv":[10.25,11.25,10.5,10.875],"rotation":0,"texture":"#0","tintindex":0},"west":{"uv":[3.0,7.875,2.625,8.5],"rotation":0,"texture":"#0","tintindex":0}}}],"display":{"head":{"translation":[0.0,-6.4,0.0],"rotation":[0.0,0.0,0.0],"scale":[3.8095,3.8095,3.8095]}}}