{"textures":{"0":"modelengine:entity/pet_snowman_creeper","1":"modelengine:entity/pet_snowman"},"elements":[{"name":"cube","from":[6.2,8.099999,6.2],"to":[9.8,12.9,9.8],"rotation":{"angle":0.0,"axis":"x","origin":[8.0,3.8999996,8.0]},"faces":{"down":{"uv":[5.95,11.55,3.05,14.45],"rotation":0,"texture":"#0","tintindex":0},"east":{"uv":[11.05,7.05,13.95,10.95],"rotation":0,"texture":"#0","tintindex":0},"north":{"uv":[8.05,7.05,10.95,10.95],"rotation":0,"texture":"#0","tintindex":0},"south":{"uv":[8.05,11.05,10.95,14.95],"rotation":0,"texture":"#0","tintindex":0},"up":{"uv":[2.95,14.45,0.05,11.55],"rotation":0,"texture":"#0","tintindex":0},"west":{"uv":[11.05,11.05,13.95,14.95],"rotation":0,"texture":"#0","tintindex":0}}},{"name":"cube","from":[7.7,9.299999,4.3999996],"to":[8.3,9.9,6.2],"rotation":{"angle":0.0,"axis":"x","origin":[8.0,3.8999996,8.0]},"faces":{"down":{"uv":[6.45,12.55,6.05,13.95],"rotation":0,"texture":"#0","tintindex":0},"east":{"uv":[6.05,11.55,7.45,11.95],"rotation":0,"texture":"#0","tintindex":0},"north":{"uv":[12.05,6.05,12.45,6.45],"rotation":0,"texture":"#0","tintindex":0},"south":{"uv":[12.05,6.55,12.45,6.95],"rotation":0,"texture":"#0","tintindex":0},"up":{"uv":[7.95,12.95,7.55,11.55],"rotation":0,"texture":"#0","tintindex":0},"west":{"uv":[6.05,12.05,7.45,12.45],"rotation":0,"texture":"#0","tintindex":0}}},{"name":"cube","from":[5.6,10.5,5.6],"to":[10.4,11.1,10.4],"rotation":{"angle":0.0,"axis":"x","origin":[8.0,3.8999996,8.0]},"faces":{"down":{"uv":[7.95,4.05,4.05,7.95],"rotation":0,"texture":"#0","tintindex":0},"east":{"uv":[12.05,4.55,15.95,4.95],"rotation":0,"texture":"#0","tintindex":0},"north":{"uv":[12.05,4.05,15.95,4.45],"rotation":0,"texture":"#0","tintindex":0},"south":{"uv":[12.05,5.05,15.95,5.45],"rotation":0,"texture":"#0","tintindex":0},"up":{"uv":[7.95,3.95,4.05,0.05],"rotation":0,"texture":"#0","tintindex":0},"west":{"uv":[12.05,5.55,15.95,5.95],"rotation":0,"texture":"#0","tintindex":0}}}],"display":{"head":{"translation":[0.0,-6.4,0.0],"rotation":[0.0,0.0,0.0],"scale":[3.8095,3.8095,3.8095]}}}