{"textures":{"0":"modelengine:entity/pet_snowman_creeper","1":"modelengine:entity/pet_snowman"},"elements":[{"name":"cube","from":[6.8,7.4,8.0],"to":[11.0,9.8,8.0],"rotation":{"angle":22.5,"axis":"z","origin":[10.1,10.4,8.0]},"faces":{"down":{"uv":[0.05,0.05,3.45,0.05],"rotation":0,"texture":"#0","tintindex":0},"east":{"uv":[0.05,0.05,0.05,1.95],"rotation":0,"texture":"#0","tintindex":0},"north":{"uv":[15.45,0.05,12.05,1.95],"rotation":0,"texture":"#0","tintindex":0},"south":{"uv":[12.05,0.05,15.45,1.95],"rotation":0,"texture":"#0","tintindex":0},"up":{"uv":[0.05,0.05,3.45,0.05],"rotation":0,"texture":"#0","tintindex":0},"west":{"uv":[0.05,0.05,0.05,1.95],"rotation":0,"texture":"#0","tintindex":0}}}],"display":{"head":{"translation":[0.0,-6.4,0.0],"rotation":[0.0,0.0,0.0],"scale":[3.8095,3.8095,3.8095]}}}