{"textures":{"0":"modelengine:entity/cyan_crewmate_texture"},"elements":[{"name":"upper_body","from":[5.0,6.26,5.8999996],"to":[11.0,10.460001,10.1],"rotation":{"angle":0.0,"axis":"x","origin":[8.0,10.460001,8.0]},"faces":{"down":{"uv":[8.0,2.0,5.5,3.75],"rotation":0,"texture":"#0","tintindex":0},"east":{"uv":[6.25,6.25,8.0,8.0],"rotation":0,"texture":"#0","tintindex":0},"north":{"uv":[0.0,4.0,2.5,5.75],"rotation":0,"texture":"#0","tintindex":0},"south":{"uv":[2.75,4.0,5.25,5.75],"rotation":0,"texture":"#0","tintindex":0},"up":{"uv":[8.0,1.75,5.5,0.0],"rotation":0,"texture":"#0","tintindex":0},"west":{"uv":[7.75,4.0,9.5,5.75],"rotation":0,"texture":"#0","tintindex":0}}},{"name":"upper_body_outline","from":[11.18,10.639999,10.280001],"to":[4.8199997,6.08,5.72],"rotation":{"angle":0.0,"axis":"x","origin":[8.0,10.460001,8.0]},"faces":{"down":{"uv":[10.75,0.5,10.75,0.5],"rotation":180,"texture":"#0","tintindex":0},"east":{"uv":[10.75,0.5,10.75,0.5],"rotation":180,"texture":"#0","tintindex":0},"north":{"uv":[10.75,0.5,10.75,0.5],"rotation":180,"texture":"#0","tintindex":0},"south":{"uv":[10.75,0.5,10.75,0.5],"rotation":180,"texture":"#0","tintindex":0},"up":{"uv":[12.25,0.5,12.25,0.5],"rotation":180,"texture":"#0","tintindex":0},"west":{"uv":[10.75,0.5,10.75,0.5],"rotation":180,"texture":"#0","tintindex":0}}},{"name":"visor","from":[5.6,6.5600004,5.3],"to":[10.4,8.96,5.8999996],"rotation":{"angle":0.0,"axis":"x","origin":[8.0,7.76,5.6]},"faces":{"down":{"uv":[11.25,1.5,9.25,1.75],"rotation":0,"texture":"#0","tintindex":0},"east":{"uv":[7.75,9.5,8.0,10.5],"rotation":0,"texture":"#0","tintindex":0},"north":{"uv":[0.0,8.25,2.0,9.25],"rotation":0,"texture":"#0","tintindex":0},"south":{"uv":[0.0,0.0,2.0,1.0],"rotation":0,"texture":"#0","tintindex":0},"up":{"uv":[10.25,3.5,8.25,3.25],"rotation":0,"texture":"#0","tintindex":0},"west":{"uv":[8.25,9.5,8.5,10.5],"rotation":0,"texture":"#0","tintindex":0}}},{"name":"visor_background","from":[5.42,6.38,5.87],"to":[10.58,9.14,5.8694],"rotation":{"angle":0.0,"axis":"x","origin":[8.18,7.58,5.8694]},"faces":{"down":{"uv":[0.0,0.0,0.0,0.0],"rotation":180,"texture":"#0","tintindex":0},"east":{"uv":[0.0,0.0,0.0,0.0],"rotation":180,"texture":"#0","tintindex":0},"north":{"uv":[11.5,0.5,11.5,0.5],"rotation":180,"texture":"#0","tintindex":0},"south":{"uv":[0.0,0.0,0.0,0.0],"rotation":180,"texture":"#0","tintindex":0},"up":{"uv":[0.0,0.0,0.0,0.0],"rotation":180,"texture":"#0","tintindex":0},"west":{"uv":[0.0,0.0,0.0,0.0],"rotation":180,"texture":"#0","tintindex":0}}},{"name":"visor_outline","from":[10.58,9.14,6.08],"to":[5.42,6.38,5.12],"rotation":{"angle":0.0,"axis":"x","origin":[8.0,7.76,5.6]},"faces":{"down":{"uv":[11.5,0.5,11.5,0.5],"rotation":180,"texture":"#0","tintindex":0},"east":{"uv":[11.5,0.5,11.5,0.5],"rotation":180,"texture":"#0","tintindex":0},"north":{"uv":[11.5,0.5,11.5,0.5],"rotation":180,"texture":"#0","tintindex":0},"south":{"uv":[11.5,0.5,11.5,0.5],"rotation":180,"texture":"#0","tintindex":0},"up":{"uv":[11.5,0.5,11.5,0.5],"rotation":180,"texture":"#0","tintindex":0},"west":{"uv":[11.5,0.5,11.5,0.5],"rotation":180,"texture":"#0","tintindex":0}}}],"display":{"head":{"translation":[0.0,-6.4,0.0],"rotation":[0.0,0.0,0.0],"scale":[3.8095,3.8095,3.8095]}}}