{"textures":{"0":"modelengine:entity/rose_crewmate_texture"},"elements":[{"name":"lower_body","from":[5.0,7.1,5.8999996],"to":[11.0,11.3,10.1],"rotation":{"angle":0.0,"axis":"x","origin":[8.0,9.2,8.0]},"faces":{"down":{"uv":[5.25,2.0,2.75,3.75],"rotation":0,"texture":"#0","tintindex":0},"east":{"uv":[2.25,6.0,4.0,7.75],"rotation":0,"texture":"#0","tintindex":0},"north":{"uv":[0.0,0.0,2.5,1.75],"rotation":0,"texture":"#0","tintindex":0},"south":{"uv":[0.0,2.0,2.5,3.75],"rotation":0,"texture":"#0","tintindex":0},"up":{"uv":[5.25,1.75,2.75,0.0],"rotation":0,"texture":"#0","tintindex":0},"west":{"uv":[4.25,6.25,6.0,8.0],"rotation":0,"texture":"#0","tintindex":0}}},{"name":"lower_body_outline","from":[11.18,11.4800005,10.280001],"to":[4.8199997,6.92,5.72],"rotation":{"angle":0.0,"axis":"x","origin":[8.0,9.2,8.0]},"faces":{"down":{"uv":[12.25,0.5,12.25,0.5],"rotation":180,"texture":"#0","tintindex":0},"east":{"uv":[10.75,0.5,10.75,0.5],"rotation":180,"texture":"#0","tintindex":0},"north":{"uv":[10.75,0.5,10.75,0.5],"rotation":180,"texture":"#0","tintindex":0},"south":{"uv":[10.75,0.5,10.75,0.5],"rotation":180,"texture":"#0","tintindex":0},"up":{"uv":[10.75,0.5,10.75,0.5],"rotation":180,"texture":"#0","tintindex":0},"west":{"uv":[10.75,0.5,10.75,0.5],"rotation":180,"texture":"#0","tintindex":0}}},{"name":"corpse_bone","from":[6.2,11.3,8.0],"to":[9.8,14.3,8.0],"rotation":{"angle":0.0,"axis":"x","origin":[8.0,11.3,8.0]},"faces":{"down":{"uv":[0.0,0.0,1.5,0.0],"rotation":0,"texture":"#0","tintindex":0},"east":{"uv":[0.0,0.0,0.0,1.25],"rotation":0,"texture":"#0","tintindex":0},"north":{"uv":[2.25,8.0,3.75,9.25],"rotation":0,"texture":"#0","tintindex":0},"south":{"uv":[3.75,8.0,2.25,9.25],"rotation":0,"texture":"#0","tintindex":0},"up":{"uv":[0.0,0.0,1.5,0.0],"rotation":0,"texture":"#0","tintindex":0},"west":{"uv":[0.0,0.0,0.0,1.25],"rotation":0,"texture":"#0","tintindex":0}}}],"display":{"head":{"translation":[0.0,-6.4,0.0],"rotation":[0.0,0.0,0.0],"scale":[3.8095,3.8095,3.8095]}}}