{"credit":"MadewithBlockbench","texture_size":[128,128],"textures":{"1":"christmaspack:item/christmaschest"},"elements":[{"from":[-2,6.5,1],"to":[18,8,3],"rotation":{"angle":0,"axis":"y","origin":[-2,-3.5,-1]},"faces":{"north":{"uv":[4.875,3.25,7.375,3.4375],"texture":"#1"},"east":{"uv":[7.75,7.75,8,7.9375],"texture":"#1"},"south":{"uv":[4.875,3.5,7.375,3.6875],"texture":"#1"},"west":{"uv":[7.875,0,8.125,0.1875],"texture":"#1"},"up":{"uv":[7.375,2.5,4.875,2.25],"texture":"#1"},"down":{"uv":[7.375,2.5,4.875,2.75],"texture":"#1"}}},{"from":[6.5,5.75,0.25],"to":[9.5,8.75,2.75],"rotation":{"angle":0,"axis":"y","origin":[-2,-3.5,-1]},"faces":{"north":{"uv":[6.875,6,7.25,6.375],"texture":"#1"},"east":{"uv":[7.5,0.125,7.8125,0.5],"texture":"#1"},"south":{"uv":[6.25,7,6.625,7.375],"texture":"#1"},"west":{"uv":[7.5,0.5,7.8125,0.875],"texture":"#1"},"up":{"uv":[1.5,7.8125,1.125,7.5],"texture":"#1"},"down":{"uv":[1.875,7.5,1.5,7.8125],"texture":"#1"}}},{"from":[1.75,7.5,0.75],"to":[6.75,10,0.75],"rotation":{"angle":-22.5,"axis":"z","origin":[4,7.25,0.75]},"faces":{"north":{"uv":[0,6.625,0.625,6.9375],"texture":"#1"},"east":{"uv":[0,0,0,0.3125],"texture":"#1"},"south":{"uv":[4.625,6.625,5.25,6.9375],"texture":"#1"},"west":{"uv":[0,0,0,0.3125],"texture":"#1"},"up":{"uv":[0.625,0,0,0],"texture":"#1"},"down":{"uv":[0.625,0,0,0],"texture":"#1"}}},{"from":[4.43245,3.86523,0.75],"to":[7.93245,5.86523,0.75],"rotation":{"angle":45,"axis":"z","origin":[5.68245,5.11523,0.75]},"faces":{"north":{"uv":[6.75,5.5,7.1875,5.75],"texture":"#1"},"east":{"uv":[0,0,0,0.25],"texture":"#1"},"south":{"uv":[7.375,5.25,7.8125,5.5],"texture":"#1"},"west":{"uv":[0,0,0,0.25],"texture":"#1"},"up":{"uv":[0.4375,0,0,0],"texture":"#1"},"down":{"uv":[0.4375,0,0,0],"texture":"#1"}}},{"from":[7.71278,1.04201,0.75],"to":[9.71278,4.54201,0.75],"rotation":{"angle":45,"axis":"z","origin":[6.21278,5.29201,0.75]},"faces":{"north":{"uv":[7.125,4.5,7.375,4.9375],"texture":"#1"},"east":{"uv":[0,0,0,0.4375],"texture":"#1"},"south":{"uv":[7.5,5.5,7.75,5.9375],"texture":"#1"},"west":{"uv":[0,0,0,0.4375],"texture":"#1"},"up":{"uv":[0.25,0,0,0],"texture":"#1"},"down":{"uv":[0.25,0,0,0],"texture":"#1"}}},{"from":[8.305,4.79015,0.75],"to":[13.305,7.29015,0.75],"rotation":{"angle":22.5,"axis":"z","origin":[4.805,8.54015,0.75]},"faces":{"north":{"uv":[5.75,6.625,6.375,6.9375],"texture":"#1"},"east":{"uv":[0,0,0,0.3125],"texture":"#1"},"south":{"uv":[6.375,6.625,7,6.9375],"texture":"#1"},"west":{"uv":[0,0,0,0.3125],"texture":"#1"},"up":{"uv":[0.625,0,0,0],"texture":"#1"},"down":{"uv":[0.625,0,0,0],"texture":"#1"}}},{"from":[6.5,8.75,1.5],"to":[9.5,13.5,2.5],"rotation":{"angle":0,"axis":"y","origin":[-2,-3.5,-1]},"faces":{"north":{"uv":[5.625,1.5,6,2.125],"texture":"#1"},"east":{"uv":[1.125,5.75,1.25,6.375],"texture":"#1"},"south":{"uv":[0,5.75,0.375,6.375],"texture":"#1"},"west":{"uv":[4.125,7.75,4.25,8.375],"texture":"#1"},"up":{"uv":[7.625,1.125,7.25,1],"texture":"#1"},"down":{"uv":[7.625,6.25,7.25,6.375],"texture":"#1"}}},{"from":[6.5,7.75,13.5],"to":[9.5,13.5,14.5],"rotation":{"angle":0,"axis":"y","origin":[-2,-3.5,-1]},"faces":{"north":{"uv":[5.625,0,6,0.75],"texture":"#1"},"east":{"uv":[2.125,7.5,2.25,8.25],"texture":"#1"},"south":{"uv":[5.625,0.75,6,1.5],"texture":"#1"},"west":{"uv":[7.5,6.5,7.625,7.25],"texture":"#1"},"up":{"uv":[8,1.125,7.625,1],"texture":"#1"},"down":{"uv":[8,5.125,7.625,5.25],"texture":"#1"}}},{"from":[6.5,13.5,1.5],"to":[9.5,14.5,14.5],"rotation":{"angle":0,"axis":"y","origin":[-2,-3.5,-1]},"faces":{"north":{"uv":[7.625,6.25,8,6.375],"texture":"#1"},"east":{"uv":[5.75,6.5,7.375,6.625],"texture":"#1"},"south":{"uv":[7.75,7.125,8.125,7.25],"texture":"#1"},"west":{"uv":[3,6.625,4.625,6.75],"texture":"#1"},"up":{"uv":[2.625,6.125,2.25,4.5],"texture":"#1"},"down":{"uv":[3,4.5,2.625,6.125],"texture":"#1"}}},{"from":[3.5,12.5,1.5],"to":[6.5,14.5,1.5],"rotation":{"angle":0,"axis":"y","origin":[-2,-3.5,-1]},"faces":{"north":{"uv":[7.5,6,7.875,6.25],"texture":"#1"},"east":{"uv":[0,0,0,0.25],"texture":"#1"},"south":{"uv":[7.5,7.25,7.875,7.5],"texture":"#1"},"west":{"uv":[0,0,0,0.25],"texture":"#1"},"up":{"uv":[0.375,0,0,0],"texture":"#1"},"down":{"uv":[0.375,0,0,0],"texture":"#1"}}},{"from":[9.5,12.5,1.5],"to":[12.5,14.5,1.5],"rotation":{"angle":0,"axis":"y","origin":[-2,-3.5,-1]},"faces":{"north":{"uv":[7.5,7.5,7.875,7.75],"texture":"#1"},"east":{"uv":[0,0,0,0.25],"texture":"#1"},"south":{"uv":[0.625,7.625,1,7.875],"texture":"#1"},"west":{"uv":[0,0,0,0.25],"texture":"#1"},"up":{"uv":[0.375,0,0,0],"texture":"#1"},"down":{"uv":[0.375,0,0,0],"texture":"#1"}}},{"from":[5.5,14.5,8],"to":[10.5,19.5,8],"rotation":{"angle":0,"axis":"y","origin":[-2,-3.5,-1]},"faces":{"north":{"uv":[0,5.125,0.625,5.75],"texture":"#1"},"east":{"uv":[0,0,0,0.625],"texture":"#1"},"south":{"uv":[0.625,5.125,1.25,5.75],"texture":"#1"},"west":{"uv":[0,0,0,0.625],"texture":"#1"},"up":{"uv":[0.625,0,0,0],"texture":"#1"},"down":{"uv":[0.625,0,0,0],"texture":"#1"}}},{"from":[-0.5,8,3.5],"to":[0.5,13,12.5],"rotation":{"angle":0,"axis":"y","origin":[-4,-3.5,-1]},"faces":{"north":{"uv":[4.25,7.75,4.375,8.375],"texture":"#1"},"east":{"uv":[4.125,3.75,5.25,4.375],"texture":"#1"},"south":{"uv":[4.375,7.75,4.5,8.375],"texture":"#1"},"west":{"uv":[4.125,4.375,5.25,5],"texture":"#1"},"up":{"uv":[2.25,7.5,2.125,6.375],"texture":"#1"},"down":{"uv":[0.625,7,0.5,8.125],"texture":"#1"}}},{"from":[15.5,8,3.5],"to":[16.5,13,12.5],"rotation":{"angle":0,"axis":"y","origin":[0,-3.5,-1]},"faces":{"north":{"uv":[7.75,6.5,7.875,7.125],"texture":"#1"},"east":{"uv":[0,4.5,1.125,5.125],"texture":"#1"},"south":{"uv":[6.75,7.75,6.875,8.375],"texture":"#1"},"west":{"uv":[1.125,4.5,2.25,5.125],"texture":"#1"},"up":{"uv":[6.75,8.125,6.625,7],"texture":"#1"},"down":{"uv":[7.125,6.625,7,7.75],"texture":"#1"}}},{"from":[-1,8,12.5],"to":[0.5,14,14],"rotation":{"angle":0,"axis":"y","origin":[0,11.5,8]},"faces":{"north":{"uv":[6.75,7,6.9375,7.75],"texture":"#1"},"east":{"uv":[7.125,3.75,7.3125,4.5],"texture":"#1"},"south":{"uv":[5.25,7.125,5.4375,7.875],"texture":"#1"},"west":{"uv":[5.5,7.125,5.6875,7.875],"texture":"#1"},"up":{"uv":[8.0625,1.5625,7.875,1.375],"texture":"#1"},"down":{"uv":[1.8125,7.875,1.625,8.0625],"texture":"#1"}}},{"from":[15.5,8,12.5],"to":[17,14,14],"rotation":{"angle":0,"axis":"y","origin":[16.25,12.125,8]},"faces":{"north":{"uv":[7.125,6.625,7.3125,7.375],"texture":"#1"},"east":{"uv":[7.25,0.125,7.4375,0.875],"texture":"#1"},"south":{"uv":[2.25,7.25,2.4375,8],"texture":"#1"},"west":{"uv":[2.5,7.25,2.6875,8],"texture":"#1"},"up":{"uv":[8.0625,1.8125,7.875,1.625],"texture":"#1"},"down":{"uv":[8.0625,2.125,7.875,2.3125],"texture":"#1"}}},{"from":[15.5,12.5,3.5],"to":[17,14,12.5],"rotation":{"angle":0,"axis":"y","origin":[16.25,12.125,8]},"faces":{"north":{"uv":[7.875,2.375,8.0625,2.5625],"texture":"#1"},"east":{"uv":[3,4.5,4.125,4.6875],"texture":"#1"},"south":{"uv":[7.875,2.625,8.0625,2.8125],"texture":"#1"},"west":{"uv":[3,4.75,4.125,4.9375],"texture":"#1"},"up":{"uv":[5.4375,7.125,5.25,6],"texture":"#1"},"down":{"uv":[5.6875,6,5.5,7.125],"texture":"#1"}}},{"from":[15.5,8,2],"to":[17,14,3.5],"rotation":{"angle":0,"axis":"y","origin":[16.25,12.125,8]},"faces":{"north":{"uv":[2.75,7.25,2.9375,8],"texture":"#1"},"east":{"uv":[7.25,5.5,7.4375,6.25],"texture":"#1"},"south":{"uv":[1.875,7.375,2.0625,8.125],"texture":"#1"},"west":{"uv":[7.375,2.25,7.5625,3],"texture":"#1"},"up":{"uv":[8.0625,3.0625,7.875,2.875],"texture":"#1"},"down":{"uv":[8.0625,3.125,7.875,3.3125],"texture":"#1"}}},{"from":[-1,12.5,3.5],"to":[0.5,14,12.5],"rotation":{"angle":0,"axis":"y","origin":[0,11.5,8]},"faces":{"north":{"uv":[7.875,3.375,8.0625,3.5625],"texture":"#1"},"east":{"uv":[6,1.875,7.125,2.0625],"texture":"#1"},"south":{"uv":[7.875,3.625,8.0625,3.8125],"texture":"#1"},"west":{"uv":[5.75,6,6.875,6.1875],"texture":"#1"},"up":{"uv":[2.4375,7.25,2.25,6.125],"texture":"#1"},"down":{"uv":[2.6875,6.125,2.5,7.25],"texture":"#1"}}},{"from":[-1,8,2],"to":[0.5,14,3.5],"rotation":{"angle":0,"axis":"y","origin":[0,11.5,8]},"faces":{"north":{"uv":[7.375,3,7.5625,3.75],"texture":"#1"},"east":{"uv":[7.375,3.75,7.5625,4.5],"texture":"#1"},"south":{"uv":[7.375,4.5,7.5625,5.25],"texture":"#1"},"west":{"uv":[6.25,7.375,6.4375,8.125],"texture":"#1"},"up":{"uv":[8.0625,4.0625,7.875,3.875],"texture":"#1"},"down":{"uv":[8.0625,4.125,7.875,4.3125],"texture":"#1"}}},{"from":[0.35,13.4,4],"to":[0.35,18.4,7],"rotation":{"angle":22.5,"axis":"z","origin":[-1,14,8]},"faces":{"north":{"uv":[0,0,0,0.625],"texture":"#1"},"east":{"uv":[0.375,5.75,0.75,6.375],"texture":"#1"},"south":{"uv":[0,0,0,0.625],"texture":"#1"},"west":{"uv":[0.75,5.75,1.125,6.375],"texture":"#1"},"up":{"uv":[0,0.375,0,0],"texture":"#1"},"down":{"uv":[0,0,0,0.375],"texture":"#1"}}},{"from":[0.35,13.4,9],"to":[0.35,18.4,12],"rotation":{"angle":22.5,"axis":"z","origin":[-1,14,8]},"faces":{"north":{"uv":[0,0,0,0.625],"texture":"#1"},"east":{"uv":[3,5.75,3.375,6.375],"texture":"#1"},"south":{"uv":[0,0,0,0.625],"texture":"#1"},"west":{"uv":[3.375,5.75,3.75,6.375],"texture":"#1"},"up":{"uv":[0,0.375,0,0],"texture":"#1"},"down":{"uv":[0,0,0,0.375],"texture":"#1"}}},{"from":[15.17014,20.27199,4],"to":[15.17014,25.27199,7],"rotation":{"angle":-22.5,"axis":"z","origin":[-0.47986,16.27199,8]},"faces":{"north":{"uv":[0,0,0,0.625],"texture":"#1"},"east":{"uv":[3.75,5.75,4.125,6.375],"texture":"#1"},"south":{"uv":[0,0,0,0.625],"texture":"#1"},"west":{"uv":[4.125,5.75,4.5,6.375],"texture":"#1"},"up":{"uv":[0,0.375,0,0],"texture":"#1"},"down":{"uv":[0,0,0,0.375],"texture":"#1"}}},{"from":[15.17014,20.27199,9],"to":[15.17014,25.27199,12],"rotation":{"angle":-22.5,"axis":"z","origin":[-0.47986,16.27199,8]},"faces":{"north":{"uv":[0,0,0,0.625],"texture":"#1"},"east":{"uv":[4.5,5.75,4.875,6.375],"texture":"#1"},"south":{"uv":[0,0,0,0.625],"texture":"#1"},"west":{"uv":[4.875,5.75,5.25,6.375],"texture":"#1"},"up":{"uv":[0,0.375,0,0],"texture":"#1"},"down":{"uv":[0,0,0,0.375],"texture":"#1"}}},{"from":[0.5,8,2.5],"to":[15.5,13.5,3.5],"rotation":{"angle":0,"axis":"y","origin":[-2,-3.5,-1]},"faces":{"north":{"uv":[0,2.25,1.875,2.9375],"texture":"#1"},"east":{"uv":[1,7.625,1.125,8.3125],"texture":"#1"},"south":{"uv":[1.875,2.25,3.75,2.9375],"texture":"#1"},"west":{"uv":[7.625,6.5,7.75,7.1875],"texture":"#1"},"up":{"uv":[7.375,5.375,5.5,5.25],"texture":"#1"},"down":{"uv":[7.375,5.375,5.5,5.5],"texture":"#1"}}},{"from":[0.5,8,12.5],"to":[15.5,13.5,13.5],"rotation":{"angle":0,"axis":"y","origin":[-2,-3.5,-1]},"faces":{"north":{"uv":[0,3,1.875,3.6875],"texture":"#1"},"east":{"uv":[7.375,7.625,7.5,8.3125],"texture":"#1"},"south":{"uv":[1.875,3,3.75,3.6875],"texture":"#1"},"west":{"uv":[3,7.75,3.125,8.4375],"texture":"#1"},"up":{"uv":[7.5,2.25,5.625,2.125],"texture":"#1"},"down":{"uv":[7.125,5.75,5.25,5.875],"texture":"#1"}}},{"from":[0.5,12.5,3.5],"to":[15.5,13.5,12.5],"rotation":{"angle":0,"axis":"y","origin":[-2,-3.5,-1]},"faces":{"north":{"uv":[5.25,5.875,7.125,6],"texture":"#1"},"east":{"uv":[6.875,6.375,8,6.5],"texture":"#1"},"south":{"uv":[6,0,7.875,0.125],"texture":"#1"},"west":{"uv":[7.125,1.875,8.25,2],"texture":"#1"},"up":{"uv":[1.875,1.125,0,0],"texture":"#1"},"down":{"uv":[1.875,1.125,0,2.25],"texture":"#1"}}},{"from":[-2,6.5,13],"to":[18,8,15],"rotation":{"angle":0,"axis":"y","origin":[0,-3.5,-1]},"faces":{"north":{"uv":[3,5,5.5,5.1875],"texture":"#1"},"east":{"uv":[7.875,0.25,8.125,0.4375],"texture":"#1"},"south":{"uv":[3,5.25,5.5,5.4375],"texture":"#1"},"west":{"uv":[7.875,0.5,8.125,0.6875],"texture":"#1"},"up":{"uv":[7.375,3,4.875,2.75],"texture":"#1"},"down":{"uv":[7.375,3,4.875,3.25],"texture":"#1"}}},{"from":[3.5,5.75,13.5],"to":[5.5,8.75,15.5],"rotation":{"angle":0,"axis":"y","origin":[-2,-3.5,-1]},"faces":{"north":{"uv":[7.625,2.125,7.875,2.5],"texture":"#1"},"east":{"uv":[7.625,2.5,7.875,2.875],"texture":"#1"},"south":{"uv":[7.625,2.875,7.875,3.25],"texture":"#1"},"west":{"uv":[7.625,3.25,7.875,3.625],"texture":"#1"},"up":{"uv":[8,5.75,7.75,5.5],"texture":"#1"},"down":{"uv":[8,5.75,7.75,6],"texture":"#1"}}},{"from":[10.5,5.75,13.5],"to":[12.5,8.75,15.5],"rotation":{"angle":0,"axis":"y","origin":[-2,-3.5,-1]},"faces":{"north":{"uv":[7.625,3.625,7.875,4],"texture":"#1"},"east":{"uv":[7.625,4,7.875,4.375],"texture":"#1"},"south":{"uv":[7.625,4.375,7.875,4.75],"texture":"#1"},"west":{"uv":[7.625,4.75,7.875,5.125],"texture":"#1"},"up":{"uv":[7.125,8,6.875,7.75],"texture":"#1"},"down":{"uv":[7.75,7.75,7.5,8],"texture":"#1"}}},{"from":[-2,6.5,3],"to":[0,8,13],"rotation":{"angle":0,"axis":"y","origin":[-4,-3.5,-1]},"faces":{"north":{"uv":[0.625,7.875,0.875,8.0625],"texture":"#1"},"east":{"uv":[6,0.125,7.25,0.3125],"texture":"#1"},"south":{"uv":[1.125,7.875,1.375,8.0625],"texture":"#1"},"west":{"uv":[6,0.375,7.25,0.5625],"texture":"#1"},"up":{"uv":[1.5,6.375,1.25,5.125],"texture":"#1"},"down":{"uv":[1.75,5.125,1.5,6.375],"texture":"#1"}}},{"from":[16,6.5,3],"to":[18,8,13],"rotation":{"angle":0,"axis":"y","origin":[0,-3.5,-1]},"faces":{"north":{"uv":[7.875,1.125,8.125,1.3125],"texture":"#1"},"east":{"uv":[6,0.625,7.25,0.8125],"texture":"#1"},"south":{"uv":[1.375,7.875,1.625,8.0625],"texture":"#1"},"west":{"uv":[6,0.875,7.25,1.0625],"texture":"#1"},"up":{"uv":[2,6.375,1.75,5.125],"texture":"#1"},"down":{"uv":[2.25,5.125,2,6.375],"texture":"#1"}}},{"from":[-1,0,2],"to":[0.5,8,3.5],"rotation":{"angle":0,"axis":"y","origin":[-1,-3.5,-1]},"faces":{"north":{"uv":[1.875,6.375,2.0625,7.375],"texture":"#1"},"east":{"uv":[0.625,6.625,0.8125,7.625],"texture":"#1"},"south":{"uv":[0.875,6.625,1.0625,7.625],"texture":"#1"},"west":{"uv":[3,6.75,3.1875,7.75],"texture":"#1"},"up":{"uv":[8.0625,4.5625,7.875,4.375],"texture":"#1"},"down":{"uv":[8.0625,4.625,7.875,4.8125],"texture":"#1"}}},{"from":[15.5,0,2],"to":[17,8,3.5],"rotation":{"angle":0,"axis":"y","origin":[0,-3.5,-1]},"faces":{"north":{"uv":[3.25,6.75,3.4375,7.75],"texture":"#1"},"east":{"uv":[3.5,6.75,3.6875,7.75],"texture":"#1"},"south":{"uv":[3.75,6.75,3.9375,7.75],"texture":"#1"},"west":{"uv":[4,6.75,4.1875,7.75],"texture":"#1"},"up":{"uv":[8.0625,5.0625,7.875,4.875],"texture":"#1"},"down":{"uv":[5.4375,7.875,5.25,8.0625],"texture":"#1"}}},{"from":[0.5,0,2],"to":[15.5,1.5,3.5],"rotation":{"angle":0,"axis":"y","origin":[0,-3.5,-1]},"faces":{"north":{"uv":[5.25,3.75,7.125,3.9375],"texture":"#1"},"east":{"uv":[7.875,5.25,8.0625,5.4375],"texture":"#1"},"south":{"uv":[5.25,4,7.125,4.1875],"texture":"#1"},"west":{"uv":[5.5,7.875,5.6875,8.0625],"texture":"#1"},"up":{"uv":[7.125,4.4375,5.25,4.25],"texture":"#1"},"down":{"uv":[7.125,4.5,5.25,4.6875],"texture":"#1"}}},{"from":[-1,0,12.5],"to":[0.5,8,14],"rotation":{"angle":0,"axis":"y","origin":[8,2.375,2.75]},"faces":{"north":{"uv":[4.25,6.75,4.4375,7.75],"texture":"#1"},"east":{"uv":[0,7,0.1875,8],"texture":"#1"},"south":{"uv":[0.25,7,0.4375,8],"texture":"#1"},"west":{"uv":[4.5,7,4.6875,8],"texture":"#1"},"up":{"uv":[8.0625,6.1875,7.875,6],"texture":"#1"},"down":{"uv":[8.0625,6.5,7.875,6.6875],"texture":"#1"}}},{"from":[15.5,0,12.5],"to":[17,8,14],"rotation":{"angle":0,"axis":"y","origin":[8,2.375,2.75]},"faces":{"north":{"uv":[4.75,7,4.9375,8],"texture":"#1"},"east":{"uv":[5,7,5.1875,8],"texture":"#1"},"south":{"uv":[5.75,7,5.9375,8],"texture":"#1"},"west":{"uv":[6,7,6.1875,8],"texture":"#1"},"up":{"uv":[8.0625,6.9375,7.875,6.75],"texture":"#1"},"down":{"uv":[8.0625,7.25,7.875,7.4375],"texture":"#1"}}},{"from":[0.5,0,12.5],"to":[15.5,1.5,14],"rotation":{"angle":0,"axis":"y","origin":[8,2.375,2.75]},"faces":{"north":{"uv":[5.25,4.75,7.125,4.9375],"texture":"#1"},"east":{"uv":[7.875,7.5,8.0625,7.6875],"texture":"#1"},"south":{"uv":[3,5.5,4.875,5.6875],"texture":"#1"},"west":{"uv":[0,8,0.1875,8.1875],"texture":"#1"},"up":{"uv":[6.75,5.6875,4.875,5.5],"texture":"#1"},"down":{"uv":[7.375,5,5.5,5.1875],"texture":"#1"}}},{"from":[15.5,0,3.5],"to":[17,1.5,12.5],"rotation":{"angle":0,"axis":"y","origin":[0,-3.5,-1]},"faces":{"north":{"uv":[0.25,8,0.4375,8.1875],"texture":"#1"},"east":{"uv":[5.75,6.25,6.875,6.4375],"texture":"#1"},"south":{"uv":[2.25,8,2.4375,8.1875],"texture":"#1"},"west":{"uv":[0,6.375,1.125,6.5625],"texture":"#1"},"up":{"uv":[2.9375,7.25,2.75,6.125],"texture":"#1"},"down":{"uv":[1.3125,6.375,1.125,7.5],"texture":"#1"}}},{"from":[-1,0,3.5],"to":[0.5,1.5,12.5],"rotation":{"angle":0,"axis":"y","origin":[0,-3.5,-1]},"faces":{"north":{"uv":[2.5,8,2.6875,8.1875],"texture":"#1"},"east":{"uv":[3,6.375,4.125,6.5625],"texture":"#1"},"south":{"uv":[2.75,8,2.9375,8.1875],"texture":"#1"},"west":{"uv":[4.125,6.375,5.25,6.5625],"texture":"#1"},"up":{"uv":[1.5625,7.5,1.375,6.375],"texture":"#1"},"down":{"uv":[1.8125,6.375,1.625,7.5],"texture":"#1"}}},{"from":[0.5,1.5,2.5],"to":[15.5,7,3.5],"rotation":{"angle":0,"axis":"y","origin":[-2,-3.5,-1]},"faces":{"north":{"uv":[0,3.75,1.875,4.4375],"texture":"#1"},"east":{"uv":[3.125,7.75,3.25,8.4375],"texture":"#1"},"south":{"uv":[3.75,0,5.625,0.6875],"texture":"#1"},"west":{"uv":[3.25,7.75,3.375,8.4375],"texture":"#1"},"up":{"uv":[7.875,1.25,6,1.125],"texture":"#1"},"down":{"uv":[7.875,1.25,6,1.375],"texture":"#1"}}},{"from":[0.5,1.5,12.5],"to":[15.5,7,13.5],"rotation":{"angle":0,"axis":"y","origin":[-2,-3.5,-1]},"faces":{"north":{"uv":[3.75,0.75,5.625,1.4375],"texture":"#1"},"east":{"uv":[3.375,7.75,3.5,8.4375],"texture":"#1"},"south":{"uv":[3.75,1.5,5.625,2.1875],"texture":"#1"},"west":{"uv":[3.5,7.75,3.625,8.4375],"texture":"#1"},"up":{"uv":[7.875,1.5,6,1.375],"texture":"#1"},"down":{"uv":[7.875,1.5,6,1.625],"texture":"#1"}}},{"from":[15.5,1.5,3.5],"to":[16.5,7,12.5],"rotation":{"angle":0,"axis":"y","origin":[0,-3.5,-1]},"faces":{"north":{"uv":[3.625,7.75,3.75,8.4375],"texture":"#1"},"east":{"uv":[1.875,3.75,3,4.4375],"texture":"#1"},"south":{"uv":[3.75,7.75,3.875,8.4375],"texture":"#1"},"west":{"uv":[3.75,2.25,4.875,2.9375],"texture":"#1"},"up":{"uv":[6.625,8.5,6.5,7.375],"texture":"#1"},"down":{"uv":[7.5,6.5,7.375,7.625],"texture":"#1"}}},{"from":[0.5,1,3.5],"to":[15.5,2,12.5],"rotation":{"angle":0,"axis":"y","origin":[-2,-3.5,-1]},"faces":{"north":{"uv":[6,1.625,7.875,1.75],"texture":"#1"},"east":{"uv":[7.125,2,8.25,2.125],"texture":"#1"},"south":{"uv":[6,1.75,7.875,1.875],"texture":"#1"},"west":{"uv":[7.25,0.875,8.375,1],"texture":"#1"},"up":{"uv":[3.75,1.125,1.875,0],"texture":"#1"},"down":{"uv":[3.75,1.125,1.875,2.25],"texture":"#1"}}},{"from":[-0.5,1.5,3.5],"to":[0.5,7,12.5],"rotation":{"angle":0,"axis":"y","origin":[-1,-3.5,-1]},"faces":{"north":{"uv":[3.875,7.75,4,8.4375],"texture":"#1"},"east":{"uv":[3,3.75,4.125,4.4375],"texture":"#1"},"south":{"uv":[4,7.75,4.125,8.4375],"texture":"#1"},"west":{"uv":[3.75,3,4.875,3.6875],"texture":"#1"},"up":{"uv":[7.25,8.5,7.125,7.375],"texture":"#1"},"down":{"uv":[7.375,7.375,7.25,8.5],"texture":"#1"}}}],"display":{"thirdperson_righthand":{"rotation":[70,0,0],"scale":[0.5,0.5,0.5]},"thirdperson_lefthand":{"rotation":[70,0,0],"scale":[0.5,0.5,0.5]},"firstperson_righthand":{"scale":[0.7,0.7,0.7]},"firstperson_lefthand":{"scale":[0.7,0.7,0.7]},"ground":{"translation":[0,6.25,0]},"gui":{"rotation":[-165.75,40,-180],"translation":[0,-0.25,0],"scale":[0.6,0.6,0.6]},"head":{"rotation":[-180,0,-180],"translation":[0,-7,0],"scale":[3,3,3]},"fixed":{"translation":[0,-1,0]}}}