{"credit":"Madebysamus2002","texture_size":[64,64],"textures":{"0":"christmas:christmas_skill_texture/gift_box_1","particle":"christmas:christmas_skill_texture/gift_box_1"},"elements":[{"from":[4,2.75,4],"to":[12,8.75,12],"rotation":{"angle":0,"axis":"y","origin":[8,9.24022,8]},"faces":{"north":{"uv":[0,5.5,2,7],"texture":"#0"},"east":{"uv":[5.25,6,7.25,7.5],"texture":"#0"},"south":{"uv":[2.25,6.5,4.25,8],"texture":"#0"},"west":{"uv":[0,7.25,2,8.75],"texture":"#0"},"up":{"uv":[4.75,2,2.75,0],"texture":"#0"},"down":{"uv":[4.75,2.25,2.75,4.25],"texture":"#0"}}},{"from":[7,2.275,3.525],"to":[9,9.25,12.475],"rotation":{"angle":0,"axis":"y","origin":[8,9.24022,7.975]},"faces":{"north":{"uv":[1.5,9,2,10.75],"texture":"#0"},"east":{"uv":[2.75,4.5,5,6.25],"texture":"#0"},"south":{"uv":[2.25,9.5,2.75,11.25],"texture":"#0"},"west":{"uv":[5,0,7.25,1.75],"texture":"#0"},"up":{"uv":[0.5,11.25,0,9],"texture":"#0"},"down":{"uv":[1.25,9,0.75,11.25],"texture":"#0"}}},{"from":[3.5,2.25,7.0125],"to":[12.5,9.25,8.9875],"rotation":{"angle":0,"axis":"y","origin":[8,9.24022,8.0125]},"faces":{"north":{"uv":[5,2,7.25,3.75],"texture":"#0"},"east":{"uv":[3,9.5,3.5,11.25],"texture":"#0"},"south":{"uv":[5.25,4,7.5,5.75],"texture":"#0"},"west":{"uv":[3.75,9.5,4.25,11.25],"texture":"#0"},"up":{"uv":[9,9.5,6.75,9],"texture":"#0"},"down":{"uv":[11.5,9,9.25,9.5],"texture":"#0"}}},{"from":[3,8.75,3],"to":[13,11.75,13],"rotation":{"angle":0,"axis":"y","origin":[8,9.24022,8]},"faces":{"north":{"uv":[7.5,7.25,10,8],"texture":"#0"},"east":{"uv":[7.75,3.75,10.25,4.5],"texture":"#0"},"south":{"uv":[4.5,7.75,7,8.5],"texture":"#0"},"west":{"uv":[7.75,4.75,10.25,5.5],"texture":"#0"},"up":{"uv":[2.5,2.5,0,0],"texture":"#0"},"down":{"uv":[2.5,2.75,0,5.25],"texture":"#0"}}},{"from":[2.5,8.25,7],"to":[13.5,12.225,9],"rotation":{"angle":0,"axis":"y","origin":[8,9.24022,8]},"faces":{"north":{"uv":[7.5,0,10.25,1],"texture":"#0"},"east":{"uv":[4.5,6.5,5,7.5],"texture":"#0"},"south":{"uv":[7.5,1.25,10.25,2.25],"texture":"#0"},"west":{"uv":[4.5,9.5,5,10.5],"texture":"#0"},"up":{"uv":[10,8.75,7.25,8.25],"texture":"#0"},"down":{"uv":[5,8.75,2.25,9.25],"texture":"#0"}}},{"from":[4.61784,11.82194,7.5],"to":[7.61784,14.82194,8.5],"rotation":{"angle":22.5,"axis":"z","origin":[7.61784,12.57194,8]},"faces":{"north":{"uv":[8.75,9.75,9.5,10.5],"texture":"#0"},"east":{"uv":[10.5,2.25,10.75,3],"texture":"#0"},"south":{"uv":[9.75,9.75,10.5,10.5],"texture":"#0"},"west":{"uv":[10.5,3.25,10.75,4],"texture":"#0"},"up":{"uv":[11,8.75,10.25,8.5],"texture":"#0"},"down":{"uv":[11.25,4.25,10.5,4.5],"texture":"#0"}}},{"from":[8.38216,11.82194,7.5],"to":[11.38216,14.82194,8.5],"rotation":{"angle":-22.5,"axis":"z","origin":[8.38216,12.57194,8]},"faces":{"north":{"uv":[9.5,9.75,8.75,10.5],"texture":"#0"},"east":{"uv":[10.75,3.25,10.5,4],"texture":"#0"},"south":{"uv":[10.5,9.75,9.75,10.5],"texture":"#0"},"west":{"uv":[10.75,2.25,10.5,3],"texture":"#0"},"up":{"uv":[10.25,8.75,11,8.5],"texture":"#0"},"down":{"uv":[10.5,4.25,11.25,4.5],"texture":"#0"}}},{"from":[7,8.25,2.5],"to":[9,12.25,13.5],"rotation":{"angle":0,"axis":"y","origin":[8,9.24022,8]},"faces":{"north":{"uv":[10.25,7.25,10.75,8.25],"texture":"#0"},"east":{"uv":[7.5,2.5,10.25,3.5],"texture":"#0"},"south":{"uv":[10.5,0,11,1],"texture":"#0"},"west":{"uv":[7.5,6,10.25,7],"texture":"#0"},"up":{"uv":[5.75,11.5,5.25,8.75],"texture":"#0"},"down":{"uv":[6.5,8.75,6,11.5],"texture":"#0"}}}],"display":{"head":{"translation":[0,-15.75,0],"scale":[2,2,2]}}}