{"credit":"Madebysamus2002","texture_size":[64,64],"textures":{"1":"christmas:christmas_skill_texture/gift_box_3"},"elements":[{"from":[2,2.75,4],"to":[14,8.75,12],"rotation":{"angle":0,"axis":"y","origin":[8,9.24022,8]},"faces":{"north":{"uv":[3.5,6.5,6.5,8],"texture":"#1"},"east":{"uv":[0,7.5,2,9],"texture":"#1"},"south":{"uv":[6.75,6.5,9.75,8],"texture":"#1"},"west":{"uv":[2.25,8.25,4.25,9.75],"texture":"#1"},"up":{"uv":[6.75,2,3.75,0],"texture":"#1"},"down":{"uv":[6.75,2.25,3.75,4.25],"texture":"#1"}}},{"from":[7,2.275,3.525],"to":[9,9.25,12.475],"rotation":{"angle":0,"axis":"y","origin":[8,9.24022,7.975]},"faces":{"north":{"uv":[8,10.25,8.5,12],"texture":"#1"},"east":{"uv":[7,0,9.25,1.75],"texture":"#1"},"south":{"uv":[8.75,10.25,9.25,12],"texture":"#1"},"west":{"uv":[7,2,9.25,3.75],"texture":"#1"},"up":{"uv":[5.5,12.5,5,10.25],"texture":"#1"},"down":{"uv":[6.25,10.25,5.75,12.5],"texture":"#1"}}},{"from":[1.5,2.25,7.0125],"to":[14.5,9.25,8.9875],"rotation":{"angle":0,"axis":"y","origin":[8,9.24022,8.0125]},"faces":{"north":{"uv":[3.75,4.5,7,6.25],"texture":"#1"},"east":{"uv":[6.5,10.25,7,12],"texture":"#1"},"south":{"uv":[0,5.5,3.25,7.25],"texture":"#1"},"west":{"uv":[7.25,10.25,7.75,12],"texture":"#1"},"up":{"uv":[3.25,10.5,0,10],"texture":"#1"},"down":{"uv":[13.25,6.5,10,7],"texture":"#1"}}},{"from":[1,8.75,3],"to":[15,11.75,13],"rotation":{"angle":0,"axis":"y","origin":[8,9.24022,8]},"faces":{"north":{"uv":[9.5,0,13,0.75],"texture":"#1"},"east":{"uv":[9.5,2,12,2.75],"texture":"#1"},"south":{"uv":[9.5,1,13,1.75],"texture":"#1"},"west":{"uv":[9.5,3,12,3.75],"texture":"#1"},"up":{"uv":[3.5,2.5,0,0],"texture":"#1"},"down":{"uv":[3.5,2.75,0,5.25],"texture":"#1"}}},{"from":[0.5,8.25,7],"to":[15.5,12.225,9],"rotation":{"angle":0,"axis":"y","origin":[8,9.24022,8]},"faces":{"north":{"uv":[7.25,4,11,5],"texture":"#1"},"east":{"uv":[0,10.75,0.5,11.75],"texture":"#1"},"south":{"uv":[7.25,5.25,11,6.25],"texture":"#1"},"west":{"uv":[0.75,10.75,1.25,11.75],"texture":"#1"},"up":{"uv":[8.25,10,4.5,9.5],"texture":"#1"},"down":{"uv":[12.25,9.5,8.5,10],"texture":"#1"}}},{"from":[4.61784,11.82194,7.5],"to":[7.61784,14.82194,8.5],"rotation":{"angle":22.5,"axis":"z","origin":[7.61784,12.57194,8]},"faces":{"north":{"uv":[10,7.25,10.75,8],"texture":"#1"},"east":{"uv":[3,10.75,3.25,11.5],"texture":"#1"},"south":{"uv":[9.5,10.25,10.25,11],"texture":"#1"},"west":{"uv":[11,7.25,11.25,8],"texture":"#1"},"up":{"uv":[3,7.75,2.25,7.5],"texture":"#1"},"down":{"uv":[0.75,9.25,0,9.5],"texture":"#1"}}},{"from":[8.38216,11.82194,7.5],"to":[11.38216,14.82194,8.5],"rotation":{"angle":-22.5,"axis":"z","origin":[8.38216,12.57194,8]},"faces":{"north":{"uv":[10.5,8.25,11.25,9],"texture":"#1"},"east":{"uv":[11.25,4,11.5,4.75],"texture":"#1"},"south":{"uv":[10.5,10.25,11.25,11],"texture":"#1"},"west":{"uv":[11.25,5,11.5,5.75],"texture":"#1"},"up":{"uv":[1.75,9.5,1,9.25],"texture":"#1"},"down":{"uv":[12,6,11.25,6.25],"texture":"#1"}}},{"from":[7,8.25,2.5],"to":[9,12.25,13.5],"rotation":{"angle":0,"axis":"y","origin":[8,9.24022,8]},"faces":{"north":{"uv":[1.5,10.75,2,11.75],"texture":"#1"},"east":{"uv":[4.5,8.25,7.25,9.25],"texture":"#1"},"south":{"uv":[2.25,10.75,2.75,11.75],"texture":"#1"},"west":{"uv":[7.5,8.25,10.25,9.25],"texture":"#1"},"up":{"uv":[4,12.75,3.5,10],"texture":"#1"},"down":{"uv":[4.75,10.25,4.25,13],"texture":"#1"}}}],"display":{"head":{"translation":[0,-15.75,0],"scale":[2,2,2]}}}