{"credit":"Madebysamus2002","texture_size":[128,128],"textures":{"1":"christmas:christmas_skill_texture/reindeer"},"elements":[{"from":[3.68,-2.71078,5.02582],"to":[12.32,5.92922,13.66582],"rotation":{"angle":0,"axis":"y","origin":[8,8,8]},"faces":{"north":{"uv":[2.875,4.125,3.625,4.875],"texture":"#1"},"east":{"uv":[0,4.375,0.75,5.125],"texture":"#1"},"south":{"uv":[4.375,0,5.125,0.75],"texture":"#1"},"west":{"uv":[1.75,4.375,2.5,5.125],"texture":"#1"},"up":{"uv":[5.25,1.625,4.5,0.875],"texture":"#1"},"down":{"uv":[5.25,1.75,4.5,2.5],"texture":"#1"}}},{"from":[5.12,-2.71078,-2.17418],"to":[10.88,3.04922,5.02582],"rotation":{"angle":0,"axis":"y","origin":[8,8,8]},"faces":{"north":{"uv":[6.375,2.375,6.875,2.875],"texture":"#1"},"east":{"uv":[6,0,6.625,0.5],"texture":"#1"},"south":{"uv":[6.375,3,6.875,3.5],"texture":"#1"},"west":{"uv":[1.375,6.125,2,6.625],"texture":"#1"},"up":{"uv":[6.625,2.25,6.125,1.625],"texture":"#1"},"down":{"uv":[6.75,0.625,6.25,1.25],"texture":"#1"}}},{"from":[0.42499,1.11672,9.34582],"to":[7.62499,5.43672,9.34582],"rotation":{"angle":-22.5,"axis":"z","origin":[8,8,8]},"faces":{"north":{"uv":[6.375,3.625,7,4],"texture":"#1"},"east":{"uv":[1.625,4.625,1.625,5],"texture":"#1"},"south":{"uv":[7,3.625,6.375,4],"texture":"#1"},"west":{"uv":[6.75,7,6.75,7.375],"texture":"#1"},"up":{"uv":[9,1.5,8.375,1.5],"texture":"#1"},"down":{"uv":[9.125,3.5,8.5,3.5],"texture":"#1"}}},{"from":[3.968,8.32789,11.37494],"to":[6.848,14.08789,14.25494],"rotation":{"angle":45,"axis":"x","origin":[8,8,8]},"faces":{"north":{"uv":[2,2.5,2.25,3],"texture":"#1"},"east":{"uv":[1.125,7.5,1.375,8],"texture":"#1"},"south":{"uv":[2.875,7.75,3.125,8.25],"texture":"#1"},"west":{"uv":[3.25,7.75,3.5,8.25],"texture":"#1"},"up":{"uv":[8.625,3.875,8.375,3.625],"texture":"#1"},"down":{"uv":[8.625,4,8.375,4.25],"texture":"#1"}}},{"from":[1.16,10.47965,13.67076],"to":[6.92,13.35965,16.55076],"rotation":{"angle":22.5,"axis":"x","origin":[8,8,8]},"faces":{"north":{"uv":[3.625,7.75,4.125,8],"texture":"#1"},"east":{"uv":[8.375,7.375,8.625,7.625],"texture":"#1"},"south":{"uv":[7.75,3.875,8.25,4.125],"texture":"#1"},"west":{"uv":[8.375,7.75,8.625,8],"texture":"#1"},"up":{"uv":[8.25,4.5,7.75,4.25],"texture":"#1"},"down":{"uv":[6.625,7.75,6.125,8],"texture":"#1"}}},{"from":[2.78288,12.76399,14.62947],"to":[5.66288,19.96399,17.50947],"rotation":{"angle":45,"axis":"z","origin":[8,8,8]},"faces":{"north":{"uv":[4.25,7,4.5,7.625],"texture":"#1"},"east":{"uv":[6.375,7,6.625,7.625],"texture":"#1"},"south":{"uv":[0,7.125,0.25,7.75],"texture":"#1"},"west":{"uv":[7.125,3.375,7.375,4],"texture":"#1"},"up":{"uv":[0.25,8.75,0,8.5],"texture":"#1"},"down":{"uv":[8.75,0,8.5,0.25],"texture":"#1"}}},{"from":[-0.00568,15.89381,15.34947],"to":[1.43432,23.09381,16.78947],"rotation":{"angle":22.5,"axis":"z","origin":[8,8,8]},"faces":{"north":{"uv":[2.375,5.25,2.5,5.875],"texture":"#1"},"east":{"uv":[1.625,8.125,1.75,8.75],"texture":"#1"},"south":{"uv":[0.75,8.25,0.875,8.875],"texture":"#1"},"west":{"uv":[4.625,8.25,4.75,8.875],"texture":"#1"},"up":{"uv":[1,3.5,0.875,3.375],"texture":"#1"},"down":{"uv":[3.5,5,3.375,5.125],"texture":"#1"}}},{"from":[4.04,13.17235,14.47597],"to":[5.48,17.49235,15.91597],"rotation":{"angle":22.5,"axis":"x","origin":[8,8,8]},"faces":{"north":{"uv":[1.75,3.75,1.875,4.125],"texture":"#1"},"east":{"uv":[2.625,4.375,2.75,4.75],"texture":"#1"},"south":{"uv":[1.375,5.625,1.5,6],"texture":"#1"},"west":{"uv":[2.125,6.125,2.25,6.5],"texture":"#1"},"up":{"uv":[6.125,0.75,6,0.625],"texture":"#1"},"down":{"uv":[0.625,6.125,0.5,6.25],"texture":"#1"}}},{"from":[-1.53712,12.76399,15.34947],"to":[2.78288,14.20399,16.78947],"rotation":{"angle":45,"axis":"z","origin":[8,8,8]},"faces":{"north":{"uv":[5.375,2.375,5.75,2.5],"texture":"#1"},"east":{"uv":[1,6.5,1.125,6.625],"texture":"#1"},"south":{"uv":[6.25,1.375,6.625,1.5],"texture":"#1"},"west":{"uv":[0.75,7.25,0.875,7.375],"texture":"#1"},"up":{"uv":[7.25,1.25,6.875,1.125],"texture":"#1"},"down":{"uv":[8.75,4.375,8.375,4.5],"texture":"#1"}}},{"from":[6.56,0.88922,-2.89418],"to":[9.44,3.76922,-0.01418],"rotation":{"angle":0,"axis":"y","origin":[8,8,8]},"faces":{"north":{"uv":[8.125,8.5,8.375,8.75],"texture":"#1"},"east":{"uv":[8.5,8.5,8.75,8.75],"texture":"#1"},"south":{"uv":[0.375,8.625,0.625,8.875],"texture":"#1"},"west":{"uv":[8.625,0.75,8.875,1],"texture":"#1"},"up":{"uv":[8.875,1.375,8.625,1.125],"texture":"#1"},"down":{"uv":[2.375,8.625,2.125,8.875],"texture":"#1"}}},{"from":[3.572,0.88922,5.02582],"to":[3.572,5.20922,9.34582],"rotation":{"angle":0,"axis":"y","origin":[8,8,8]},"faces":{"north":{"uv":[4.5,8.625,4.5,9],"texture":"#1"},"east":{"uv":[2.375,7.75,2.75,8.125],"texture":"#1"},"south":{"uv":[7.75,8.625,7.75,9],"texture":"#1"},"west":{"uv":[7.75,2.75,8.125,3.125],"texture":"#1"},"up":{"uv":[7.875,9,7.875,8.625],"texture":"#1"},"down":{"uv":[8,8.625,8,9],"texture":"#1"}}},{"from":[8.37501,1.11672,9.34582],"to":[15.57501,5.43672,9.34582],"rotation":{"angle":22.5,"axis":"z","origin":[8,8,8]},"faces":{"north":{"uv":[7,3.625,6.375,4],"texture":"#1"},"east":{"uv":[6.75,7,6.75,7.375],"texture":"#1"},"south":{"uv":[6.375,3.625,7,4],"texture":"#1"},"west":{"uv":[1.625,4.625,1.625,5],"texture":"#1"},"up":{"uv":[8.375,1.5,9,1.5],"texture":"#1"},"down":{"uv":[8.5,3.5,9.125,3.5],"texture":"#1"}}},{"from":[12.428,0.88922,5.02582],"to":[12.428,5.20922,9.34582],"rotation":{"angle":0,"axis":"y","origin":[8,8,8]},"faces":{"north":{"uv":[4.5,8.625,4.5,9],"texture":"#1"},"east":{"uv":[8.125,2.75,7.75,3.125],"texture":"#1"},"south":{"uv":[7.75,8.625,7.75,9],"texture":"#1"},"west":{"uv":[2.75,7.75,2.375,8.125],"texture":"#1"},"up":{"uv":[7.875,9,7.875,8.625],"texture":"#1"},"down":{"uv":[8,8.625,8,9],"texture":"#1"}}},{"from":[13.21712,12.76399,15.34947],"to":[17.53712,14.20399,16.78947],"rotation":{"angle":-45,"axis":"z","origin":[8,8,8]},"faces":{"north":{"uv":[5.75,2.375,5.375,2.5],"texture":"#1"},"east":{"uv":[0.875,7.25,0.75,7.375],"texture":"#1"},"south":{"uv":[6.625,1.375,6.25,1.5],"texture":"#1"},"west":{"uv":[1.125,6.5,1,6.625],"texture":"#1"},"up":{"uv":[6.875,1.25,7.25,1.125],"texture":"#1"},"down":{"uv":[8.375,4.375,8.75,4.5],"texture":"#1"}}},{"from":[14.56568,15.89381,15.34947],"to":[16.00568,23.09381,16.78947],"rotation":{"angle":-22.5,"axis":"z","origin":[8,8,8]},"faces":{"north":{"uv":[2.5,5.25,2.375,5.875],"texture":"#1"},"east":{"uv":[4.75,8.25,4.625,8.875],"texture":"#1"},"south":{"uv":[0.875,8.25,0.75,8.875],"texture":"#1"},"west":{"uv":[1.75,8.125,1.625,8.75],"texture":"#1"},"up":{"uv":[0.875,3.5,1,3.375],"texture":"#1"},"down":{"uv":[3.375,5,3.5,5.125],"texture":"#1"}}},{"from":[10.33712,12.76399,14.62947],"to":[13.21712,19.96399,17.50947],"rotation":{"angle":-45,"axis":"z","origin":[8,8,8]},"faces":{"north":{"uv":[4.5,7,4.25,7.625],"texture":"#1"},"east":{"uv":[7.375,3.375,7.125,4],"texture":"#1"},"south":{"uv":[0.25,7.125,0,7.75],"texture":"#1"},"west":{"uv":[6.625,7,6.375,7.625],"texture":"#1"},"up":{"uv":[0,8.75,0.25,8.5],"texture":"#1"},"down":{"uv":[8.5,0,8.75,0.25],"texture":"#1"}}},{"from":[9.08,10.47965,13.67076],"to":[14.84,13.35965,16.55076],"rotation":{"angle":22.5,"axis":"x","origin":[8,8,8]},"faces":{"north":{"uv":[4.125,7.75,3.625,8],"texture":"#1"},"east":{"uv":[8.625,7.75,8.375,8],"texture":"#1"},"south":{"uv":[8.25,3.875,7.75,4.125],"texture":"#1"},"west":{"uv":[8.625,7.375,8.375,7.625],"texture":"#1"},"up":{"uv":[7.75,4.5,8.25,4.25],"texture":"#1"},"down":{"uv":[6.125,7.75,6.625,8],"texture":"#1"}}},{"from":[10.52,13.17235,14.47597],"to":[11.96,17.49235,15.91597],"rotation":{"angle":22.5,"axis":"x","origin":[8,8,8]},"faces":{"north":{"uv":[1.875,3.75,1.75,4.125],"texture":"#1"},"east":{"uv":[2.25,6.125,2.125,6.5],"texture":"#1"},"south":{"uv":[1.5,5.625,1.375,6],"texture":"#1"},"west":{"uv":[2.75,4.375,2.625,4.75],"texture":"#1"},"up":{"uv":[6,0.75,6.125,0.625],"texture":"#1"},"down":{"uv":[0.5,6.125,0.625,6.25],"texture":"#1"}}},{"from":[9.152,8.32789,11.37494],"to":[12.032,14.08789,14.25494],"rotation":{"angle":45,"axis":"x","origin":[8,8,8]},"faces":{"north":{"uv":[2.25,2.5,2,3],"texture":"#1"},"east":{"uv":[3.5,7.75,3.25,8.25],"texture":"#1"},"south":{"uv":[3.125,7.75,2.875,8.25],"texture":"#1"},"west":{"uv":[1.375,7.5,1.125,8],"texture":"#1"},"up":{"uv":[8.375,3.875,8.625,3.625],"texture":"#1"},"down":{"uv":[8.375,4,8.625,4.25],"texture":"#1"}}}],"gui_light":"front","display":{"gui":{"rotation":[18,146,0],"translation":[-1.75,0,0],"scale":[0.6,0.6,0.6]}}}