{"credit":"Madebysamus2002","texture_size":[64,64],"textures":{"0":"christmas:christmas_skill_texture/snow_owl","particle":"christmas:christmas_skill_texture/snow_owl"},"elements":[{"from":[4,6.25,6.5],"to":[12,11.25,13.5],"rotation":{"angle":0,"axis":"y","origin":[8,8,8]},"faces":{"north":{"uv":[4.5,4,6.5,5.25],"texture":"#0"},"east":{"uv":[6.75,3.5,8.5,4.75],"texture":"#0"},"south":{"uv":[4.5,5.5,6.5,6.75],"texture":"#0"},"west":{"uv":[6.75,5,8.5,6.25],"texture":"#0"},"up":{"uv":[2,5.75,0,4],"texture":"#0"},"down":{"uv":[4.25,4,2.25,5.75],"texture":"#0"}}},{"from":[7.5,6.25,5.5],"to":[8.5,8.25,6.5],"rotation":{"angle":0,"axis":"y","origin":[8,8,8]},"faces":{"north":{"uv":[6.25,7,6.5,7.5],"texture":"#0"},"east":{"uv":[8.75,4,9,4.5],"texture":"#0"},"south":{"uv":[8.75,4.75,9,5.25],"texture":"#0"},"west":{"uv":[8.75,5.5,9,6],"texture":"#0"},"up":{"uv":[6.5,9,6.25,8.75],"texture":"#0"},"down":{"uv":[7,8.75,6.75,9],"texture":"#0"}}}],"gui_light":"front","display":{"gui":{"rotation":[24,154,0],"translation":[-1,-2,0],"scale":[1.2,1.2,1.2]}}}