{"credit":"Madebysamus2002","texture_size":[64,64],"textures":{"0":"christmas:christmas_skill_texture/snowman","particle":"christmas:christmas_skill_texture/snowman"},"elements":[{"from":[8.5,7.375,6.7],"to":[11.5,10.375,6.7],"rotation":{"angle":0,"axis":"y","origin":[8,8,8]},"faces":{"north":{"uv":[10.5,8.5,9.75,9.25],"texture":"#0"},"east":{"uv":[8,10.5,8,11.25],"texture":"#0"},"south":{"uv":[9.75,8.5,10.5,9.25],"texture":"#0"},"west":{"uv":[7.75,10.5,7.75,11.25],"texture":"#0"},"up":{"uv":[4.75,10.75,5.5,10.75],"texture":"#0"},"down":{"uv":[5.75,10.75,6.5,10.75],"texture":"#0"}}},{"from":[4.5,7.375,6.7],"to":[7.5,10.375,6.7],"rotation":{"angle":0,"axis":"y","origin":[8,8,8]},"faces":{"north":{"uv":[9.75,8.5,10.5,9.25],"texture":"#0"},"east":{"uv":[7.75,10.5,7.75,11.25],"texture":"#0"},"south":{"uv":[10.5,8.5,9.75,9.25],"texture":"#0"},"west":{"uv":[8,10.5,8,11.25],"texture":"#0"},"up":{"uv":[5.5,10.75,4.75,10.75],"texture":"#0"},"down":{"uv":[6.5,10.75,5.75,10.75],"texture":"#0"}}},{"from":[4.5,5.125,6.75],"to":[11.5,11.125,13.75],"rotation":{"angle":0,"axis":"y","origin":[8,8,8]},"faces":{"north":{"uv":[0,5.5,1.75,7],"texture":"#0"},"east":{"uv":[2,6.75,3.75,8.25],"texture":"#0"},"south":{"uv":[4,6.75,5.75,8.25],"texture":"#0"},"west":{"uv":[6,6.75,7.75,8.25],"texture":"#0"},"up":{"uv":[9.25,4,7.5,2.25],"texture":"#0"},"down":{"uv":[9.25,4.25,7.5,6],"texture":"#0"}}},{"from":[7.5,6.625,3.75],"to":[8.5,7.625,7.75],"rotation":{"angle":0,"axis":"y","origin":[8,8,8]},"faces":{"north":{"uv":[7.5,6.25,7.75,6.5],"texture":"#0"},"east":{"uv":[7.75,1.75,8.75,2],"texture":"#0"},"south":{"uv":[9,1.75,9.25,2],"texture":"#0"},"west":{"uv":[2,10,3,10.25],"texture":"#0"},"up":{"uv":[2.25,6.5,2,5.5],"texture":"#0"},"down":{"uv":[3.5,10,3.25,11],"texture":"#0"}}}],"gui_light":"front","display":{"gui":{"rotation":[18,149,0],"translation":[-1.5,-1.5,0],"scale":[1.25,1.25,1.25]}}}