{"textures":{"0":"modelengine:entity/nocsy_pet_penguin"},"elements":[{"name":"cube","from":[4.7,4.2522607,5.6226616],"to":[11.3,8.872261,9.582663],"rotation":{"angle":0.0,"axis":"x","origin":[10.639999,0.9522605,5.6226616]},"faces":{"down":{"uv":[5.5,1.75,2.75,3.375],"rotation":0,"texture":"#0","tintindex":0},"east":{"uv":[5.25,6.5,6.875,8.375],"rotation":0,"texture":"#0","tintindex":0},"north":{"uv":[0.0,0.0,2.75,1.875],"rotation":0,"texture":"#0","tintindex":0},"south":{"uv":[0.0,2.0,2.75,3.875],"rotation":0,"texture":"#0","tintindex":0},"up":{"uv":[5.5,1.625,2.75,0.0],"rotation":0,"texture":"#0","tintindex":0},"west":{"uv":[7.0,0.0,8.625,1.875],"rotation":0,"texture":"#0","tintindex":0}}},{"name":"cube","from":[7.016,4.735241,9.046182],"to":[8.984,5.9232407,10.354181],"rotation":{"angle":22.5,"axis":"x","origin":[8.27,5.065241,9.772182]},"faces":{"down":{"uv":[0.875,9.25,0.0,9.75],"rotation":0,"texture":"#0","tintindex":0},"east":{"uv":[2.25,4.0,2.75,4.5],"rotation":0,"texture":"#0","tintindex":0},"north":{"uv":[9.0,4.5,9.875,5.0],"rotation":0,"texture":"#0","tintindex":0},"south":{"uv":[9.0,5.0,9.875,5.5],"rotation":0,"texture":"#0","tintindex":0},"up":{"uv":[9.75,5.875,9.0,5.5],"rotation":0,"texture":"#0","tintindex":0},"west":{"uv":[2.25,4.5,2.75,5.0],"rotation":0,"texture":"#0","tintindex":0}}}],"display":{"head":{"translation":[0.0,-6.4,0.0],"rotation":[0.0,0.0,0.0],"scale":[3.8095,3.8095,3.8095]}}}