{"textures":{"0":"modelengine:entity/nocsy_pet_penguin"},"elements":[{"name":"cube","from":[5.2939997,8.0154705,6.0239015],"to":[10.573999,11.315471,9.983902],"rotation":{"angle":0.0,"axis":"x","origin":[9.848,-0.4985299,6.419902]},"faces":{"down":{"uv":[2.25,4.0,0.0,5.625],"rotation":0,"texture":"#0","tintindex":0},"east":{"uv":[7.0,2.0,8.625,3.375],"rotation":0,"texture":"#0","tintindex":0},"north":{"uv":[5.0,3.5,7.25,4.875],"rotation":0,"texture":"#0","tintindex":0},"south":{"uv":[5.0,5.0,7.25,6.375],"rotation":0,"texture":"#0","tintindex":0},"up":{"uv":[5.0,5.125,2.75,3.5],"rotation":0,"texture":"#0","tintindex":0},"west":{"uv":[7.0,6.5,8.625,7.875],"rotation":0,"texture":"#0","tintindex":0}}},{"name":"cube","from":[7.724,8.88547,5.9579015],"to":[10.364,11.525471,5.9579015],"rotation":{"angle":0.0,"axis":"x","origin":[8.978001,-0.9485302,7.0139017]},"faces":{"down":{"uv":[1.125,0.0,0.0,0.0],"rotation":0,"texture":"#0","tintindex":0},"east":{"uv":[0.0,0.0,0.0,1.125],"rotation":0,"texture":"#0","tintindex":0},"north":{"uv":[4.875,5.25,3.75,6.375],"rotation":0,"texture":"#0","tintindex":0},"south":{"uv":[3.875,8.75,2.75,9.875],"rotation":0,"texture":"#0","tintindex":0},"up":{"uv":[1.125,0.0,0.0,0.0],"rotation":0,"texture":"#0","tintindex":0},"west":{"uv":[0.0,0.0,0.0,1.125],"rotation":0,"texture":"#0","tintindex":0}}},{"name":"cube","from":[4.9639997,8.88547,5.9579015],"to":[7.604,11.525471,5.9579015],"rotation":{"angle":0.0,"axis":"x","origin":[6.35,-0.9485302,7.0139017]},"faces":{"down":{"uv":[1.125,0.0,0.0,0.0],"rotation":0,"texture":"#0","tintindex":0},"east":{"uv":[0.0,0.0,0.0,1.125],"rotation":0,"texture":"#0","tintindex":0},"north":{"uv":[4.0,8.75,5.125,9.875],"rotation":0,"texture":"#0","tintindex":0},"south":{"uv":[8.75,6.0,9.875,7.125],"rotation":0,"texture":"#0","tintindex":0},"up":{"uv":[1.125,0.0,0.0,0.0],"rotation":0,"texture":"#0","tintindex":0},"west":{"uv":[0.0,0.0,0.0,1.125],"rotation":0,"texture":"#0","tintindex":0}}},{"name":"cube","from":[6.164,9.365471,5.9429016],"to":[6.4639997,9.66547,5.9429016],"rotation":{"angle":0.0,"axis":"x","origin":[7.25,-0.46852994,6.9989014]},"faces":{"down":{"uv":[1.125,0.0,0.0,0.0],"rotation":0,"texture":"#0","tintindex":0},"east":{"uv":[0.0,0.0,0.0,1.125],"rotation":0,"texture":"#0","tintindex":0},"north":{"uv":[0.0,10.375,0.125,10.5],"rotation":0,"texture":"#0","tintindex":0},"south":{"uv":[0.0,10.375,0.125,10.5],"rotation":0,"texture":"#0","tintindex":0},"up":{"uv":[1.125,0.0,0.0,0.0],"rotation":0,"texture":"#0","tintindex":0},"west":{"uv":[0.0,0.0,0.0,1.125],"rotation":0,"texture":"#0","tintindex":0}}},{"name":"cube","from":[9.044,9.365471,5.9429016],"to":[9.344,9.66547,5.9429016],"rotation":{"angle":0.0,"axis":"x","origin":[10.13,-0.46852994,6.9989014]},"faces":{"down":{"uv":[1.125,0.0,0.0,0.0],"rotation":0,"texture":"#0","tintindex":0},"east":{"uv":[0.0,0.0,0.0,1.125],"rotation":0,"texture":"#0","tintindex":0},"north":{"uv":[0.0,10.375,0.125,10.5],"rotation":0,"texture":"#0","tintindex":0},"south":{"uv":[0.0,10.375,0.125,10.5],"rotation":0,"texture":"#0","tintindex":0},"up":{"uv":[1.125,0.0,0.0,0.0],"rotation":0,"texture":"#0","tintindex":0},"west":{"uv":[0.0,0.0,0.0,1.125],"rotation":0,"texture":"#0","tintindex":0}}},{"name":"cube","from":[5.954,11.315471,8.069901],"to":[9.9140005,13.95547,8.069901],"rotation":{"angle":0.0,"axis":"x","origin":[9.518001,2.8014703,8.0039015]},"faces":{"down":{"uv":[1.625,0.0,0.0,0.0],"rotation":0,"texture":"#0","tintindex":0},"east":{"uv":[0.0,0.0,0.0,1.125],"rotation":0,"texture":"#0","tintindex":0},"north":{"uv":[1.5,7.5,3.125,8.625],"rotation":0,"texture":"#0","tintindex":0},"south":{"uv":[3.125,7.5,1.5,8.625],"rotation":0,"texture":"#0","tintindex":0},"up":{"uv":[1.625,0.0,0.0,0.0],"rotation":0,"texture":"#0","tintindex":0},"west":{"uv":[0.0,0.0,0.0,1.125],"rotation":0,"texture":"#0","tintindex":0}}},{"name":"cube","from":[7.934,11.315471,6.0299015],"to":[7.934,13.95547,9.989902],"rotation":{"angle":0.0,"axis":"x","origin":[8.0,2.8014703,10.313902]},"faces":{"down":{"uv":[1.625,0.0,0.0,0.0],"rotation":270,"texture":"#0","tintindex":0},"east":{"uv":[1.5,7.5,3.125,8.625],"rotation":0,"texture":"#0","tintindex":0},"north":{"uv":[0.0,0.0,0.0,1.125],"rotation":0,"texture":"#0","tintindex":0},"south":{"uv":[0.0,0.0,0.0,1.125],"rotation":0,"texture":"#0","tintindex":0},"up":{"uv":[1.625,0.0,0.0,0.0],"rotation":90,"texture":"#0","tintindex":0},"west":{"uv":[3.125,7.5,1.5,8.625],"rotation":0,"texture":"#0","tintindex":0}}},{"name":"cube","from":[7.574,8.69,5.66],"to":[8.894,9.308001,6.98],"rotation":{"angle":45.0,"axis":"y","origin":[7.934,9.08,6.62]},"faces":{"down":{"uv":[2.25,6.5,1.5,7.25],"rotation":0,"texture":"#0","tintindex":0},"east":{"uv":[0.75,9.75,1.5,10.25],"rotation":0,"texture":"#0","tintindex":0},"north":{"uv":[0.0,9.75,0.75,10.25],"rotation":0,"texture":"#0","tintindex":0},"south":{"uv":[6.5,9.75,7.25,10.25],"rotation":0,"texture":"#0","tintindex":0},"up":{"uv":[2.25,6.5,1.5,5.75],"rotation":0,"texture":"#0","tintindex":0},"west":{"uv":[7.25,9.75,8.0,10.25],"rotation":0,"texture":"#0","tintindex":0}}},{"name":"cube","from":[7.401279,8.33,5.6],"to":[8.601279,8.93,6.8],"rotation":{"angle":45.0,"axis":"y","origin":[8.061279,8.42,6.3199997]},"faces":{"down":{"uv":[3.75,8.0,3.25,8.5],"rotation":0,"texture":"#0","tintindex":0},"east":{"uv":[6.5,9.0,7.0,9.25],"rotation":0,"texture":"#0","tintindex":0},"north":{"uv":[6.5,8.75,7.0,9.0],"rotation":0,"texture":"#0","tintindex":0},"south":{"uv":[1.0,9.25,1.5,9.5],"rotation":0,"texture":"#0","tintindex":0},"up":{"uv":[3.75,8.0,3.25,7.5],"rotation":0,"texture":"#0","tintindex":0},"west":{"uv":[1.0,9.5,1.5,9.75],"rotation":0,"texture":"#0","tintindex":0}}}],"display":{"head":{"translation":[0.0,-6.4,0.0],"rotation":[0.0,0.0,0.0],"scale":[3.8095,3.8095,3.8095]}}}