{"textures":{"0":"modelengine:entity/nocsy_pet_penguin"},"elements":[{"name":"cube","from":[8.0011425,2.7351413,6.0199995],"to":[8.0011425,8.015141,9.32],"rotation":{"angle":0.0,"axis":"x","origin":[13.013223,0.1862588,5.69]},"faces":{"down":{"uv":[0.0,0.0,0.0,1.375],"rotation":0,"texture":"#0","tintindex":0},"east":{"uv":[6.875,0.0,5.5,2.25],"rotation":0,"texture":"#0","tintindex":0},"north":{"uv":[0.0,0.0,0.0,2.25],"rotation":0,"texture":"#0","tintindex":0},"south":{"uv":[0.0,0.0,0.0,2.25],"rotation":0,"texture":"#0","tintindex":0},"up":{"uv":[0.0,1.375,0.0,0.0],"rotation":0,"texture":"#0","tintindex":0},"west":{"uv":[5.5,0.0,6.875,2.25],"rotation":0,"texture":"#0","tintindex":0}}}],"display":{"head":{"translation":[0.0,-6.4,0.0],"rotation":[0.0,0.0,0.0],"scale":[3.8095,3.8095,3.8095]}}}