{"textures":{"0":"modelengine:entity/nocsy_pet_penguin"},"elements":[{"name":"cube","from":[7.0429997,7.565,7.649],"to":[9.023,8.225,8.969],"rotation":{"angle":0.0,"axis":"x","origin":[7.769,4.7269998,7.295]},"faces":{"down":{"uv":[8.375,9.25,7.5,9.75],"rotation":0,"texture":"#0","tintindex":0},"east":{"uv":[2.25,5.0,2.75,5.25],"rotation":0,"texture":"#0","tintindex":0},"north":{"uv":[8.0,9.75,8.875,10.0],"rotation":0,"texture":"#0","tintindex":0},"south":{"uv":[9.0,9.75,9.875,10.0],"rotation":0,"texture":"#0","tintindex":0},"up":{"uv":[7.375,9.75,6.5,9.25],"rotation":0,"texture":"#0","tintindex":0},"west":{"uv":[1.5,7.25,2.0,7.5],"rotation":0,"texture":"#0","tintindex":0}}},{"name":"cube","from":[6.647,6.245,6.0409994],"to":[9.287001,7.565,9.341],"rotation":{"angle":0.0,"axis":"x","origin":[7.769,4.7269998,6.7669997]},"faces":{"down":{"uv":[9.875,0.0,8.75,1.375],"rotation":0,"texture":"#0","tintindex":0},"east":{"uv":[7.25,6.0,8.625,6.5],"rotation":0,"texture":"#0","tintindex":0},"north":{"uv":[8.75,8.25,9.875,8.75],"rotation":0,"texture":"#0","tintindex":0},"south":{"uv":[8.75,8.75,9.875,9.25],"rotation":0,"texture":"#0","tintindex":0},"up":{"uv":[6.375,9.875,5.25,8.5],"rotation":0,"texture":"#0","tintindex":0},"west":{"uv":[8.75,3.0,10.125,3.5],"rotation":0,"texture":"#0","tintindex":0}}}],"display":{"head":{"translation":[0.0,-6.4,0.0],"rotation":[0.0,0.0,0.0],"scale":[3.8095,3.8095,3.8095]}}}