{"textures":{"0":"modelengine:entity/nocsy_pet_penguin"},"elements":[{"name":"cube","from":[6.977,7.565,7.649],"to":[8.957001,8.225,8.969],"rotation":{"angle":0.0,"axis":"x","origin":[8.231,4.7269998,7.295]},"faces":{"down":{"uv":[10.375,9.25,9.5,9.75],"rotation":0,"texture":"#0","tintindex":0},"east":{"uv":[3.25,8.5,3.75,8.75],"rotation":0,"texture":"#0","tintindex":0},"north":{"uv":[10.0,0.0,10.875,0.25],"rotation":0,"texture":"#0","tintindex":0},"south":{"uv":[10.0,0.25,10.875,0.5],"rotation":0,"texture":"#0","tintindex":0},"up":{"uv":[9.375,9.75,8.5,9.25],"rotation":0,"texture":"#0","tintindex":0},"west":{"uv":[6.5,8.5,7.0,8.75],"rotation":0,"texture":"#0","tintindex":0}}},{"name":"cube","from":[6.7130003,6.245,6.0409994],"to":[9.353001,7.565,9.341],"rotation":{"angle":0.0,"axis":"x","origin":[8.231,4.7269998,6.7669997]},"faces":{"down":{"uv":[9.875,1.5,8.75,2.875],"rotation":0,"texture":"#0","tintindex":0},"east":{"uv":[8.75,7.25,10.125,7.75],"rotation":0,"texture":"#0","tintindex":0},"north":{"uv":[9.0,3.5,10.125,4.0],"rotation":0,"texture":"#0","tintindex":0},"south":{"uv":[9.0,4.0,10.125,4.5],"rotation":0,"texture":"#0","tintindex":0},"up":{"uv":[2.625,10.125,1.5,8.75],"rotation":0,"texture":"#0","tintindex":0},"west":{"uv":[8.75,7.75,10.125,8.25],"rotation":0,"texture":"#0","tintindex":0}}}],"display":{"head":{"translation":[0.0,-6.4,0.0],"rotation":[0.0,0.0,0.0],"scale":[3.8095,3.8095,3.8095]}}}