{"credit":"MadewithBlockbench","texture_size":[32,32],"textures":{"0":"jackpot:item/ghost_item"},"elements":[{"from":[5,4.5,6],"to":[11,11.5,10],"rotation":{"angle":0,"axis":"y","origin":[0,2.5,0]},"faces":{"north":{"uv":[4,8,7,11.5],"texture":"#0"},"east":{"uv":[7,8,9,11.5],"texture":"#0"},"south":{"uv":[8,4,11,7.5],"texture":"#0"},"west":{"uv":[9,7.5,11,11],"texture":"#0"},"up":{"uv":[12,13,9,11],"texture":"#0"},"down":{"uv":[7,11.5,4,13.5],"texture":"#0"}}},{"from":[4,10.5,4],"to":[12,18.5,12],"rotation":{"angle":0,"axis":"y","origin":[0,2.5,0]},"faces":{"north":{"uv":[0,0,4,4],"texture":"#0"},"east":{"uv":[0,4,4,8],"texture":"#0"},"south":{"uv":[4,0,8,4],"texture":"#0"},"west":{"uv":[4,4,8,8],"texture":"#0"},"up":{"uv":[4,12,0,8],"texture":"#0"},"down":{"uv":[12,0,8,4],"texture":"#0"}}},{"from":[11,5,7],"to":[13,10,9],"rotation":{"angle":0,"axis":"y","origin":[0,2,0]},"faces":{"north":{"uv":[7,11.5,8,14],"texture":"#0"},"east":{"uv":[8,11.5,9,14],"texture":"#0"},"south":{"uv":[12,0,13,2.5],"texture":"#0"},"west":{"uv":[3,12,4,14.5],"texture":"#0"},"up":{"uv":[14,7.5,13,6.5],"texture":"#0"},"down":{"uv":[14,7.5,13,8.5],"texture":"#0"}}},{"from":[12.25,4,8],"to":[12.25,10,12],"rotation":{"angle":0,"axis":"y","origin":[0,2,0]},"faces":{"north":{"uv":[0,0,0,3],"texture":"#0"},"east":{"uv":[11,4,13,7],"texture":"#0"},"south":{"uv":[0,0,0,3],"texture":"#0"},"west":{"uv":[13,4,11,7],"texture":"#0"},"up":{"uv":[0,2,0,0],"texture":"#0"},"down":{"uv":[0,0,0,2],"texture":"#0"}}},{"from":[3,5,7],"to":[5,10,9],"rotation":{"angle":0,"axis":"y","origin":[0,2,0]},"faces":{"north":{"uv":[8,11.5,7,14],"texture":"#0"},"east":{"uv":[4,12,3,14.5],"texture":"#0"},"south":{"uv":[13,0,12,2.5],"texture":"#0"},"west":{"uv":[9,11.5,8,14],"texture":"#0"},"up":{"uv":[13,7.5,14,6.5],"texture":"#0"},"down":{"uv":[13,7.5,14,8.5],"texture":"#0"}}},{"from":[3.75,4,8],"to":[3.75,10,12],"rotation":{"angle":0,"axis":"y","origin":[0,2,0]},"faces":{"north":{"uv":[0,0,0,3],"texture":"#0"},"east":{"uv":[11,4,13,7],"texture":"#0"},"south":{"uv":[0,0,0,3],"texture":"#0"},"west":{"uv":[13,4,11,7],"texture":"#0"},"up":{"uv":[0,2,0,0],"texture":"#0"},"down":{"uv":[0,0,0,2],"texture":"#0"}}},{"from":[6,3.5,7],"to":[10,5.5,9],"rotation":{"angle":0,"axis":"y","origin":[0,2.5,0]},"faces":{"north":{"uv":[12,2.5,14,3.5],"texture":"#0"},"east":{"uv":[2,13,3,14],"texture":"#0"},"south":{"uv":[12,11,14,12],"texture":"#0"},"west":{"uv":[13,5.5,14,6.5],"texture":"#0"},"up":{"uv":[14,13,12,12],"texture":"#0"},"down":{"uv":[2,13,0,14],"texture":"#0"}}},{"from":[5,2.5,10],"to":[11,4.5,10],"rotation":{"angle":0,"axis":"y","origin":[0,2.5,0]},"faces":{"north":{"uv":[3,12,0,13],"texture":"#0"},"east":{"uv":[0,0,0,1],"texture":"#0"},"south":{"uv":[0,12,3,13],"texture":"#0"},"west":{"uv":[0,0,0,1],"texture":"#0"},"up":{"uv":[3,0,0,0],"texture":"#0"},"down":{"uv":[3,0,0,0],"texture":"#0"}}},{"from":[6,0.5,10],"to":[10,2.5,10],"rotation":{"angle":0,"axis":"y","origin":[0,2.5,0]},"faces":{"north":{"uv":[15,4.5,13,5.5],"texture":"#0"},"east":{"uv":[0,0,0,1],"texture":"#0"},"south":{"uv":[13,4.5,15,5.5],"texture":"#0"},"west":{"uv":[0,0,0,1],"texture":"#0"},"up":{"uv":[2,0,0,0],"texture":"#0"},"down":{"uv":[2,0,0,0],"texture":"#0"}}},{"from":[6,2.5,6],"to":[10,4.5,6],"rotation":{"angle":0,"axis":"y","origin":[0,2.5,0]},"faces":{"north":{"uv":[13,0,15,1],"texture":"#0"},"east":{"uv":[0,0,0,1],"texture":"#0"},"south":{"uv":[15,0,13,1],"texture":"#0"},"west":{"uv":[0,0,0,1],"texture":"#0"},"up":{"uv":[2,0,0,0],"texture":"#0"},"down":{"uv":[2,0,0,0],"texture":"#0"}}}],"display":{"thirdperson_righthand":{"scale":[0.61719,0.61719,0.61719]},"thirdperson_lefthand":{"scale":[0.61719,0.61719,0.61719]},"firstperson_righthand":{"translation":[3.75,-1.75,0],"scale":[0.61719,0.61719,0.61719]},"firstperson_lefthand":{"translation":[3.75,-1.75,0],"scale":[0.61719,0.61719,0.61719]},"ground":{"translation":[0,2,0],"scale":[0.61719,0.61719,0.61719]},"gui":{"rotation":[-180,29,-180],"translation":[0,-1.25,0],"scale":[0.73633,0.73633,0.73633]},"fixed":{"translation":[0,-3.5,0]}}}