{"texture_size":[64,64],"textures":{"1":"jackpot:bb/swaghili_drill"},"elements":[{"from":[4.5,-15,7],"to":[11.5,-13,9],"rotation":{"angle":0,"axis":"y","origin":[8,-13.7,8]},"faces":{"north":{"uv":[5.25,2.5,7,3],"texture":"#1"},"east":{"uv":[5,4.5,5.5,5],"texture":"#1"},"south":{"uv":[3.75,6,5.5,6.5],"texture":"#1"},"west":{"uv":[6.5,2,7,2.5],"texture":"#1"},"up":{"uv":[7.25,6.5,5.5,6],"texture":"#1"},"down":{"uv":[8,0,6.25,0.5],"texture":"#1"}}},{"from":[2.5,-15.5,6.5],"to":[4.5,-12.5,9.5],"rotation":{"angle":0,"axis":"y","origin":[1,-13.7,8]},"faces":{"north":{"uv":[7,2,7.5,2.75],"texture":"#1"},"east":{"uv":[0.5,6.75,1.25,7.5],"texture":"#1"},"south":{"uv":[7.5,2,7,2.75],"texture":"#1"},"west":{"uv":[2.25,6.75,3,7.5],"texture":"#1"},"up":{"uv":[7.25,8,6.75,7.25],"texture":"#1"},"down":{"uv":[7.75,7.25,7.25,8],"texture":"#1"}}},{"from":[1.5,-14.5,7.5],"to":[2.5,-13.5,8.5],"rotation":{"angle":-45,"axis":"x","origin":[2,-14,8]},"faces":{"north":{"uv":[8.25,6.25,8.5,6.5],"texture":"#1"},"east":{"uv":[8.25,6.25,8.5,6.5],"texture":"#1"},"south":{"uv":[8.25,6.25,8.5,6.5],"texture":"#1"},"west":{"uv":[8.25,6.25,8.5,6.5],"texture":"#1"},"up":{"uv":[8.25,6.25,8.5,6.5],"texture":"#1"},"down":{"uv":[8.25,6.25,8.5,6.5],"texture":"#1"}}},{"from":[11.5,-15.5,6.5],"to":[13.5,-12.5,9.5],"rotation":{"angle":0,"axis":"y","origin":[15,-13.7,8]},"faces":{"north":{"uv":[7.5,2,7,2.75],"texture":"#1"},"east":{"uv":[3,6.75,2.25,7.5],"texture":"#1"},"south":{"uv":[7,2,7.5,2.75],"texture":"#1"},"west":{"uv":[1.25,6.75,0.5,7.5],"texture":"#1"},"up":{"uv":[6.75,8,7.25,7.25],"texture":"#1"},"down":{"uv":[7.25,7.25,7.75,8],"texture":"#1"}}},{"from":[13.5,-14.5,7.5],"to":[14.5,-13.5,8.5],"rotation":{"angle":-45,"axis":"x","origin":[14,-14,8]},"faces":{"north":{"uv":[8.5,6.25,8.25,6.5],"texture":"#1"},"east":{"uv":[8.5,6.25,8.25,6.5],"texture":"#1"},"south":{"uv":[8.5,6.25,8.25,6.5],"texture":"#1"},"west":{"uv":[8.5,6.25,8.25,6.5],"texture":"#1"},"up":{"uv":[8.5,6.25,8.25,6.5],"texture":"#1"},"down":{"uv":[8.5,6.25,8.25,6.5],"texture":"#1"}}},{"from":[3.5,-12.5,7],"to":[4.5,-7.5,9],"rotation":{"angle":0,"axis":"y","origin":[1,-10.7,8]},"faces":{"north":{"uv":[5.25,7.75,5.5,9],"texture":"#1"},"east":{"uv":[5.25,6.5,5.75,7.75],"texture":"#1"},"south":{"uv":[5.5,7.75,5.25,9],"texture":"#1"},"west":{"uv":[5.75,6.5,6.25,7.75],"texture":"#1"},"up":{"uv":[3.5,6,3.25,5.5],"texture":"#1"},"down":{"uv":[6.5,0.5,6.25,1],"texture":"#1"}}},{"from":[3.5,-7.5,7],"to":[12.5,-6.5,9],"rotation":{"angle":0,"axis":"y","origin":[2,-10.7,8]},"faces":{"north":{"uv":[6,4.25,8.25,4.5],"texture":"#1"},"east":{"uv":[4,3.5,4.5,3.75],"texture":"#1"},"south":{"uv":[8.25,4.25,6,4.5],"texture":"#1"},"west":{"uv":[4.5,3.5,5,3.75],"texture":"#1"},"up":{"uv":[6.25,3.5,4,3],"texture":"#1"},"down":{"uv":[3.5,5,1.25,5.5],"texture":"#1"}}},{"from":[6,-6.5,6],"to":[10,8.5,10],"rotation":{"angle":0,"axis":"y","origin":[2,-9.7,8]},"faces":{"north":{"uv":[0,0,1,3.75],"texture":"#1"},"east":{"uv":[1,0,2,3.75],"texture":"#1"},"south":{"uv":[1,0,0,3.75],"texture":"#1"},"west":{"uv":[3,0,4,3.75],"texture":"#1"},"up":{"uv":[4.5,6,3.5,5],"texture":"#1"},"down":{"uv":[6,3.5,5,4.5],"texture":"#1"}}},{"from":[5.5,13.5,5.5],"to":[10.5,16.5,10.5],"rotation":{"angle":0,"axis":"y","origin":[2,-1.7,8]},"faces":{"north":{"uv":[5.5,5.25,6.75,6],"texture":"#1"},"east":{"uv":[0,6,1.25,6.75],"texture":"#1"},"south":{"uv":[6.75,5.25,5.5,6],"texture":"#1"},"west":{"uv":[6,3.5,7.25,4.25],"texture":"#1"},"up":{"uv":[3.75,5,2.5,3.75],"texture":"#1"},"down":{"uv":[5,3.75,3.75,5],"texture":"#1"}}},{"from":[5.5,8.5,5.5],"to":[10.5,11.5,10.5],"rotation":{"angle":0,"axis":"y","origin":[2,-6.7,8]},"faces":{"north":{"uv":[5.5,5.25,6.75,6],"texture":"#1"},"east":{"uv":[0,6,1.25,6.75],"texture":"#1"},"south":{"uv":[6.75,5.25,5.5,6],"texture":"#1"},"west":{"uv":[6,3.5,7.25,4.25],"texture":"#1"},"up":{"uv":[3.75,5,2.5,3.75],"texture":"#1"},"down":{"uv":[5,3.75,3.75,5],"texture":"#1"}}},{"from":[7.5,16.5,7.5],"to":[8.5,30.5,8.5],"rotation":{"angle":0,"axis":"y","origin":[8,23.5,8]},"faces":{"north":{"uv":[0,9.75,0.25,13.25],"texture":"#1"},"east":{"uv":[0,9.75,0.25,13.25],"texture":"#1"},"south":{"uv":[0,9.75,0.25,13.25],"texture":"#1"},"west":{"uv":[0,9.75,0.25,13.25],"texture":"#1"},"up":{"uv":[0.25,10,0,9.75],"rotation":270,"texture":"#1"}}},{"from":[7.5,16.5,7.5],"to":[8.5,30.5,8.5],"rotation":{"angle":22.5,"axis":"y","origin":[8,23.5,8]},"faces":{"north":{"uv":[0.25,9.75,0.5,13.25],"texture":"#1"},"east":{"uv":[0.25,9.75,0.5,13.25],"texture":"#1"},"south":{"uv":[0.25,9.75,0.5,13.25],"texture":"#1"},"west":{"uv":[0.25,9.75,0.5,13.25],"texture":"#1"},"up":{"uv":[0.5,10,0.25,9.75],"rotation":270,"texture":"#1"}}},{"from":[7.5,16.5,7.5],"to":[8.5,30.5,8.5],"rotation":{"angle":45,"axis":"y","origin":[8,23.5,8]},"faces":{"north":{"uv":[0.5,9.75,0.75,13.25],"texture":"#1"},"east":{"uv":[0.5,9.75,0.75,13.25],"texture":"#1"},"south":{"uv":[0.5,9.75,0.75,13.25],"texture":"#1"},"west":{"uv":[0.5,9.75,0.75,13.25],"texture":"#1"},"up":{"uv":[0.75,10,0.5,9.75],"rotation":270,"texture":"#1"}}},{"from":[7.5,16.5,7.5],"to":[8.5,30.5,8.5],"rotation":{"angle":-22.5,"axis":"y","origin":[8,23.5,8]},"faces":{"north":{"uv":[0.75,9.75,1,13.25],"texture":"#1"},"east":{"uv":[0.75,9.75,1,13.25],"texture":"#1"},"south":{"uv":[0.75,9.75,1,13.25],"texture":"#1"},"west":{"uv":[0.75,9.75,1,13.25],"texture":"#1"},"up":{"uv":[1,10,0.75,9.75],"rotation":180,"texture":"#1"}}},{"from":[7,14,4.5],"to":[9,16,5.5],"rotation":{"angle":0,"axis":"y","origin":[2,-1.7,7]},"faces":{"north":{"uv":[7.5,2.5,8,3],"texture":"#1"},"east":{"uv":[2.25,6.25,2.5,6.75],"texture":"#1"},"south":{"uv":[8,2.5,7.5,3],"texture":"#1"},"west":{"uv":[8,6.75,8.25,7.25],"texture":"#1"},"up":{"uv":[6.75,3.5,6.25,3.25],"texture":"#1"},"down":{"uv":[7.25,3.25,6.75,3.5],"texture":"#1"}}},{"from":[7,9,4.5],"to":[9,11,5.5],"rotation":{"angle":0,"axis":"y","origin":[2,-6.7,7]},"faces":{"north":{"uv":[7.75,3.75,8.25,4.25],"texture":"#1"},"east":{"uv":[8.25,2,8.5,2.5],"texture":"#1"},"south":{"uv":[8.25,3.75,7.75,4.25],"texture":"#1"},"west":{"uv":[2.25,8.25,2.5,8.75],"texture":"#1"},"up":{"uv":[7.5,3,7,2.75],"texture":"#1"},"down":{"uv":[7.75,4,7.25,4.25],"texture":"#1"}}},{"from":[7.5,11,4.5],"to":[8.5,14,5.5],"rotation":{"angle":0,"axis":"y","origin":[2,-4.7,7]},"faces":{"north":{"uv":[1,8,1.25,8.75],"texture":"#1"},"east":{"uv":[3.75,8,4,8.75],"texture":"#1"},"south":{"uv":[4,8,4.25,8.75],"texture":"#1"},"west":{"uv":[4.25,8,4.5,8.75],"texture":"#1"},"up":{"uv":[8.75,0.5,8.5,0.25],"texture":"#1"},"down":{"uv":[0.75,8.5,0.5,8.75],"texture":"#1"}}},{"from":[7.5,11,10.5],"to":[8.5,14,11.5],"rotation":{"angle":0,"axis":"y","origin":[2,-4.7,13]},"faces":{"north":{"uv":[1,8,1.25,8.75],"texture":"#1"},"east":{"uv":[3.75,8,4,8.75],"texture":"#1"},"south":{"uv":[4,8,4.25,8.75],"texture":"#1"},"west":{"uv":[4.25,8,4.5,8.75],"texture":"#1"},"up":{"uv":[8.75,0.5,8.5,0.25],"texture":"#1"},"down":{"uv":[0.75,8.5,0.5,8.75],"texture":"#1"}}},{"from":[7,9,10.5],"to":[9,11,11.5],"rotation":{"angle":0,"axis":"y","origin":[2,-6.7,13]},"faces":{"north":{"uv":[7.75,3.75,8.25,4.25],"texture":"#1"},"east":{"uv":[8.25,2,8.5,2.5],"texture":"#1"},"south":{"uv":[8.25,3.75,7.75,4.25],"texture":"#1"},"west":{"uv":[2.25,8.25,2.5,8.75],"texture":"#1"},"up":{"uv":[7.5,3,7,2.75],"texture":"#1"},"down":{"uv":[7.75,4,7.25,4.25],"texture":"#1"}}},{"from":[7,14,10.5],"to":[9,16,11.5],"rotation":{"angle":0,"axis":"y","origin":[2,-1.7,13]},"faces":{"north":{"uv":[7.5,2.5,8,3],"texture":"#1"},"east":{"uv":[2.25,6.25,2.5,6.75],"texture":"#1"},"south":{"uv":[8,2.5,7.5,3],"texture":"#1"},"west":{"uv":[8,6.75,8.25,7.25],"texture":"#1"},"up":{"uv":[6.75,3.5,6.25,3.25],"texture":"#1"},"down":{"uv":[7.25,3.25,6.75,3.5],"texture":"#1"}}},{"from":[6.5,11.5,6.5],"to":[9.5,13.5,9.5],"rotation":{"angle":0,"axis":"y","origin":[2,-3.7,8]},"faces":{"north":{"uv":[2.5,5.5,3.25,6],"texture":"#1"},"east":{"uv":[7.25,6,8,6.5],"texture":"#1"},"south":{"uv":[3.25,5.5,2.5,6],"texture":"#1"},"west":{"uv":[7.5,2,8.25,2.5],"texture":"#1"},"up":{"uv":[3.75,7.5,3,6.75],"texture":"#1"},"down":{"uv":[7.5,4.5,6.75,5.25],"texture":"#1"}}},{"from":[4,2.5,7],"to":[6,8.5,9],"rotation":{"angle":0,"axis":"y","origin":[-2,-9.7,8]},"faces":{"north":{"uv":[6.5,0.5,7,2],"texture":"#1"},"east":{"uv":[3.75,6.5,4.25,8],"texture":"#1"},"south":{"uv":[7,0.5,6.5,2],"texture":"#1"},"west":{"uv":[4.75,6.5,5.25,8],"texture":"#1"},"up":{"uv":[1,8.5,0.5,8],"texture":"#1"},"down":{"uv":[8.5,2.5,8,3],"texture":"#1"}}},{"from":[0,-4.5,6],"to":[5,-0.5,10],"rotation":{"angle":0,"axis":"y","origin":[-3,-9.7,8]},"faces":{"north":{"uv":[4,0,5.25,1],"texture":"#1"},"east":{"uv":[4.5,5,5.5,6],"texture":"#1"},"south":{"uv":[5.25,0,4,1],"texture":"#1"},"west":{"uv":[5.25,0,6.25,1],"texture":"#1"},"up":{"uv":[5.25,3,4,2],"texture":"#1"},"down":{"uv":[1.25,5,0,6],"texture":"#1"}}},{"from":[5,-4,6.5],"to":[6,-1,9.5],"rotation":{"angle":0,"axis":"y","origin":[-2,-9.7,8]},"faces":{"north":{"uv":[8,5.25,8.25,6],"texture":"#1"},"east":{"uv":[6.75,5.25,7.5,6],"texture":"#1"},"south":{"uv":[8,6,8.25,6.75],"texture":"#1"},"west":{"uv":[6.75,6.5,7.5,7.25],"texture":"#1"},"up":{"uv":[7,8.75,6.75,8],"texture":"#1"},"down":{"uv":[7.25,8,7,8.75],"texture":"#1"}}},{"from":[11.5,-12.5,7],"to":[12.5,-7.5,9],"rotation":{"angle":0,"axis":"y","origin":[15,-10.7,8]},"faces":{"north":{"uv":[5.75,7.75,6,9],"texture":"#1"},"east":{"uv":[6.25,6.5,6.75,7.75],"texture":"#1"},"south":{"uv":[6,7.75,5.75,9],"texture":"#1"},"west":{"uv":[0,6.75,0.5,8],"texture":"#1"},"up":{"uv":[8.5,5,8.25,4.5],"texture":"#1"},"down":{"uv":[8.5,5,8.25,5.5],"texture":"#1"}}},{"from":[9.5,-10.5,7.5],"to":[11.5,-7.5,8.5],"rotation":{"angle":0,"axis":"y","origin":[14,-10.7,8]},"faces":{"north":{"uv":[2.25,7.5,2.75,8.25],"texture":"#1"},"east":{"uv":[7.25,8,7.5,8.75],"texture":"#1"},"south":{"uv":[2.75,7.5,2.25,8.25],"texture":"#1"},"west":{"uv":[7.5,8,7.75,8.75],"texture":"#1"},"up":{"uv":[8.75,5.75,8.25,5.5],"texture":"#1"},"down":{"uv":[8.75,5.75,8.25,6],"texture":"#1"}}},{"from":[4.5,-10.5,7.5],"to":[6.5,-7.5,8.5],"rotation":{"angle":0,"axis":"y","origin":[2,-10.7,8]},"faces":{"north":{"uv":[3.25,7.5,3.75,8.25],"texture":"#1"},"east":{"uv":[8.25,0.5,8.5,1.25],"texture":"#1"},"south":{"uv":[3.75,7.5,3.25,8.25],"texture":"#1"},"west":{"uv":[8.25,1.25,8.5,2],"texture":"#1"},"up":{"uv":[8.75,6.25,8.25,6],"texture":"#1"},"down":{"uv":[6.75,8.25,6.25,8.5],"texture":"#1"}}}],"gui_light":"front","display":{"thirdperson_righthand":{"rotation":[-34.5,-90,0],"translation":[0,2,-0.25],"scale":[0.7,0.7,0.7]},"thirdperson_lefthand":{"rotation":[-34.5,90,0],"translation":[0,2,-0.25],"scale":[0.7,0.7,0.7]},"firstperson_righthand":{"rotation":[-90,-90,0],"translation":[4.25,1.25,-0.75],"scale":[0.6,0.6,0.6]},"firstperson_lefthand":{"rotation":[-90,90,0],"translation":[4.25,1.25,-0.75],"scale":[0.6,0.6,0.6]},"ground":{"rotation":[0,0,45],"translation":[-0.75,5,0],"scale":[0.3,0.3,0.3]},"gui":{"rotation":[-180,0,-135],"translation":[1,1,-0.75],"scale":[0.425,0.425,0.425]},"head":{"rotation":[0,0,91.25],"translation":[20,3.5,0.75],"scale":[0.6,0.6,0.6]},"fixed":{"rotation":[0,0,45],"translation":[-1,1,-0.75],"scale":[0.45,0.45,0.45]}}}