{"credit":"MadewithBlockbench","texture_size":[32,32],"textures":{"0":"jackpot:bb/votekey","particle":"jackpot:bb/votekey"},"elements":[{"from":[7,0,6.82843],"to":[10,1,7.82843],"rotation":{"angle":0,"axis":"y","origin":[8.5,0.5,5.07843]},"faces":{"north":{"uv":[6,3,7.5,3.5],"texture":"#0"},"east":{"uv":[5,6,5.5,6.5],"texture":"#0"},"south":{"uv":[6,3.5,7.5,4],"texture":"#0"},"west":{"uv":[5,6.5,5.5,7],"texture":"#0"},"up":{"uv":[7.5,4.5,6,4],"texture":"#0"},"down":{"uv":[7.5,4,6,4.5],"texture":"#0"}}},{"from":[7,0,2.82843],"to":[10,1,3.82843],"rotation":{"angle":0,"axis":"y","origin":[8.5,0.5,5.07843]},"faces":{"north":{"uv":[6,5,7.5,5.5],"texture":"#0"},"east":{"uv":[6,7,6.5,7.5],"texture":"#0"},"south":{"uv":[6,5.5,7.5,6],"texture":"#0"},"west":{"uv":[6.5,7,7,7.5],"texture":"#0"},"up":{"uv":[7.5,6.5,6,6],"texture":"#0"},"down":{"uv":[7.5,6,6,6.5],"texture":"#0"}}},{"from":[10,0,2.82843],"to":[11,1,7.82843],"rotation":{"angle":0,"axis":"y","origin":[8.5,0.5,5.07843]},"faces":{"north":{"uv":[5,7,5.5,7.5],"texture":"#0"},"east":{"uv":[5,0,7.5,0.5],"texture":"#0"},"south":{"uv":[5.5,7,6,7.5],"texture":"#0"},"west":{"uv":[5,0.5,7.5,1],"texture":"#0"},"up":{"uv":[5.5,3.5,5,1],"texture":"#0"},"down":{"uv":[5.5,3.5,5,1],"texture":"#0"}}},{"from":[6,0,2.82843],"to":[7,1,7.82843],"rotation":{"angle":0,"axis":"y","origin":[8.5,0.5,5.07843]},"faces":{"north":{"uv":[7,7,7.5,7.5],"texture":"#0"},"east":{"uv":[5.5,1,8,1.5],"texture":"#0"},"south":{"uv":[7.5,0,8,0.5],"texture":"#0"},"west":{"uv":[5.5,1.5,8,2],"texture":"#0"},"up":{"uv":[6,4.5,5.5,2],"texture":"#0"},"down":{"uv":[6,2,5.5,4.5],"texture":"#0"}}},{"from":[7.75,0.25,5.82843],"to":[9.25,0.75,13.82843],"rotation":{"angle":0,"axis":"y","origin":[8.5,0.5,5.07843]},"faces":{"north":{"uv":[7.5,0.5,8.25,0.75],"texture":"#0"},"east":{"uv":[6,2,10,2.25],"texture":"#0"},"south":{"uv":[7.5,3,8.25,3.25],"texture":"#0"},"west":{"uv":[6,2.5,10,2.75],"texture":"#0"},"up":{"uv":[4.75,4,4,0],"texture":"#0"},"down":{"uv":[4.75,0,4,4],"texture":"#0"}}},{"from":[4.75,0.5,7.82843],"to":[12.25,0.5,15.82843],"rotation":{"angle":0,"axis":"y","origin":[8.5,0.5,5.07843]},"faces":{"north":{"uv":[0,0,3.75,0],"texture":"#0"},"east":{"uv":[0,0,4,0],"texture":"#0"},"south":{"uv":[0,0,3.75,0],"texture":"#0"},"west":{"uv":[0,0,4,0],"texture":"#0"},"up":{"uv":[3.75,4,0,0],"texture":"#0"},"down":{"uv":[3.75,4,0,0],"texture":"#0"}}}],"display":{"thirdperson_righthand":{"rotation":[90,-180,90],"translation":[4.25,1.75,-0.25],"scale":[0.6,0.6,0.6]},"thirdperson_lefthand":{"rotation":[90,-180,-90],"translation":[-4.5,1.75,-0.25],"scale":[0.6,0.6,0.6]},"firstperson_righthand":{"rotation":[9,-166,90],"translation":[5.25,1.75,0],"scale":[0.55,0.55,0.55]},"firstperson_lefthand":{"rotation":[9,-180,-90],"translation":[-0.25,1.75,0],"scale":[0.55,0.55,0.55]},"ground":{"rotation":[41,0,90],"translation":[-6.75,2.5,0],"scale":[0.9,0.9,0.9]},"gui":{"rotation":[64,50.62,17.76],"translation":[-0.75,1.25,0]},"fixed":{"rotation":[90,0,0],"translation":[0,0,6.75]}}}