{"parent":"minecraft:item/generated","textures":{"layer0":"minecraft:item/coal"},"overrides":[{"predicate":{"custom_model_data":10001},"model":"minecraft:item/coal"},{"predicate":{"custom_model_data":35000},"model":"christmas:christmas_skill_model/icon_candy_cane_smash"},{"predicate":{"custom_model_data":35000},"model":"christmas:christmas_skill_model/icon_candy_cane_smash"},{"predicate":{"custom_model_data":35001},"model":"christmas:christmas_skill_model/icon_evergreen_heal"},{"predicate":{"custom_model_data":35001},"model":"christmas:christmas_skill_model/icon_evergreen_heal"},{"predicate":{"custom_model_data":35002},"model":"christmas:christmas_skill_model/icon_gift_cannon"},{"predicate":{"custom_model_data":35002},"model":"christmas:christmas_skill_model/icon_gift_cannon"},{"predicate":{"custom_model_data":35003},"model":"christmas:christmas_skill_model/icon_reindeer_dash"},{"predicate":{"custom_model_data":35003},"model":"christmas:christmas_skill_model/icon_reindeer_dash"},{"predicate":{"custom_model_data":35004},"model":"minecraft:item/coal"},{"predicate":{"custom_model_data":35005},"model":"item/coal"}]}