{"parent":"minecraft:item/handheld","textures":{"layer0":"minecraft:item/diamond_pickaxe"},"overrides":[{"predicate":{"custom_model_data":1001},"model":"diamond_xmas:icepickaxe"},{"predicate":{"custom_model_data":10000},"model":"amethyst_armor_set:ia_auto_gen/amethyst_pickaxe"},{"predicate":{"custom_model_data":10001},"model":"sapphire_knight_set:ia_auto_gen/sapphire_pickaxe"},{"predicate":{"custom_model_data":10010},"model":"minecraft:item/diamond_pickaxe"},{"predicate":{"custom_model_data":10011},"model":"item/diamond_pickaxe"}]}