{"parent":"minecraft:item/handheld","textures":{"layer0":"minecraft:item/diamond_sword"},"overrides":[{"predicate":{"custom_model_data":1},"model":"yungwilder:warden_set/warden_sword"},{"predicate":{"custom_model_data":1001},"model":"diamond_xmas:icesword"},{"predicate":{"custom_model_data":2005},"model":"item/weapons/spear_of_hades"},{"predicate":{"custom_model_data":10000},"model":"amethyst_armor_set:ia_auto_gen/amethyst_sword"},{"predicate":{"custom_model_data":10001},"model":"sapphire_knight_set:ia_auto_gen/sapphire_sword"},{"predicate":{"custom_model_data":10023},"model":"minecraft:item/diamond_sword"},{"predicate":{"custom_model_data":10024},"model":"item/diamond_sword"}]}