{"parent":"minecraft:item/handheld","textures":{"layer0":"minecraft:item/feather"},"overrides":[{"predicate":{"custom_model_data":1640},"model":"item/toffy/xmasdecor/toffy_christmas_tree"},{"predicate":{"custom_model_data":1641},"model":"item/toffy/xmasdecor/toffy_xmasdecor_hanging"},{"predicate":{"custom_model_data":1642},"model":"item/toffy/xmasdecor/toffy_xmasdecor_basket"},{"predicate":{"custom_model_data":1643},"model":"item/toffy/xmasdecor/toffy_xmasdecor_wreath"},{"predicate":{"custom_model_data":1644},"model":"item/toffy/xmasdecor/toffy_xmasdecor_gift"},{"predicate":{"custom_model_data":1645},"model":"item/toffy/xmasdecor/toffy_xmasdecor_giftlarge"},{"predicate":{"custom_model_data":1646},"model":"item/toffy/xmasdecor/toffy_xmasdecor_santafigure"},{"predicate":{"custom_model_data":1647},"model":"item/toffy/xmasdecor/toffy_xmasdecor_snowman"},{"predicate":{"custom_model_data":1648},"model":"item/toffy/xmasdecor/toffy_xmasdecor_socks"},{"predicate":{"custom_model_data":1649},"model":"item/toffy/xmasdecor/toffy_xmasdecor_balloons"},{"predicate":{"custom_model_data":1740},"model":"item/toffy/crates/toffy_crate_purple"},{"predicate":{"custom_model_data":1741},"model":"item/toffy/crates/toffy_crate_black"},{"predicate":{"custom_model_data":1742},"model":"item/toffy/crates/toffy_crate_blue"},{"predicate":{"custom_model_data":1743},"model":"item/toffy/crates/toffy_crate_red"},{"predicate":{"custom_model_data":1744},"model":"item/toffy/crates/toffy_crate_green"},{"predicate":{"custom_model_data":1745},"model":"item/toffy/crates/toffy_key_purple"},{"predicate":{"custom_model_data":1746},"model":"item/toffy/crates/toffy_key_black"},{"predicate":{"custom_model_data":1747},"model":"item/toffy/crates/toffy_key_blue"},{"predicate":{"custom_model_data":1748},"model":"item/toffy/crates/toffy_key_red"},{"predicate":{"custom_model_data":1749},"model":"item/toffy/crates/toffy_key_green"},{"predicate":{"custom_model_data":1750},"model":"item/toffy/crates/toffy_crate_cinder"},{"predicate":{"custom_model_data":1751},"model":"item/toffy/crates/toffy_crate_viking"},{"predicate":{"custom_model_data":1752},"model":"item/toffy/crates/toffy_crate_paladin"},{"predicate":{"custom_model_data":1753},"model":"item/toffy/crates/toffy_key_cinder"},{"predicate":{"custom_model_data":1754},"model":"item/toffy/crates/toffy_key_viking"},{"predicate":{"custom_model_data":1755},"model":"item/toffy/crates/toffy_key_paladin"},{"predicate":{"custom_model_data":10000},"model":"jackpot:item/votekey"},{"predicate":{"custom_model_data":10000},"model":"jackpot:item/votekey"},{"predicate":{"custom_model_data":10001},"model":"jackpot:item/mythickey"},{"predicate":{"custom_model_data":10001},"model":"jackpot:item/mythickey"},{"predicate":{"custom_model_data":10002},"model":"jackpot:item/legendarykey"},{"predicate":{"custom_model_data":10002},"model":"jackpot:item/legendarykey"},{"predicate":{"custom_model_data":10049},"model":"minecraft:item/feather"},{"predicate":{"custom_model_data":10050},"model":"item/feather"}]}