{"parent":"item/handheld","textures":{"layer0":"minecraft:item/iron_sword"},"overrides":[{"predicate":{"custom_model_data":1},"model":"littleroom_npc:items/pitchfork"},{"predicate":{"custom_model_data":2},"model":"littleroom_npc:items/staff"},{"predicate":{"custom_model_data":3},"model":"littleroom_npc:items/sword"},{"predicate":{"custom_model_data":4},"model":"littleroom_npc:items/book"},{"predicate":{"custom_model_data":5},"model":"littleroom_npc:items/butcher_knife"},{"predicate":{"custom_model_data":2005},"model":"item/weapons/spear_of_hades"},{"predicate":{"custom_model_data":10000},"model":"jackpot:item/nebula/nebula_sword"},{"predicate":{"custom_model_data":10000},"model":"jackpot:item/nebula/nebula_sword"},{"predicate":{"custom_model_data":10005},"model":"minecraft:item/iron_sword"},{"predicate":{"custom_model_data":10006},"model":"item/iron_sword"}]}