{"parent":"item/generated","textures":{"layer0":"item/leather_leggings","layer1":"item/leather_leggings_overlay"},"overrides":[{"predicate":{"custom_model_data":1},"model":"yungwilder:warden_set_armor/warden_leggings"},{"predicate":{"custom_model_data":10000},"model":"byliyth:auto_generated/hellswrath_leggings"},{"predicate":{"custom_model_data":10000},"model":"byliyth:ia_auto_gen/hellswrath_leggings"},{"predicate":{"custom_model_data":10001},"model":"jackpot:auto_generated/amethyst_leggings"},{"predicate":{"custom_model_data":10001},"model":"jackpot:ia_auto_gen/amethyst_leggings"},{"predicate":{"custom_model_data":10002},"model":"jackpot:auto_generated/warden_leggings"},{"predicate":{"custom_model_data":10002},"model":"jackpot:ia_auto_gen/warden_leggings"},{"predicate":{"custom_model_data":10003},"model":"jackpot:auto_generated/onyx_leggings"},{"predicate":{"custom_model_data":10003},"model":"jackpot:ia_auto_gen/onyx_leggings"},{"predicate":{"custom_model_data":10004},"model":"jackpot:armor/santa/santa_leggings"},{"predicate":{"custom_model_data":10004},"model":"jackpot:armor/santa/santa_leggings"},{"predicate":{"custom_model_data":10005},"model":"jackpot:auto_generated/orax_leggings"},{"predicate":{"custom_model_data":10005},"model":"jackpot:ia_auto_gen/orax_leggings"},{"predicate":{"custom_model_data":10006},"model":"jackpot:auto_generated/ruby_leggings"},{"predicate":{"custom_model_data":10006},"model":"jackpot:ia_auto_gen/ruby_leggings"},{"predicate":{"custom_model_data":10014},"model":"minecraft:item/leather_leggings"},{"predicate":{"custom_model_data":10015},"model":"item/leather_leggings"}]}