{"parent":"item/generated","textures":{"layer0":"item/leather_helmet","layer1":"item/leather_helmet_overlay"},"overrides":[{"predicate":{"custom_model_data":1},"model":"yungwilder:warden_set_armor/warden_helmet"},{"predicate":{"custom_model_data":10000},"model":"byliyth:auto_generated/hellswrath_helmet"},{"predicate":{"custom_model_data":10000},"model":"byliyth:ia_auto_gen/hellswrath_helmet"},{"predicate":{"custom_model_data":10001},"model":"jackpot:auto_generated/amethyst_helmet"},{"predicate":{"custom_model_data":10001},"model":"jackpot:ia_auto_gen/amethyst_helmet"},{"predicate":{"custom_model_data":10002},"model":"jackpot:auto_generated/warden_helmet"},{"predicate":{"custom_model_data":10002},"model":"jackpot:ia_auto_gen/warden_helmet"},{"predicate":{"custom_model_data":10003},"model":"jackpot:auto_generated/onyx_helmet"},{"predicate":{"custom_model_data":10003},"model":"jackpot:ia_auto_gen/onyx_helmet"},{"predicate":{"custom_model_data":10004},"model":"jackpot:armor/santa/santa_helmet"},{"predicate":{"custom_model_data":10004},"model":"jackpot:armor/santa/santa_helmet"},{"predicate":{"custom_model_data":10005},"model":"jackpot:auto_generated/orax_helmet"},{"predicate":{"custom_model_data":10005},"model":"jackpot:ia_auto_gen/orax_helmet"},{"predicate":{"custom_model_data":10006},"model":"jackpot:auto_generated/ruby_helmet"},{"predicate":{"custom_model_data":10006},"model":"jackpot:ia_auto_gen/ruby_helmet"},{"predicate":{"custom_model_data":10013},"model":"minecraft:item/leather_helmet"},{"predicate":{"custom_model_data":10014},"model":"item/leather_helmet"}]}