{"parent":"item/generated","textures":{"layer0":"item/leather_boots","layer1":"item/leather_boots_overlay"},"overrides":[{"predicate":{"custom_model_data":1},"model":"yungwilder:warden_set_armor/warden_boots"},{"predicate":{"custom_model_data":10000},"model":"byliyth:auto_generated/hellswrath_boots"},{"predicate":{"custom_model_data":10000},"model":"byliyth:ia_auto_gen/hellswrath_boots"},{"predicate":{"custom_model_data":10001},"model":"jackpot:auto_generated/amethyst_boots"},{"predicate":{"custom_model_data":10001},"model":"jackpot:ia_auto_gen/amethyst_boots"},{"predicate":{"custom_model_data":10002},"model":"jackpot:auto_generated/warden_boots"},{"predicate":{"custom_model_data":10002},"model":"jackpot:ia_auto_gen/warden_boots"},{"predicate":{"custom_model_data":10003},"model":"jackpot:auto_generated/onyx_boots"},{"predicate":{"custom_model_data":10003},"model":"jackpot:ia_auto_gen/onyx_boots"},{"predicate":{"custom_model_data":10004},"model":"jackpot:armor/santa/santa_boots"},{"predicate":{"custom_model_data":10004},"model":"jackpot:armor/santa/santa_boots"},{"predicate":{"custom_model_data":10005},"model":"jackpot:auto_generated/orax_boots"},{"predicate":{"custom_model_data":10005},"model":"jackpot:ia_auto_gen/orax_boots"},{"predicate":{"custom_model_data":10006},"model":"jackpot:auto_generated/ruby_boots"},{"predicate":{"custom_model_data":10006},"model":"jackpot:ia_auto_gen/ruby_boots"},{"predicate":{"custom_model_data":10014},"model":"minecraft:item/leather_boots"},{"predicate":{"custom_model_data":10015},"model":"item/leather_boots"}]}