{"parent":"item/generated","textures":{"layer0":"item/leather_chestplate","layer1":"item/leather_chestplate_overlay"},"overrides":[{"predicate":{"custom_model_data":1},"model":"yungwilder:warden_set_armor/warden_chestplate"},{"predicate":{"custom_model_data":10000},"model":"byliyth:auto_generated/hellswrath_chestplate"},{"predicate":{"custom_model_data":10000},"model":"byliyth:ia_auto_gen/hellswrath_chestplate"},{"predicate":{"custom_model_data":10001},"model":"jackpot:auto_generated/amethyst_chestplate"},{"predicate":{"custom_model_data":10001},"model":"jackpot:ia_auto_gen/amethyst_chestplate"},{"predicate":{"custom_model_data":10002},"model":"jackpot:auto_generated/warden_chestplate"},{"predicate":{"custom_model_data":10002},"model":"jackpot:ia_auto_gen/warden_chestplate"},{"predicate":{"custom_model_data":10003},"model":"jackpot:auto_generated/onyx_chestplate"},{"predicate":{"custom_model_data":10003},"model":"jackpot:ia_auto_gen/onyx_chestplate"},{"predicate":{"custom_model_data":10004},"model":"jackpot:armor/santa/santa_chestplate"},{"predicate":{"custom_model_data":10004},"model":"jackpot:armor/santa/santa_chestplate"},{"predicate":{"custom_model_data":10005},"model":"jackpot:auto_generated/orax_chestplate"},{"predicate":{"custom_model_data":10005},"model":"jackpot:ia_auto_gen/orax_chestplate"},{"predicate":{"custom_model_data":10006},"model":"jackpot:auto_generated/ruby_chestplate"},{"predicate":{"custom_model_data":10006},"model":"jackpot:ia_auto_gen/ruby_chestplate"},{"predicate":{"custom_model_data":10014},"model":"minecraft:item/leather_chestplate"},{"predicate":{"custom_model_data":10015},"model":"item/leather_chestplate"}]}