{"parent":"minecraft:item/handheld","textures":{"layer0":"minecraft:item/netherite_axe"},"overrides":[{"predicate":{"custom_model_data":10000},"model":"jackpot:auto_generated/bloodaxe"},{"predicate":{"custom_model_data":10000},"model":"jackpot:ia_auto_gen/bloodaxe"},{"predicate":{"custom_model_data":10001},"model":"jackpot:auto_generated/rainbowaxe"},{"predicate":{"custom_model_data":10001},"model":"jackpot:ia_auto_gen/rainbowaxe"},{"predicate":{"custom_model_data":10002},"model":"minecraft:item/netherite_axe"},{"predicate":{"custom_model_data":10003},"model":"item/netherite_axe"}]}