{"parent":"minecraft:item/handheld","textures":{"layer0":"minecraft:item/netherite_pickaxe"},"overrides":[{"predicate":{"custom_model_data":1},"model":"jackpot:item/warden_pickaxe"},{"predicate":{"custom_model_data":1},"model":"jackpot:item/warden_pickaxe"},{"predicate":{"custom_model_data":2},"model":"yungwilder:warden_set/warden_pickaxe"},{"predicate":{"custom_model_data":10000},"model":"jackpot:item/swaghili_drill"},{"predicate":{"custom_model_data":10000},"model":"jackpot:item/swaghili_drill"},{"predicate":{"custom_model_data":10001},"model":"minecraft:item/netherite_pickaxe"},{"predicate":{"custom_model_data":10002},"model":"item/netherite_pickaxe"}]}