{"parent":"minecraft:item/handheld","textures":{"layer0":"minecraft:item/netherite_sword"},"overrides":[{"predicate":{"custom_model_data":1},"model":"jackpot:item/warden_sword"},{"predicate":{"custom_model_data":1},"model":"jackpot:item/warden_sword"},{"predicate":{"custom_model_data":2},"model":"littleroom_vikings:viking_axe"},{"predicate":{"custom_model_data":3},"model":"littleroom_vikings:viking_hammer"},{"predicate":{"custom_model_data":4},"model":"littleroom_vikings:viking_mace"},{"predicate":{"custom_model_data":2005},"model":"item/weapons/spear_of_hades"},{"predicate":{"custom_model_data":10000},"model":"jackpot:item/hellwrath_blade"},{"predicate":{"custom_model_data":10000},"model":"jackpot:item/hellwrath_blade"},{"predicate":{"custom_model_data":10001},"model":"jackpot:auto_generated/bloodsword"},{"predicate":{"custom_model_data":10001},"model":"jackpot:ia_auto_gen/bloodsword"},{"predicate":{"custom_model_data":10002},"model":"jackpot:auto_generated/frostbite"},{"predicate":{"custom_model_data":10002},"model":"jackpot:ia_auto_gen/frostbite"},{"predicate":{"custom_model_data":10003},"model":"jackpot:auto_generated/ivysword"},{"predicate":{"custom_model_data":10003},"model":"jackpot:ia_auto_gen/ivysword"},{"predicate":{"custom_model_data":10004},"model":"jackpot:auto_generated/lifestealsword"},{"predicate":{"custom_model_data":10004},"model":"jackpot:ia_auto_gen/lifestealsword"},{"predicate":{"custom_model_data":10005},"model":"byliyth:item/hellwrath_blade"},{"predicate":{"custom_model_data":10005},"model":"byliyth:item/hellwrath_blade"},{"predicate":{"custom_model_data":10006},"model":"jackpot:auto_generated/rainbowsword"},{"predicate":{"custom_model_data":10006},"model":"jackpot:ia_auto_gen/rainbowsword"},{"predicate":{"custom_model_data":10007},"model":"jackpot:item/swaghili_pickaxe"},{"predicate":{"custom_model_data":10008},"model":"minecraft:item/netherite_sword"},{"predicate":{"custom_model_data":10009},"model":"item/netherite_sword"}]}