{"parent":"minecraft:item/generated","textures":{"layer0":"minecraft:item/paper"},"overrides":[{"predicate":{"custom_model_data":1002},"model":"diamond_xmas:bluewreath"},{"predicate":{"custom_model_data":1004},"model":"diamond_xmas:wreath"},{"predicate":{"custom_model_data":1005},"model":"diamond_xmas:stocking"},{"predicate":{"custom_model_data":1006},"model":"diamond_xmas:xmashat"},{"predicate":{"custom_model_data":1007},"model":"diamond_xmas:antlers"},{"predicate":{"custom_model_data":10000},"model":"jackpot:item/basketball/basket_post"},{"predicate":{"custom_model_data":10000},"model":"christmaspack:christmascandycane"},{"predicate":{"custom_model_data":10001},"model":"jackpot:item/ghost_item"},{"predicate":{"custom_model_data":10001},"model":"jackpot:item/ghost_item"},{"predicate":{"custom_model_data":10002},"model":"jackpot:armor/santa/toffy_xmas_hat"},{"predicate":{"custom_model_data":10002},"model":"jackpot:armor/santa/toffy_xmas_hat"},{"predicate":{"custom_model_data":10003},"model":"christmaspack:christmasbox3"},{"predicate":{"custom_model_data":10003},"model":"lootcrat_plus:normal/amethyst_box"},{"predicate":{"custom_model_data":10004},"model":"christmaspack:christmasgreenround"},{"predicate":{"custom_model_data":10004},"model":"lootcrat_plus:normal/diamond_box"},{"predicate":{"custom_model_data":10005},"model":"christmaspack:christmasbox1"},{"predicate":{"custom_model_data":10005},"model":"lootcrat_plus:normal/emerald_box"},{"predicate":{"custom_model_data":10006},"model":"christmaspack:christmasbox2"},{"predicate":{"custom_model_data":10006},"model":"lootcrat_plus:normal/gold_box"},{"predicate":{"custom_model_data":10007},"model":"christmaspack:christmasballons"},{"predicate":{"custom_model_data":10007},"model":"lootcrat_plus:normal/iron_box"},{"predicate":{"custom_model_data":10008},"model":"christmaspack:christmaslambs"},{"predicate":{"custom_model_data":10008},"model":"lootcrat_plus:normal/amethyst_key"},{"predicate":{"custom_model_data":10009},"model":"christmaspack:christmascandycane"},{"predicate":{"custom_model_data":10009},"model":"lootcrat_plus:normal/diamond_key"},{"predicate":{"custom_model_data":10010},"model":"christmaspack:christmascouch"},{"predicate":{"custom_model_data":10010},"model":"lootcrat_plus:normal/emerald_key"},{"predicate":{"custom_model_data":10011},"model":"sled_race_pack:auto_generated/oak_sled_item"},{"predicate":{"custom_model_data":10011},"model":"sled_race_pack:ia_auto_gen/oak_sled_item"},{"predicate":{"custom_model_data":10012},"model":"sled_race_pack:auto_generated/birch_sled_item"},{"predicate":{"custom_model_data":10012},"model":"sled_race_pack:ia_auto_gen/birch_sled_item"},{"predicate":{"custom_model_data":10013},"model":"sled_race_pack:auto_generated/spruce_sled_item"},{"predicate":{"custom_model_data":10013},"model":"sled_race_pack:ia_auto_gen/spruce_sled_item"},{"predicate":{"custom_model_data":10014},"model":"sled_race_pack:auto_generated/jungle_sled_item"},{"predicate":{"custom_model_data":10014},"model":"sled_race_pack:ia_auto_gen/jungle_sled_item"},{"predicate":{"custom_model_data":10015},"model":"sled_race_pack:auto_generated/acacia_sled_item"},{"predicate":{"custom_model_data":10015},"model":"sled_race_pack:ia_auto_gen/acacia_sled_item"},{"predicate":{"custom_model_data":10016},"model":"sled_race_pack:auto_generated/dark_oak_sled_item"},{"predicate":{"custom_model_data":10016},"model":"sled_race_pack:ia_auto_gen/dark_oak_sled_item"},{"predicate":{"custom_model_data":10017},"model":"sled_race_pack:auto_generated/mangrove_sled"},{"predicate":{"custom_model_data":10017},"model":"sled_race_pack:ia_auto_gen/mangrove_sled"},{"predicate":{"custom_model_data":10018},"model":"sled_race_pack:auto_generated/warped_sled"},{"predicate":{"custom_model_data":10018},"model":"sled_race_pack:ia_auto_gen/warped_sled"},{"predicate":{"custom_model_data":10019},"model":"sled_race_pack:auto_generated/crimson_sled"},{"predicate":{"custom_model_data":10019},"model":"sled_race_pack:ia_auto_gen/crimson_sled"},{"predicate":{"custom_model_data":10020},"model":"sled_race_pack:log_stool"},{"predicate":{"custom_model_data":10020},"model":"sled_race_pack:log_stool"},{"predicate":{"custom_model_data":10021},"model":"sled_race_pack:winter_tree"},{"predicate":{"custom_model_data":10021},"model":"sled_race_pack:winter_tree"},{"predicate":{"custom_model_data":10022},"model":"sled_race_pack:big_winter_tree"},{"predicate":{"custom_model_data":10022},"model":"sled_race_pack:big_winter_tree"},{"predicate":{"custom_model_data":10023},"model":"sled_race_pack:winter_tree_decorated"},{"predicate":{"custom_model_data":10023},"model":"sled_race_pack:winter_tree_decorated"},{"predicate":{"custom_model_data":10024},"model":"christmaspack:christmaschest"},{"predicate":{"custom_model_data":10024},"model":"christmaspack:christmaschest"},{"predicate":{"custom_model_data":10025},"model":"christmaspack:christmassnowman"},{"predicate":{"custom_model_data":10025},"model":"lootcrat_plus:normal/gold_key"},{"predicate":{"custom_model_data":10026},"model":"jackpot:item/basketball/basket_post_down"},{"predicate":{"custom_model_data":10026},"model":"lootcrat_plus:normal/iron_key"},{"predicate":{"custom_model_data":10027},"model":"jackpot:item/basketball/basketball_hoop"},{"predicate":{"custom_model_data":10027},"model":"jackpot:item/basketball/basketball_hoop"},{"predicate":{"custom_model_data":10028},"model":"jackpot:item/basketball/scoreboard"},{"predicate":{"custom_model_data":10028},"model":"jackpot:item/basketball/scoreboard"},{"predicate":{"custom_model_data":10029},"model":"jackpot:item/basketball/basket_base_all"},{"predicate":{"custom_model_data":10029},"model":"jackpot:item/basketball/basket_base_all"},{"predicate":{"custom_model_data":10030},"model":"jackpot:item/basketball/basketball_backboard"},{"predicate":{"custom_model_data":10030},"model":"jackpot:item/basketball/basketball_backboard"},{"predicate":{"custom_model_data":10031},"model":"jackpot:item/basketball/black_white_basketball_backboard"},{"predicate":{"custom_model_data":10031},"model":"jackpot:item/basketball/black_white_basketball_backboard"},{"predicate":{"custom_model_data":10032},"model":"jackpot:item/basketball/red_basketball_hoop"},{"predicate":{"custom_model_data":10032},"model":"jackpot:item/basketball/red_basketball_hoop"},{"predicate":{"custom_model_data":10033},"model":"ores_and_more:auto_generated/blue_ore"},{"predicate":{"custom_model_data":10033},"model":"ores_and_more:ia_auto_gen/blue_ore"},{"predicate":{"custom_model_data":10034},"model":"ores_and_more:auto_generated/blue_ore_deepslate"},{"predicate":{"custom_model_data":10034},"model":"ores_and_more:ia_auto_gen/blue_ore_deepslate"},{"predicate":{"custom_model_data":10035},"model":"ores_and_more:auto_generated/raw_blue_ore_block"},{"predicate":{"custom_model_data":10035},"model":"ores_and_more:ia_auto_gen/raw_blue_ore_block"},{"predicate":{"custom_model_data":10036},"model":"ores_and_more:auto_generated/blue_ore_block"},{"predicate":{"custom_model_data":10036},"model":"ores_and_more:ia_auto_gen/blue_ore_block"},{"predicate":{"custom_model_data":10037},"model":"ores_and_more:auto_generated/green_ore"},{"predicate":{"custom_model_data":10037},"model":"ores_and_more:ia_auto_gen/green_ore"},{"predicate":{"custom_model_data":10038},"model":"ores_and_more:auto_generated/green_ore_deepslate"},{"predicate":{"custom_model_data":10038},"model":"ores_and_more:ia_auto_gen/green_ore_deepslate"},{"predicate":{"custom_model_data":10039},"model":"ores_and_more:auto_generated/raw_green_ore_block"},{"predicate":{"custom_model_data":10039},"model":"ores_and_more:ia_auto_gen/raw_green_ore_block"},{"predicate":{"custom_model_data":10040},"model":"ores_and_more:auto_generated/green_ore_block"},{"predicate":{"custom_model_data":10040},"model":"ores_and_more:ia_auto_gen/green_ore_block"},{"predicate":{"custom_model_data":10041},"model":"ores_and_more:auto_generated/pink_ore"},{"predicate":{"custom_model_data":10041},"model":"ores_and_more:ia_auto_gen/pink_ore"},{"predicate":{"custom_model_data":10042},"model":"ores_and_more:auto_generated/pink_ore_deepslate"},{"predicate":{"custom_model_data":10042},"model":"ores_and_more:ia_auto_gen/pink_ore_deepslate"},{"predicate":{"custom_model_data":10043},"model":"ores_and_more:auto_generated/raw_pink_ore_block"},{"predicate":{"custom_model_data":10043},"model":"ores_and_more:ia_auto_gen/raw_pink_ore_block"},{"predicate":{"custom_model_data":10044},"model":"ores_and_more:auto_generated/pink_ore_block"},{"predicate":{"custom_model_data":10044},"model":"ores_and_more:ia_auto_gen/pink_ore_block"},{"predicate":{"custom_model_data":10045},"model":"ores_and_more:auto_generated/red_ore"},{"predicate":{"custom_model_data":10045},"model":"ores_and_more:ia_auto_gen/red_ore"},{"predicate":{"custom_model_data":10046},"model":"ores_and_more:auto_generated/red_ore_deepslate"},{"predicate":{"custom_model_data":10046},"model":"ores_and_more:ia_auto_gen/red_ore_deepslate"},{"predicate":{"custom_model_data":10047},"model":"ores_and_more:auto_generated/raw_red_ore_block"},{"predicate":{"custom_model_data":10047},"model":"ores_and_more:ia_auto_gen/raw_red_ore_block"},{"predicate":{"custom_model_data":10048},"model":"ores_and_more:auto_generated/red_ore_block"},{"predicate":{"custom_model_data":10048},"model":"ores_and_more:ia_auto_gen/red_ore_block"},{"predicate":{"custom_model_data":10049},"model":"ores_and_more:auto_generated/yellow_ore"},{"predicate":{"custom_model_data":10049},"model":"ores_and_more:ia_auto_gen/yellow_ore"},{"predicate":{"custom_model_data":10050},"model":"ores_and_more:auto_generated/yellow_ore_deepslate"},{"predicate":{"custom_model_data":10050},"model":"ores_and_more:ia_auto_gen/yellow_ore_deepslate"},{"predicate":{"custom_model_data":10051},"model":"ores_and_more:auto_generated/raw_yellow_ore_block"},{"predicate":{"custom_model_data":10051},"model":"ores_and_more:ia_auto_gen/raw_yellow_ore_block"},{"predicate":{"custom_model_data":10052},"model":"ores_and_more:auto_generated/yellow_ore_block"},{"predicate":{"custom_model_data":10052},"model":"ores_and_more:ia_auto_gen/yellow_ore_block"},{"predicate":{"custom_model_data":10053},"model":"ores_and_more:auto_generated/orange_ore"},{"predicate":{"custom_model_data":10053},"model":"ores_and_more:ia_auto_gen/orange_ore"},{"predicate":{"custom_model_data":10054},"model":"ores_and_more:auto_generated/orange_ore_deepslate"},{"predicate":{"custom_model_data":10054},"model":"ores_and_more:ia_auto_gen/orange_ore_deepslate"},{"predicate":{"custom_model_data":10055},"model":"ores_and_more:auto_generated/raw_orange_ore_block"},{"predicate":{"custom_model_data":10055},"model":"ores_and_more:ia_auto_gen/raw_orange_ore_block"},{"predicate":{"custom_model_data":10056},"model":"ores_and_more:auto_generated/orange_ore_block"},{"predicate":{"custom_model_data":10056},"model":"ores_and_more:ia_auto_gen/orange_ore_block"},{"predicate":{"custom_model_data":10057},"model":"ores_and_more:auto_generated/silver_ore"},{"predicate":{"custom_model_data":10057},"model":"ores_and_more:ia_auto_gen/silver_ore"},{"predicate":{"custom_model_data":10058},"model":"ores_and_more:auto_generated/silver_ore_deepslate"},{"predicate":{"custom_model_data":10058},"model":"ores_and_more:ia_auto_gen/silver_ore_deepslate"},{"predicate":{"custom_model_data":10059},"model":"ores_and_more:auto_generated/raw_silver_ore_block"},{"predicate":{"custom_model_data":10059},"model":"ores_and_more:ia_auto_gen/raw_silver_ore_block"},{"predicate":{"custom_model_data":10060},"model":"ores_and_more:auto_generated/silver_ore_block"},{"predicate":{"custom_model_data":10060},"model":"ores_and_more:ia_auto_gen/silver_ore_block"},{"predicate":{"custom_model_data":10061},"model":"ores_and_more:auto_generated/purple_ore"},{"predicate":{"custom_model_data":10061},"model":"ores_and_more:ia_auto_gen/purple_ore"},{"predicate":{"custom_model_data":10062},"model":"ores_and_more:auto_generated/purple_ore_deepslate"},{"predicate":{"custom_model_data":10062},"model":"ores_and_more:ia_auto_gen/purple_ore_deepslate"},{"predicate":{"custom_model_data":10063},"model":"ores_and_more:auto_generated/raw_purple_ore_block"},{"predicate":{"custom_model_data":10063},"model":"ores_and_more:ia_auto_gen/raw_purple_ore_block"},{"predicate":{"custom_model_data":10064},"model":"ores_and_more:auto_generated/purple_ore_block"},{"predicate":{"custom_model_data":10064},"model":"ores_and_more:ia_auto_gen/purple_ore_block"},{"predicate":{"custom_model_data":10065},"model":"ores_and_more:auto_generated/blue_ore_nugget"},{"predicate":{"custom_model_data":10065},"model":"ores_and_more:ia_auto_gen/blue_ore_nugget"},{"predicate":{"custom_model_data":10066},"model":"ores_and_more:auto_generated/raw_blue_ore"},{"predicate":{"custom_model_data":10066},"model":"ores_and_more:ia_auto_gen/raw_blue_ore"},{"predicate":{"custom_model_data":10067},"model":"ores_and_more:auto_generated/blue_ore_ingot"},{"predicate":{"custom_model_data":10067},"model":"ores_and_more:ia_auto_gen/blue_ore_ingot"},{"predicate":{"custom_model_data":10068},"model":"ores_and_more:auto_generated/green_ore_nugget"},{"predicate":{"custom_model_data":10068},"model":"ores_and_more:ia_auto_gen/green_ore_nugget"},{"predicate":{"custom_model_data":10069},"model":"ores_and_more:auto_generated/raw_green_ore"},{"predicate":{"custom_model_data":10069},"model":"ores_and_more:ia_auto_gen/raw_green_ore"},{"predicate":{"custom_model_data":10070},"model":"ores_and_more:auto_generated/green_ore_ingot"},{"predicate":{"custom_model_data":10070},"model":"ores_and_more:ia_auto_gen/green_ore_ingot"},{"predicate":{"custom_model_data":10071},"model":"ores_and_more:auto_generated/pink_ore_nugget"},{"predicate":{"custom_model_data":10071},"model":"ores_and_more:ia_auto_gen/pink_ore_nugget"},{"predicate":{"custom_model_data":10072},"model":"ores_and_more:auto_generated/raw_pink_ore"},{"predicate":{"custom_model_data":10072},"model":"ores_and_more:ia_auto_gen/raw_pink_ore"},{"predicate":{"custom_model_data":10073},"model":"ores_and_more:auto_generated/pink_ore_ingot"},{"predicate":{"custom_model_data":10073},"model":"ores_and_more:ia_auto_gen/pink_ore_ingot"},{"predicate":{"custom_model_data":10074},"model":"ores_and_more:auto_generated/red_ore_nugget"},{"predicate":{"custom_model_data":10074},"model":"ores_and_more:ia_auto_gen/red_ore_nugget"},{"predicate":{"custom_model_data":10075},"model":"ores_and_more:auto_generated/raw_red_ore"},{"predicate":{"custom_model_data":10075},"model":"ores_and_more:ia_auto_gen/raw_red_ore"},{"predicate":{"custom_model_data":10076},"model":"ores_and_more:auto_generated/red_ore_ingot"},{"predicate":{"custom_model_data":10076},"model":"ores_and_more:ia_auto_gen/red_ore_ingot"},{"predicate":{"custom_model_data":10077},"model":"ores_and_more:auto_generated/yellow_ore_nugget"},{"predicate":{"custom_model_data":10077},"model":"ores_and_more:ia_auto_gen/yellow_ore_nugget"},{"predicate":{"custom_model_data":10078},"model":"ores_and_more:auto_generated/raw_yellow_ore"},{"predicate":{"custom_model_data":10078},"model":"ores_and_more:ia_auto_gen/raw_yellow_ore"},{"predicate":{"custom_model_data":10079},"model":"ores_and_more:auto_generated/yellow_ore_ingot"},{"predicate":{"custom_model_data":10079},"model":"ores_and_more:ia_auto_gen/yellow_ore_ingot"},{"predicate":{"custom_model_data":10080},"model":"ores_and_more:auto_generated/orange_ore_nugget"},{"predicate":{"custom_model_data":10080},"model":"ores_and_more:ia_auto_gen/orange_ore_nugget"},{"predicate":{"custom_model_data":10081},"model":"ores_and_more:auto_generated/raw_orange_ore"},{"predicate":{"custom_model_data":10081},"model":"ores_and_more:ia_auto_gen/raw_orange_ore"},{"predicate":{"custom_model_data":10082},"model":"ores_and_more:auto_generated/orange_ore_ingot"},{"predicate":{"custom_model_data":10082},"model":"ores_and_more:ia_auto_gen/orange_ore_ingot"},{"predicate":{"custom_model_data":10083},"model":"ores_and_more:auto_generated/silver_ore_nugget"},{"predicate":{"custom_model_data":10083},"model":"ores_and_more:ia_auto_gen/silver_ore_nugget"},{"predicate":{"custom_model_data":10084},"model":"ores_and_more:auto_generated/raw_silver_ore"},{"predicate":{"custom_model_data":10084},"model":"ores_and_more:ia_auto_gen/raw_silver_ore"},{"predicate":{"custom_model_data":10085},"model":"ores_and_more:auto_generated/silver_ore_ingot"},{"predicate":{"custom_model_data":10085},"model":"ores_and_more:ia_auto_gen/silver_ore_ingot"},{"predicate":{"custom_model_data":10086},"model":"ores_and_more:auto_generated/purple_ore_nugget"},{"predicate":{"custom_model_data":10086},"model":"ores_and_more:ia_auto_gen/purple_ore_nugget"},{"predicate":{"custom_model_data":10087},"model":"ores_and_more:auto_generated/raw_purple_ore"},{"predicate":{"custom_model_data":10087},"model":"ores_and_more:ia_auto_gen/raw_purple_ore"},{"predicate":{"custom_model_data":10088},"model":"ores_and_more:auto_generated/purple_ore_ingot"},{"predicate":{"custom_model_data":10088},"model":"ores_and_more:ia_auto_gen/purple_ore_ingot"},{"predicate":{"custom_model_data":10089},"model":"_iainternal:ia_auto_gen/icon_left_blue"},{"predicate":{"custom_model_data":10090},"model":"_iainternal:ia_auto_gen/icon_right_blue"},{"predicate":{"custom_model_data":10091},"model":"_iainternal:ia_auto_gen/icon_search"},{"predicate":{"custom_model_data":10092},"model":"_iainternal:ia_auto_gen/icon_cancel"},{"predicate":{"custom_model_data":10093},"model":"_iainternal:ia_auto_gen/icon_arrow_chest"},{"predicate":{"custom_model_data":10094},"model":"_iainternal:ia_auto_gen/icon_back_orange"},{"predicate":{"custom_model_data":10095},"model":"_iainternal:ia_auto_gen/icon_next_orange"},{"predicate":{"custom_model_data":10096},"model":"lootcrat_plus:rare/amethyst_box"},{"predicate":{"custom_model_data":10097},"model":"lootcrat_plus:rare/diamond_box"},{"predicate":{"custom_model_data":10098},"model":"lootcrat_plus:rare/emerald_box"},{"predicate":{"custom_model_data":10099},"model":"lootcrat_plus:rare/gold_box"},{"predicate":{"custom_model_data":10100},"model":"lootcrat_plus:rare/iron_box"},{"predicate":{"custom_model_data":10101},"model":"lootcrat_plus:rare/amethyst_key"},{"predicate":{"custom_model_data":10102},"model":"lootcrat_plus:rare/diamond_key"},{"predicate":{"custom_model_data":10103},"model":"lootcrat_plus:rare/emerald_key"},{"predicate":{"custom_model_data":10104},"model":"lootcrat_plus:rare/gold_key"},{"predicate":{"custom_model_data":10105},"model":"lootcrat_plus:rare/iron_key"},{"predicate":{"custom_model_data":10106},"model":"lootcrat_plus:epic/amethyst_box"},{"predicate":{"custom_model_data":10107},"model":"lootcrat_plus:epic/diamond_box"},{"predicate":{"custom_model_data":10108},"model":"lootcrat_plus:epic/emerald_box"},{"predicate":{"custom_model_data":10109},"model":"lootcrat_plus:epic/gold_box"},{"predicate":{"custom_model_data":10110},"model":"lootcrat_plus:epic/iron_box"},{"predicate":{"custom_model_data":10111},"model":"lootcrat_plus:epic/amethyst_key"},{"predicate":{"custom_model_data":10112},"model":"lootcrat_plus:epic/diamond_key"},{"predicate":{"custom_model_data":10113},"model":"lootcrat_plus:epic/emerald_key"},{"predicate":{"custom_model_data":10114},"model":"lootcrat_plus:epic/gold_key"},{"predicate":{"custom_model_data":10115},"model":"lootcrat_plus:epic/iron_key"},{"predicate":{"custom_model_data":10116},"model":"lootcrat_plus:legendary/amethyst_box"},{"predicate":{"custom_model_data":10117},"model":"lootcrat_plus:legendary/diamond_box"},{"predicate":{"custom_model_data":10118},"model":"lootcrat_plus:legendary/emerald_box"},{"predicate":{"custom_model_data":10119},"model":"lootcrat_plus:legendary/gold_box"},{"predicate":{"custom_model_data":10120},"model":"lootcrat_plus:legendary/iron_box"},{"predicate":{"custom_model_data":10121},"model":"lootcrat_plus:legendary/amethyst_key"},{"predicate":{"custom_model_data":10122},"model":"lootcrat_plus:legendary/diamond_key"},{"predicate":{"custom_model_data":10123},"model":"lootcrat_plus:legendary/emerald_key"},{"predicate":{"custom_model_data":10124},"model":"lootcrat_plus:legendary/gold_key"},{"predicate":{"custom_model_data":10125},"model":"lootcrat_plus:legendary/iron_key"},{"predicate":{"custom_model_data":10126},"model":"jackpot:ia_auto_gen/shield"},{"predicate":{"custom_model_data":10127},"model":"jackpot:ia_auto_gen/lightning_bolt"},{"predicate":{"custom_model_data":10128},"model":"jackpot:ia_auto_gen/rift"},{"predicate":{"custom_model_data":10129},"model":"jackpot:ia_auto_gen/tornado"},{"predicate":{"custom_model_data":10130},"model":"jackpot:ia_auto_gen/strength"},{"predicate":{"custom_model_data":10131},"model":"jackpot:item/custom/rpg"},{"predicate":{"custom_model_data":10132},"model":"jackpot:item/custom/nuke"},{"predicate":{"custom_model_data":10159},"model":"mcicons:auto_generated/icon_left_gray"},{"predicate":{"custom_model_data":10159},"model":"mcicons:ia_auto_gen/icon_left_gray"},{"predicate":{"custom_model_data":10160},"model":"mcicons:auto_generated/icon_left_blue"},{"predicate":{"custom_model_data":10160},"model":"mcicons:ia_auto_gen/icon_left_blue"},{"predicate":{"custom_model_data":10161},"model":"mcicons:auto_generated/icon_right_gray"},{"predicate":{"custom_model_data":10161},"model":"mcicons:ia_auto_gen/icon_right_gray"},{"predicate":{"custom_model_data":10162},"model":"mcicons:auto_generated/icon_right_blue"},{"predicate":{"custom_model_data":10162},"model":"mcicons:ia_auto_gen/icon_right_blue"},{"predicate":{"custom_model_data":10163},"model":"mcicons:auto_generated/icon_up_gray"},{"predicate":{"custom_model_data":10163},"model":"mcicons:ia_auto_gen/icon_up_gray"},{"predicate":{"custom_model_data":10164},"model":"mcicons:auto_generated/icon_up_blue"},{"predicate":{"custom_model_data":10164},"model":"mcicons:ia_auto_gen/icon_up_blue"},{"predicate":{"custom_model_data":10165},"model":"mcicons:auto_generated/icon_down_gray"},{"predicate":{"custom_model_data":10165},"model":"mcicons:ia_auto_gen/icon_down_gray"},{"predicate":{"custom_model_data":10166},"model":"mcicons:auto_generated/icon_down_blue"},{"predicate":{"custom_model_data":10166},"model":"mcicons:ia_auto_gen/icon_down_blue"},{"predicate":{"custom_model_data":10167},"model":"mcicons:auto_generated/icon_next_white"},{"predicate":{"custom_model_data":10167},"model":"mcicons:ia_auto_gen/icon_next_white"},{"predicate":{"custom_model_data":10168},"model":"mcicons:auto_generated/icon_next_orange"},{"predicate":{"custom_model_data":10168},"model":"mcicons:ia_auto_gen/icon_next_orange"},{"predicate":{"custom_model_data":10169},"model":"mcicons:auto_generated/icon_back_white"},{"predicate":{"custom_model_data":10169},"model":"mcicons:ia_auto_gen/icon_back_white"},{"predicate":{"custom_model_data":10170},"model":"mcicons:auto_generated/icon_back_orange"},{"predicate":{"custom_model_data":10170},"model":"mcicons:ia_auto_gen/icon_back_orange"},{"predicate":{"custom_model_data":10171},"model":"mcicons:auto_generated/icon_cancel"},{"predicate":{"custom_model_data":10171},"model":"mcicons:ia_auto_gen/icon_cancel"},{"predicate":{"custom_model_data":10172},"model":"mcicons:auto_generated/icon_confirm"},{"predicate":{"custom_model_data":10172},"model":"mcicons:ia_auto_gen/icon_confirm"},{"predicate":{"custom_model_data":10173},"model":"mcicons:auto_generated/icon_lock"},{"predicate":{"custom_model_data":10173},"model":"mcicons:ia_auto_gen/icon_lock"},{"predicate":{"custom_model_data":10174},"model":"mcicons:auto_generated/icon_unlock"},{"predicate":{"custom_model_data":10174},"model":"mcicons:ia_auto_gen/icon_unlock"},{"predicate":{"custom_model_data":10175},"model":"mcicons:auto_generated/icon_web"},{"predicate":{"custom_model_data":10175},"model":"mcicons:ia_auto_gen/icon_web"},{"predicate":{"custom_model_data":10176},"model":"mcicons:auto_generated/icon_ender_chest"},{"predicate":{"custom_model_data":10176},"model":"mcicons:ia_auto_gen/icon_ender_chest"},{"predicate":{"custom_model_data":10177},"model":"mcicons:auto_generated/icon_refresh"},{"predicate":{"custom_model_data":10177},"model":"mcicons:ia_auto_gen/icon_refresh"},{"predicate":{"custom_model_data":10178},"model":"mcicons:auto_generated/icon_time_day"},{"predicate":{"custom_model_data":10178},"model":"mcicons:ia_auto_gen/icon_time_day"},{"predicate":{"custom_model_data":10179},"model":"mcicons:auto_generated/icon_time_midnight"},{"predicate":{"custom_model_data":10179},"model":"mcicons:ia_auto_gen/icon_time_midnight"},{"predicate":{"custom_model_data":10180},"model":"mcicons:auto_generated/icon_time_night"},{"predicate":{"custom_model_data":10180},"model":"mcicons:ia_auto_gen/icon_time_night"},{"predicate":{"custom_model_data":10181},"model":"mcicons:auto_generated/icon_time_noon"},{"predicate":{"custom_model_data":10181},"model":"mcicons:ia_auto_gen/icon_time_noon"},{"predicate":{"custom_model_data":10182},"model":"mcicons:auto_generated/icon_time_sunrise"},{"predicate":{"custom_model_data":10182},"model":"mcicons:ia_auto_gen/icon_time_sunrise"},{"predicate":{"custom_model_data":10183},"model":"mcicons:auto_generated/icon_time_sunset"},{"predicate":{"custom_model_data":10183},"model":"mcicons:ia_auto_gen/icon_time_sunset"},{"predicate":{"custom_model_data":10184},"model":"mcicons:auto_generated/icon_toggle_off"},{"predicate":{"custom_model_data":10184},"model":"mcicons:ia_auto_gen/icon_toggle_off"},{"predicate":{"custom_model_data":10185},"model":"mcicons:auto_generated/icon_toggle_on"},{"predicate":{"custom_model_data":10185},"model":"mcicons:ia_auto_gen/icon_toggle_on"},{"predicate":{"custom_model_data":10186},"model":"mcicons:auto_generated/icon_arrow_chest"},{"predicate":{"custom_model_data":10186},"model":"mcicons:ia_auto_gen/icon_arrow_chest"},{"predicate":{"custom_model_data":10187},"model":"mcicons:auto_generated/icon_plus"},{"predicate":{"custom_model_data":10187},"model":"mcicons:ia_auto_gen/icon_plus"},{"predicate":{"custom_model_data":10188},"model":"mcicons:auto_generated/icon_color_picker"},{"predicate":{"custom_model_data":10188},"model":"mcicons:ia_auto_gen/icon_color_picker"},{"predicate":{"custom_model_data":10189},"model":"mcicons:auto_generated/icon_comment"},{"predicate":{"custom_model_data":10189},"model":"mcicons:ia_auto_gen/icon_comment"},{"predicate":{"custom_model_data":10190},"model":"mcicons:auto_generated/icon_search"},{"predicate":{"custom_model_data":10190},"model":"mcicons:ia_auto_gen/icon_search"},{"predicate":{"custom_model_data":35000},"model":"christmas:christmas_skill_model/evergreen"},{"predicate":{"custom_model_data":35000},"model":"christmas:christmas_skill_model/evergreen"},{"predicate":{"custom_model_data":35001},"model":"christmas:christmas_skill_model/gift_box_1"},{"predicate":{"custom_model_data":35001},"model":"christmas:christmas_skill_model/gift_box_1"},{"predicate":{"custom_model_data":35002},"model":"christmas:christmas_skill_model/gift_box_2"},{"predicate":{"custom_model_data":35002},"model":"christmas:christmas_skill_model/gift_box_2"},{"predicate":{"custom_model_data":35003},"model":"christmas:christmas_skill_model/gift_box_3"},{"predicate":{"custom_model_data":35003},"model":"christmas:christmas_skill_model/gift_box_3"},{"predicate":{"custom_model_data":35004},"model":"christmas:christmas_skill_model/head_elf"},{"predicate":{"custom_model_data":35004},"model":"christmas:christmas_skill_model/head_elf"},{"predicate":{"custom_model_data":35005},"model":"christmas:christmas_skill_model/head_reindeer"},{"predicate":{"custom_model_data":35005},"model":"christmas:christmas_skill_model/head_reindeer"},{"predicate":{"custom_model_data":35006},"model":"christmas:christmas_skill_model/head_snow_owl"},{"predicate":{"custom_model_data":35006},"model":"christmas:christmas_skill_model/head_snow_owl"},{"predicate":{"custom_model_data":35007},"model":"christmas:christmas_skill_model/head_snowman"},{"predicate":{"custom_model_data":35007},"model":"christmas:christmas_skill_model/head_snowman"},{"predicate":{"custom_model_data":35008},"model":"christmas:christmas_skill_model/head_yeti"},{"predicate":{"custom_model_data":35008},"model":"christmas:christmas_skill_model/head_yeti"},{"predicate":{"custom_model_data":35009},"model":"minecraft:item/paper"},{"predicate":{"custom_model_data":35010},"model":"item/paper"}]}