{"parent":"minecraft:item/handheld","textures":{"layer0":"minecraft:item/stone_sword"},"overrides":[{"predicate":{"custom_model_data":2005},"model":"item/weapons/spear_of_hades"},{"predicate":{"custom_model_data":35000},"model":"christmas:christmas_skill_model/santa_staff"},{"predicate":{"custom_model_data":35000},"model":"christmas:christmas_skill_model/santa_staff"},{"predicate":{"custom_model_data":35001},"model":"minecraft:item/stone_sword"},{"predicate":{"custom_model_data":35002},"model":"item/stone_sword"}]}