{"parent":"minecraft:item/generated","textures":{"layer0":"minecraft:item/white_dye"},"overrides":[{"predicate":{"custom_model_data":1},"model":"custom/01"},{"predicate":{"custom_model_data":2},"model":"custom/02"},{"predicate":{"custom_model_data":3},"model":"custom/03"},{"predicate":{"custom_model_data":4},"model":"custom/04"},{"predicate":{"custom_model_data":5},"model":"custom/05"},{"predicate":{"custom_model_data":6},"model":"custom/06"},{"predicate":{"custom_model_data":7},"model":"custom/07"},{"predicate":{"custom_model_data":8},"model":"custom/08"},{"predicate":{"custom_model_data":9},"model":"custom/09"},{"predicate":{"custom_model_data":10},"model":"custom/10"},{"predicate":{"custom_model_data":11},"model":"custom/11"},{"predicate":{"custom_model_data":12},"model":"custom/12"},{"predicate":{"custom_model_data":13},"model":"custom/13"},{"predicate":{"custom_model_data":14},"model":"custom/14"},{"predicate":{"custom_model_data":15},"model":"custom/15"},{"predicate":{"custom_model_data":16},"model":"custom/16"},{"predicate":{"custom_model_data":17},"model":"custom/17"},{"predicate":{"custom_model_data":18},"model":"custom/18"},{"predicate":{"custom_model_data":19},"model":"custom/19"},{"predicate":{"custom_model_data":20},"model":"custom/20"},{"predicate":{"custom_model_data":21},"model":"custom/21"},{"predicate":{"custom_model_data":22},"model":"custom/22"},{"predicate":{"custom_model_data":23},"model":"custom/23"},{"predicate":{"custom_model_data":24},"model":"custom/24"},{"predicate":{"custom_model_data":25},"model":"custom/25"},{"predicate":{"custom_model_data":26},"model":"custom/26"},{"predicate":{"custom_model_data":27},"model":"custom/27"},{"predicate":{"custom_model_data":28},"model":"custom/28"},{"predicate":{"custom_model_data":29},"model":"custom/29"},{"predicate":{"custom_model_data":30},"model":"custom/30"},{"predicate":{"custom_model_data":31},"model":"custom/31"},{"predicate":{"custom_model_data":32},"model":"custom/32"},{"predicate":{"custom_model_data":33},"model":"custom/33"},{"predicate":{"custom_model_data":34},"model":"custom/34"},{"predicate":{"custom_model_data":35},"model":"custom/35"},{"predicate":{"custom_model_data":36},"model":"custom/36"},{"predicate":{"custom_model_data":37},"model":"custom/37"},{"predicate":{"custom_model_data":38},"model":"custom/38"},{"predicate":{"custom_model_data":39},"model":"custom/39"},{"predicate":{"custom_model_data":40},"model":"custom/40"},{"predicate":{"custom_model_data":41},"model":"custom/41"},{"predicate":{"custom_model_data":42},"model":"custom/42"},{"predicate":{"custom_model_data":43},"model":"custom/43"},{"predicate":{"custom_model_data":44},"model":"custom/44"},{"predicate":{"custom_model_data":45},"model":"custom/45"},{"predicate":{"custom_model_data":46},"model":"custom/46"},{"predicate":{"custom_model_data":47},"model":"custom/47"},{"predicate":{"custom_model_data":48},"model":"custom/48"},{"predicate":{"custom_model_data":49},"model":"custom/49"},{"predicate":{"custom_model_data":50},"model":"custom/50"}]}