{"textures":{"0":"modelengine:entity/jackpot"},"elements":[{"name":"cube","from":[6.9,17.3,7.1],"to":[8.700001,19.1,8.9],"rotation":{"angle":0.0,"axis":"x","origin":[8.1,17.3,7.1]},"faces":{"down":{"uv":[3.25,12.75,2.875,13.125],"rotation":0,"texture":"#0","tintindex":0},"east":{"uv":[1.75,12.625,2.125,13.0],"rotation":0,"texture":"#0","tintindex":0},"north":{"uv":[1.375,12.625,1.75,13.0],"rotation":0,"texture":"#0","tintindex":0},"south":{"uv":[2.125,12.625,2.5,13.0],"rotation":0,"texture":"#0","tintindex":0},"up":{"uv":[12.75,13.0,12.375,12.625],"rotation":0,"texture":"#0","tintindex":0},"west":{"uv":[2.5,12.625,2.875,13.0],"rotation":0,"texture":"#0","tintindex":0}}},{"name":"cube","from":[6.9,7.1,7.1],"to":[9.9,8.9,8.9],"rotation":{"angle":0.0,"axis":"x","origin":[8.1,7.1,7.1]},"faces":{"down":{"uv":[1.375,12.625,0.75,13.0],"rotation":0,"texture":"#0","tintindex":0},"east":{"uv":[3.25,12.75,3.625,13.125],"rotation":0,"texture":"#0","tintindex":0},"north":{"uv":[5.5,12.5,6.125,12.875],"rotation":0,"texture":"#0","tintindex":0},"south":{"uv":[12.5,8.375,13.125,8.75],"rotation":0,"texture":"#0","tintindex":0},"up":{"uv":[13.125,10.25,12.5,9.875],"rotation":0,"texture":"#0","tintindex":0},"west":{"uv":[3.625,12.75,4.0,13.125],"rotation":0,"texture":"#0","tintindex":0}}},{"name":"cube","from":[7.2000003,8.9,7.4],"to":[8.4,17.3,8.6],"rotation":{"angle":0.0,"axis":"x","origin":[8.4,15.5,7.4]},"faces":{"down":{"uv":[13.0,2.875,12.75,3.125],"rotation":0,"texture":"#0","tintindex":0},"east":{"uv":[6.125,8.625,6.375,10.375],"rotation":0,"texture":"#0","tintindex":0},"north":{"uv":[4.0,6.5,4.25,8.25],"rotation":0,"texture":"#0","tintindex":0},"south":{"uv":[5.0,12.0,5.25,13.75],"rotation":0,"texture":"#0","tintindex":0},"up":{"uv":[4.0,11.0,3.75,10.75],"rotation":0,"texture":"#0","tintindex":0},"west":{"uv":[5.25,12.0,5.5,13.75],"rotation":0,"texture":"#0","tintindex":0}}}],"display":{"head":{"translation":[0.0,-6.4,0.0],"rotation":[0.0,0.0,0.0],"scale":[3.8095,3.8095,3.8095]}}}