{"textures":{"0":"modelengine:entity/jackpot"},"elements":[{"name":"cube","from":[-1.6000004,-7.9000006,4.0399995],"to":[8.0,1.9999998,12.8],"rotation":{"angle":0.0,"axis":"x","origin":[3.7999997,-6.4000006,4.0399995]},"faces":{"down":{"uv":[10.25,1.875,8.25,3.75],"rotation":0,"texture":"#0","tintindex":0},"east":{"uv":[6.375,4.25,8.25,6.375],"rotation":0,"texture":"#0","tintindex":0},"north":{"uv":[6.25,2.125,8.25,4.25],"rotation":0,"texture":"#0","tintindex":0},"south":{"uv":[6.375,6.375,8.375,8.5],"rotation":0,"texture":"#0","tintindex":0},"up":{"uv":[10.125,1.875,8.125,0.0],"rotation":0,"texture":"#0","tintindex":0},"west":{"uv":[2.125,6.5,4.0,8.625],"rotation":0,"texture":"#0","tintindex":0}}},{"name":"cube","from":[-1.6000004,-7.9000006,0.4559698],"to":[8.0,-6.1000004,4.0559697],"rotation":{"angle":0.0,"axis":"x","origin":[3.7999997,-7.9000006,4.0559697]},"faces":{"down":{"uv":[2.0,9.625,0.0,10.375],"rotation":0,"texture":"#0","tintindex":0},"east":{"uv":[1.0,10.375,1.75,10.75],"rotation":0,"texture":"#0","tintindex":0},"north":{"uv":[8.375,11.625,10.375,12.0],"rotation":0,"texture":"#0","tintindex":0},"south":{"uv":[10.375,11.625,12.375,12.0],"rotation":0,"texture":"#0","tintindex":0},"up":{"uv":[6.0,10.0,4.0,9.25],"rotation":0,"texture":"#0","tintindex":0},"west":{"uv":[0.0,12.5,0.75,12.875],"rotation":0,"texture":"#0","tintindex":0}}},{"name":"cube","from":[-1.6000004,-0.40000033,-0.14403033],"to":[8.0,2.1499996,4.0559697],"rotation":{"angle":-22.5,"axis":"x","origin":[3.7999997,0.19999981,4.0559697]},"faces":{"down":{"uv":[4.0,9.25,2.0,10.125],"rotation":0,"texture":"#0","tintindex":0},"east":{"uv":[5.125,8.625,6.0,9.125],"rotation":0,"texture":"#0","tintindex":0},"north":{"uv":[8.375,7.875,10.375,8.375],"rotation":0,"texture":"#0","tintindex":0},"south":{"uv":[10.375,7.875,12.375,8.375],"rotation":0,"texture":"#0","tintindex":0},"up":{"uv":[2.0,9.625,0.0,8.75],"rotation":0,"texture":"#0","tintindex":0},"west":{"uv":[5.5,12.0,6.375,12.5],"rotation":0,"texture":"#0","tintindex":0}}},{"name":"cube","from":[8.0,-7.9000006,2.6],"to":[10.4,13.1,12.8],"rotation":{"angle":0.0,"axis":"x","origin":[8.0,8.0,8.0]},"faces":{"down":{"uv":[1.0,10.375,0.5,12.5],"rotation":0,"texture":"#0","tintindex":0},"east":{"uv":[4.25,4.25,6.375,8.625],"rotation":0,"texture":"#0","tintindex":0},"north":{"uv":[7.375,8.5,7.875,12.875],"rotation":0,"texture":"#0","tintindex":0},"south":{"uv":[7.875,8.5,8.375,12.875],"rotation":0,"texture":"#0","tintindex":0},"up":{"uv":[0.5,12.5,0.0,10.375],"rotation":0,"texture":"#0","tintindex":0},"west":{"uv":[0.0,4.375,2.125,8.75],"rotation":0,"texture":"#0","tintindex":0}}},{"name":"cube","from":[-4.0000005,-7.9000006,2.6],"to":[-1.6000004,13.1,12.8],"rotation":{"angle":0.0,"axis":"x","origin":[-2.8000002,8.0,8.0]},"faces":{"down":{"uv":[10.75,2.75,10.25,4.875],"rotation":0,"texture":"#0","tintindex":0},"east":{"uv":[0.0,0.0,2.125,4.375],"rotation":0,"texture":"#0","tintindex":0},"north":{"uv":[6.375,8.5,6.875,12.875],"rotation":0,"texture":"#0","tintindex":0},"south":{"uv":[6.875,8.5,7.375,12.875],"rotation":0,"texture":"#0","tintindex":0},"up":{"uv":[10.75,2.75,10.25,0.625],"rotation":0,"texture":"#0","tintindex":0},"west":{"uv":[2.125,2.125,4.25,6.5],"rotation":0,"texture":"#0","tintindex":0}}},{"name":"cube","from":[-1.6000004,11.3,2.6],"to":[8.0,13.1,12.8],"rotation":{"angle":0.0,"axis":"x","origin":[-1.0000005,14.900001,8.0]},"faces":{"down":{"uv":[6.125,0.0,4.125,2.125],"rotation":0,"texture":"#0","tintindex":0},"east":{"uv":[10.25,4.875,12.375,5.25],"rotation":0,"texture":"#0","tintindex":0},"north":{"uv":[11.375,7.5,13.375,7.875],"rotation":0,"texture":"#0","tintindex":0},"south":{"uv":[1.0,11.5,3.0,11.875],"rotation":0,"texture":"#0","tintindex":0},"up":{"uv":[4.125,2.125,2.125,0.0],"rotation":0,"texture":"#0","tintindex":0},"west":{"uv":[10.375,8.375,12.5,8.75],"rotation":0,"texture":"#0","tintindex":0}}},{"name":"cube","from":[-4.0000005,13.1,2.6],"to":[10.4,17.900002,5.6],"rotation":{"angle":0.0,"axis":"x","origin":[-1.0000005,17.900002,3.7999997]},"faces":{"down":{"uv":[5.125,8.625,2.125,9.25],"rotation":0,"texture":"#0","tintindex":0},"east":{"uv":[5.0,11.0,5.625,12.0],"rotation":0,"texture":"#0","tintindex":0},"north":{"uv":[8.25,5.25,11.25,6.25],"rotation":0,"texture":"#0","tintindex":0},"south":{"uv":[8.375,6.25,11.375,7.25],"rotation":0,"texture":"#0","tintindex":0},"up":{"uv":[11.375,7.875,8.375,7.25],"rotation":0,"texture":"#0","tintindex":0},"west":{"uv":[5.625,11.0,6.25,12.0],"rotation":0,"texture":"#0","tintindex":0}}},{"name":"cube","from":[-1.6000004,1.6999998,2.6],"to":[8.0,4.7,12.8],"rotation":{"angle":0.0,"axis":"x","origin":[-1.0000005,-7.9000006,8.0]},"faces":{"down":{"uv":[8.125,0.0,6.125,2.125],"rotation":0,"texture":"#0","tintindex":0},"east":{"uv":[8.375,9.875,10.5,10.5],"rotation":0,"texture":"#0","tintindex":0},"north":{"uv":[2.0,10.125,4.0,10.75],"rotation":0,"texture":"#0","tintindex":0},"south":{"uv":[10.125,0.0,12.125,0.625],"rotation":0,"texture":"#0","tintindex":0},"up":{"uv":[6.25,4.25,4.25,2.125],"rotation":0,"texture":"#0","tintindex":0},"west":{"uv":[4.0,10.0,6.125,10.625],"rotation":0,"texture":"#0","tintindex":0}}},{"name":"cube","from":[-1.6000004,4.7,12.2],"to":[8.0,11.3,12.8],"rotation":{"angle":0.0,"axis":"x","origin":[-1.0000005,6.8,8.0]},"faces":{"down":{"uv":[14.375,9.75,12.375,9.875],"rotation":0,"texture":"#0","tintindex":0},"east":{"uv":[6.25,10.375,6.375,11.875],"rotation":0,"texture":"#0","tintindex":0},"north":{"uv":[8.25,3.75,10.25,5.25],"rotation":0,"texture":"#0","tintindex":0},"south":{"uv":[8.375,8.5,10.375,9.75],"rotation":0,"texture":"#0","tintindex":0},"up":{"uv":[14.125,0.625,12.125,0.5],"rotation":0,"texture":"#0","tintindex":0},"west":{"uv":[6.125,12.5,6.25,14.0],"rotation":0,"texture":"#0","tintindex":0}}}],"display":{"head":{"translation":[0.0,-6.4,0.0],"rotation":[0.0,0.0,0.0],"scale":[3.8095,3.8095,3.8095]}}}