{"textures":{"0":"modelengine:entity/jackpot"},"elements":[{"name":"cube","from":[3.1999998,7.0700006,3.4559698],"to":[12.8,8.870001,4.6559696],"rotation":{"angle":0.0,"axis":"x","origin":[8.0,7.9700003,7.9805756]},"faces":{"down":{"uv":[5.0,11.75,3.0,12.0],"rotation":0,"texture":"#0","tintindex":0},"east":{"uv":[4.0,8.25,4.25,8.625],"rotation":0,"texture":"#0","tintindex":0},"north":{"uv":[0.0,14.5,2.0,14.875],"rotation":0,"texture":"#0","tintindex":0},"south":{"uv":[10.375,9.125,12.375,9.5],"rotation":0,"texture":"#0","tintindex":0},"up":{"uv":[12.5,10.5,10.5,10.25],"rotation":0,"texture":"#0","tintindex":0},"west":{"uv":[1.75,10.375,2.0,10.75],"rotation":0,"texture":"#0","tintindex":0}}},{"name":"cube","from":[3.1999998,7.0700006,3.4559698],"to":[12.8,8.870001,4.6559696],"rotation":{"angle":22.5,"axis":"x","origin":[8.0,7.9700003,7.9805756]},"faces":{"down":{"uv":[5.0,12.0,3.0,12.25],"rotation":0,"texture":"#0","tintindex":0},"east":{"uv":[6.0,10.625,6.25,11.0],"rotation":0,"texture":"#0","tintindex":0},"north":{"uv":[4.0,15.625,6.0,16.0],"rotation":0,"texture":"#0","tintindex":0},"south":{"uv":[8.375,10.5,10.375,10.875],"rotation":0,"texture":"#0","tintindex":0},"up":{"uv":[3.0,12.125,1.0,11.875],"rotation":0,"texture":"#0","tintindex":0},"west":{"uv":[4.0,12.75,4.25,13.125],"rotation":0,"texture":"#0","tintindex":0}}},{"name":"cube","from":[3.1999998,7.0700006,3.4559698],"to":[12.8,8.870001,4.6559696],"rotation":{"angle":45.0,"axis":"x","origin":[8.0,7.9700003,7.9805756]},"faces":{"down":{"uv":[12.375,12.0,10.375,12.25],"rotation":0,"texture":"#0","tintindex":0},"east":{"uv":[4.25,12.75,4.5,13.125],"rotation":0,"texture":"#0","tintindex":0},"north":{"uv":[4.0,15.25,6.0,15.625],"rotation":0,"texture":"#0","tintindex":0},"south":{"uv":[10.5,9.875,12.5,10.25],"rotation":0,"texture":"#0","tintindex":0},"up":{"uv":[10.375,12.25,8.375,12.0],"rotation":0,"texture":"#0","tintindex":0},"west":{"uv":[4.5,12.75,4.75,13.125],"rotation":0,"texture":"#0","tintindex":0}}},{"name":"cube","from":[3.1999998,11.294605,7.080576],"to":[12.8,12.494605,8.880576],"rotation":{"angle":0.0,"axis":"x","origin":[8.0,7.9700003,7.9805756]},"faces":{"down":{"uv":[3.0,10.75,1.0,11.125],"rotation":0,"texture":"#0","tintindex":0},"east":{"uv":[3.0,10.75,3.375,11.0],"rotation":0,"texture":"#0","tintindex":0},"north":{"uv":[1.0,12.125,3.0,12.375],"rotation":0,"texture":"#0","tintindex":0},"south":{"uv":[12.125,0.0,14.125,0.25],"rotation":0,"texture":"#0","tintindex":0},"up":{"uv":[6.0,14.875,4.0,14.5],"rotation":0,"texture":"#0","tintindex":0},"west":{"uv":[3.375,10.75,3.75,11.0],"rotation":0,"texture":"#0","tintindex":0}}},{"name":"cube","from":[3.1999998,11.294605,7.080576],"to":[12.8,12.494605,8.880576],"rotation":{"angle":22.5,"axis":"x","origin":[8.0,7.9700003,7.9805756]},"faces":{"down":{"uv":[12.75,1.0,10.75,1.375],"rotation":0,"texture":"#0","tintindex":0},"east":{"uv":[12.5,10.25,12.875,10.5],"rotation":0,"texture":"#0","tintindex":0},"north":{"uv":[12.125,0.25,14.125,0.5],"rotation":0,"texture":"#0","tintindex":0},"south":{"uv":[3.0,12.25,5.0,12.5],"rotation":0,"texture":"#0","tintindex":0},"up":{"uv":[8.0,16.0,6.0,15.625],"rotation":0,"texture":"#0","tintindex":0},"west":{"uv":[8.375,12.75,8.75,13.0],"rotation":0,"texture":"#0","tintindex":0}}},{"name":"cube","from":[3.1999998,11.294605,7.080576],"to":[12.8,12.494605,8.880576],"rotation":{"angle":45.0,"axis":"x","origin":[8.0,7.9700003,7.9805756]},"faces":{"down":{"uv":[12.75,1.75,10.75,2.125],"rotation":0,"texture":"#0","tintindex":0},"east":{"uv":[8.75,12.75,9.125,13.0],"rotation":0,"texture":"#0","tintindex":0},"north":{"uv":[8.375,12.25,10.375,12.5],"rotation":0,"texture":"#0","tintindex":0},"south":{"uv":[10.375,12.25,12.375,12.5],"rotation":0,"texture":"#0","tintindex":0},"up":{"uv":[8.0,15.625,6.0,15.25],"rotation":0,"texture":"#0","tintindex":0},"west":{"uv":[9.125,12.75,9.5,13.0],"rotation":0,"texture":"#0","tintindex":0}}},{"name":"cube","from":[3.1999998,11.294605,7.080576],"to":[12.8,12.494605,8.880576],"rotation":{"angle":-22.5,"axis":"x","origin":[8.0,7.9700003,7.9805756]},"faces":{"down":{"uv":[12.75,2.5,10.75,2.875],"rotation":0,"texture":"#0","tintindex":0},"east":{"uv":[9.5,12.75,9.875,13.0],"rotation":0,"texture":"#0","tintindex":0},"north":{"uv":[1.0,12.375,3.0,12.625],"rotation":0,"texture":"#0","tintindex":0},"south":{"uv":[12.375,12.375,14.375,12.625],"rotation":0,"texture":"#0","tintindex":0},"up":{"uv":[6.0,15.25,4.0,14.875],"rotation":0,"texture":"#0","tintindex":0},"west":{"uv":[9.875,12.75,10.25,13.0],"rotation":0,"texture":"#0","tintindex":0}}},{"name":"cube","from":[3.1999998,7.0700006,11.3051815],"to":[12.8,8.870001,12.505181],"rotation":{"angle":-22.5,"axis":"x","origin":[8.0,7.9700003,7.9805756]},"faces":{"down":{"uv":[14.375,5.0,12.375,5.25],"rotation":0,"texture":"#0","tintindex":0},"east":{"uv":[4.75,12.75,5.0,13.125],"rotation":0,"texture":"#0","tintindex":0},"north":{"uv":[10.75,2.875,12.75,3.25],"rotation":0,"texture":"#0","tintindex":0},"south":{"uv":[8.0,15.25,6.0,14.875],"rotation":0,"texture":"#0","tintindex":0},"up":{"uv":[14.375,5.0,12.375,4.75],"rotation":0,"texture":"#0","tintindex":0},"west":{"uv":[10.25,12.75,10.5,13.125],"rotation":0,"texture":"#0","tintindex":0}}},{"name":"cube","from":[3.1999998,7.0700006,11.3051815],"to":[12.8,8.870001,12.505181],"rotation":{"angle":0.0,"axis":"x","origin":[8.0,7.9700003,7.9805756]},"faces":{"down":{"uv":[14.375,8.125,12.375,8.375],"rotation":0,"texture":"#0","tintindex":0},"east":{"uv":[10.5,12.75,10.75,13.125],"rotation":0,"texture":"#0","tintindex":0},"north":{"uv":[10.75,3.625,12.75,4.0],"rotation":0,"texture":"#0","tintindex":0},"south":{"uv":[8.0,14.875,6.0,14.5],"rotation":0,"texture":"#0","tintindex":0},"up":{"uv":[14.375,8.125,12.375,7.875],"rotation":0,"texture":"#0","tintindex":0},"west":{"uv":[10.75,12.75,11.0,13.125],"rotation":0,"texture":"#0","tintindex":0}}},{"name":"cube","from":[3.1999998,7.0700006,3.4559698],"to":[12.8,8.870001,4.6559696],"rotation":{"angle":-22.5,"axis":"x","origin":[8.0,7.9700003,7.9805756]},"faces":{"down":{"uv":[14.375,9.0,12.375,9.25],"rotation":0,"texture":"#0","tintindex":0},"east":{"uv":[11.0,12.75,11.25,13.125],"rotation":0,"texture":"#0","tintindex":0},"north":{"uv":[0.0,14.875,2.0,15.25],"rotation":0,"texture":"#0","tintindex":0},"south":{"uv":[8.375,10.875,10.375,11.25],"rotation":0,"texture":"#0","tintindex":0},"up":{"uv":[14.375,9.0,12.375,8.75],"rotation":0,"texture":"#0","tintindex":0},"west":{"uv":[11.25,12.75,11.5,13.125],"rotation":0,"texture":"#0","tintindex":0}}},{"name":"cube","from":[3.1999998,7.0700006,3.4559698],"to":[12.8,8.870001,4.6559696],"rotation":{"angle":-45.0,"axis":"x","origin":[8.0,7.9700003,7.9805756]},"faces":{"down":{"uv":[14.375,9.5,12.375,9.75],"rotation":0,"texture":"#0","tintindex":0},"east":{"uv":[11.5,12.75,11.75,13.125],"rotation":0,"texture":"#0","tintindex":0},"north":{"uv":[0.0,15.25,2.0,15.625],"rotation":0,"texture":"#0","tintindex":0},"south":{"uv":[3.0,11.0,5.0,11.375],"rotation":0,"texture":"#0","tintindex":0},"up":{"uv":[14.375,9.5,12.375,9.25],"rotation":0,"texture":"#0","tintindex":0},"west":{"uv":[11.75,12.75,12.0,13.125],"rotation":0,"texture":"#0","tintindex":0}}},{"name":"cube","from":[3.1999998,3.4453943,7.080576],"to":[12.8,4.6453943,8.880576],"rotation":{"angle":22.5,"axis":"x","origin":[8.0,7.9700003,7.9805756]},"faces":{"down":{"uv":[2.0,16.0,0.0,15.625],"rotation":0,"texture":"#0","tintindex":0},"east":{"uv":[12.0,12.75,12.375,13.0],"rotation":0,"texture":"#0","tintindex":0},"north":{"uv":[12.375,10.5,14.375,10.75],"rotation":0,"texture":"#0","tintindex":0},"south":{"uv":[12.375,10.75,14.375,11.0],"rotation":0,"texture":"#0","tintindex":0},"up":{"uv":[3.0,11.5,1.0,11.125],"rotation":0,"texture":"#0","tintindex":0},"west":{"uv":[12.75,12.75,13.125,13.0],"rotation":0,"texture":"#0","tintindex":0}}},{"name":"cube","from":[3.1999998,3.4453943,7.080576],"to":[12.8,4.6453943,8.880576],"rotation":{"angle":0.0,"axis":"x","origin":[8.0,7.9700003,7.9805756]},"faces":{"down":{"uv":[4.0,14.875,2.0,14.5],"rotation":0,"texture":"#0","tintindex":0},"east":{"uv":[12.75,0.625,13.125,0.875],"rotation":0,"texture":"#0","tintindex":0},"north":{"uv":[12.375,11.0,14.375,11.25],"rotation":0,"texture":"#0","tintindex":0},"south":{"uv":[12.375,11.25,14.375,11.5],"rotation":0,"texture":"#0","tintindex":0},"up":{"uv":[12.375,11.625,10.375,11.25],"rotation":0,"texture":"#0","tintindex":0},"west":{"uv":[12.75,0.875,13.125,1.125],"rotation":0,"texture":"#0","tintindex":0}}},{"name":"cube","from":[3.1999998,3.4453943,7.080576],"to":[12.8,4.6453943,8.880576],"rotation":{"angle":-22.5,"axis":"x","origin":[8.0,7.9700003,7.9805756]},"faces":{"down":{"uv":[4.0,15.25,2.0,14.875],"rotation":0,"texture":"#0","tintindex":0},"east":{"uv":[12.75,1.125,13.125,1.375],"rotation":0,"texture":"#0","tintindex":0},"north":{"uv":[12.375,11.5,14.375,11.75],"rotation":0,"texture":"#0","tintindex":0},"south":{"uv":[12.375,11.75,14.375,12.0],"rotation":0,"texture":"#0","tintindex":0},"up":{"uv":[13.25,6.0,11.25,5.625],"rotation":0,"texture":"#0","tintindex":0},"west":{"uv":[12.75,1.375,13.125,1.625],"rotation":0,"texture":"#0","tintindex":0}}},{"name":"cube","from":[3.1999998,3.4453943,7.080576],"to":[12.8,4.6453943,8.880576],"rotation":{"angle":-45.0,"axis":"x","origin":[8.0,7.9700003,7.9805756]},"faces":{"down":{"uv":[4.0,15.625,2.0,15.25],"rotation":0,"texture":"#0","tintindex":0},"east":{"uv":[12.75,1.625,13.125,1.875],"rotation":0,"texture":"#0","tintindex":0},"north":{"uv":[12.375,12.0,14.375,12.25],"rotation":0,"texture":"#0","tintindex":0},"south":{"uv":[3.0,12.5,5.0,12.75],"rotation":0,"texture":"#0","tintindex":0},"up":{"uv":[13.375,6.375,11.375,6.0],"rotation":0,"texture":"#0","tintindex":0},"west":{"uv":[12.75,1.875,13.125,2.125],"rotation":0,"texture":"#0","tintindex":0}}},{"name":"cube","from":[3.1999998,7.0700006,11.3051815],"to":[12.8,8.870001,12.505181],"rotation":{"angle":22.5,"axis":"x","origin":[8.0,7.9700003,7.9805756]},"faces":{"down":{"uv":[12.375,12.5,10.375,12.75],"rotation":0,"texture":"#0","tintindex":0},"east":{"uv":[12.75,2.125,13.0,2.5],"rotation":0,"texture":"#0","tintindex":0},"north":{"uv":[11.375,6.75,13.375,7.125],"rotation":0,"texture":"#0","tintindex":0},"south":{"uv":[4.0,16.0,2.0,15.625],"rotation":0,"texture":"#0","tintindex":0},"up":{"uv":[10.375,12.75,8.375,12.5],"rotation":0,"texture":"#0","tintindex":0},"west":{"uv":[12.75,2.5,13.0,2.875],"rotation":0,"texture":"#0","tintindex":0}}}],"display":{"head":{"translation":[0.0,-6.4,0.0],"rotation":[0.0,0.0,0.0],"scale":[3.8095,3.8095,3.8095]}}}