{"textures":{"0":"modelengine:entity/herobrine"},"elements":[{"name":"leftarm","from":[6.8059998,4.3999996,5.6],"to":[9.206,8.0,8.0],"rotation":{"angle":0.0,"axis":"x","origin":[4.3999996,-2.8000002,6.8]},"faces":{"down":{"uv":[6.0,8.0,5.0,9.0],"rotation":0,"texture":"#0","tintindex":0},"east":{"uv":[4.0,6.5,5.0,8.0],"rotation":0,"texture":"#0","tintindex":0},"north":{"uv":[3.0,6.5,4.0,8.0],"rotation":0,"texture":"#0","tintindex":0},"south":{"uv":[5.0,6.5,6.0,8.0],"rotation":0,"texture":"#0","tintindex":0},"up":{"uv":[9.0,5.5,8.0,4.5],"rotation":0,"texture":"#0","tintindex":0},"west":{"uv":[6.0,6.5,7.0,8.0],"rotation":0,"texture":"#0","tintindex":0}}}],"display":{"head":{"translation":[0.0,-6.4,0.0],"rotation":[0.0,0.0,0.0],"scale":[3.8095,3.8095,3.8095]}}}