{"textures":{"0":"modelengine:entity/herobrine"},"elements":[{"name":"leftleg","from":[6.8059998,4.3999996,8.0],"to":[9.206,8.0,10.4],"rotation":{"angle":0.0,"axis":"x","origin":[9.2,4.3999996,9.2]},"faces":{"down":{"uv":[7.0,8.0,8.0,9.0],"rotation":0,"texture":"#0","tintindex":0},"east":{"uv":[9.0,1.5,8.0,3.0],"rotation":0,"texture":"#0","tintindex":0},"north":{"uv":[8.0,5.0,7.0,6.5],"rotation":0,"texture":"#0","tintindex":0},"south":{"uv":[9.0,0.0,8.0,1.5],"rotation":0,"texture":"#0","tintindex":0},"up":{"uv":[8.0,7.5,9.0,6.5],"rotation":0,"texture":"#0","tintindex":0},"west":{"uv":[8.0,6.5,7.0,8.0],"rotation":0,"texture":"#0","tintindex":0}}}],"display":{"head":{"translation":[0.0,-6.4,0.0],"rotation":[0.0,0.0,0.0],"scale":[3.8095,3.8095,3.8095]}}}