{"textures":{"0":"modelengine:entity/pet_santa_evil","1":"modelengine:entity/pet_santa","2":"modelengine:entity/pet_santa_gold"},"elements":[{"name":"cube","from":[5.6,6.2,6.05],"to":[10.4,9.8,9.65],"rotation":{"angle":0.0,"axis":"x","origin":[8.0,4.3999996,7.85]},"faces":{"down":{"uv":[5.975,5.775,4.025,7.225],"rotation":0,"texture":"#2","tintindex":0},"east":{"uv":[6.525,1.025,7.975,2.475],"rotation":0,"texture":"#2","tintindex":0},"north":{"uv":[4.525,1.775,6.475,3.225],"rotation":0,"texture":"#2","tintindex":0},"south":{"uv":[0.025,5.275,1.975,6.725],"rotation":0,"texture":"#2","tintindex":0},"up":{"uv":[3.975,7.225,2.025,5.775],"rotation":0,"texture":"#2","tintindex":0},"west":{"uv":[0.025,6.775,1.475,8.225],"rotation":0,"texture":"#2","tintindex":0}}},{"name":"cube","from":[5.6,9.8,6.6499996],"to":[10.4,11.0,9.65],"rotation":{"angle":0.0,"axis":"x","origin":[8.0,4.3999996,7.85]},"faces":{"down":{"uv":[7.975,4.525,6.025,5.725],"rotation":0,"texture":"#2","tintindex":0},"east":{"uv":[8.275,2.775,9.475,3.225],"rotation":0,"texture":"#2","tintindex":0},"north":{"uv":[8.025,1.775,9.975,2.225],"rotation":0,"texture":"#2","tintindex":0},"south":{"uv":[8.025,3.275,9.975,3.725],"rotation":0,"texture":"#2","tintindex":0},"up":{"uv":[7.975,4.475,6.025,3.275],"rotation":0,"texture":"#2","tintindex":0},"west":{"uv":[8.525,5.775,9.725,6.225],"rotation":0,"texture":"#2","tintindex":0}}}],"display":{"head":{"translation":[0.0,-6.4,0.0],"rotation":[0.0,0.0,0.0],"scale":[3.8095,3.8095,3.8095]}}}