{"textures":{"0":"modelengine:entity/pet_santa_evil","1":"modelengine:entity/pet_santa","2":"modelengine:entity/pet_santa_gold"},"elements":[{"name":"cube","from":[8.0,8.0,7.1],"to":[11.6,9.2,8.9],"rotation":{"angle":0.0,"axis":"x","origin":[5.6,2.6,7.1]},"faces":{"down":{"uv":[8.025,1.025,9.475,1.725],"rotation":0,"texture":"#2","tintindex":0},"east":{"uv":[0.725,8.775,0.025,9.225],"rotation":0,"texture":"#2","tintindex":0},"north":{"uv":[1.475,8.275,0.025,8.725],"rotation":0,"texture":"#2","tintindex":0},"south":{"uv":[9.725,2.275,8.275,2.725],"rotation":0,"texture":"#2","tintindex":0},"up":{"uv":[4.525,3.975,5.975,3.275],"rotation":0,"texture":"#2","tintindex":0},"west":{"uv":[9.225,6.275,8.525,6.725],"rotation":0,"texture":"#2","tintindex":0}}}],"display":{"head":{"translation":[0.0,-6.4,0.0],"rotation":[0.0,0.0,0.0],"scale":[3.8095,3.8095,3.8095]}}}