{"textures":{"0":"modelengine:entity/sm_artoriasknight"},"elements":[{"name":"cube","from":[4.671219,3.2685397,4.4213367],"to":[11.271219,7.468541,8.621336],"rotation":{"angle":-45.0,"axis":"x","origin":[7.971219,6.2470074,7.099805]},"faces":{"down":{"uv":[1.375,6.875,0.0,6.0],"rotation":0,"texture":"#0","tintindex":0},"east":{"uv":[1.875,8.625,1.0,9.5],"rotation":0,"texture":"#0","tintindex":0},"north":{"uv":[1.375,6.875,2.75,6.0],"rotation":0,"texture":"#0","tintindex":0},"south":{"uv":[0.0,6.0,1.375,6.875],"rotation":0,"texture":"#0","tintindex":0},"up":{"uv":[2.75,6.875,1.375,6.0],"rotation":0,"texture":"#0","tintindex":0},"west":{"uv":[1.0,8.625,1.875,9.5],"rotation":0,"texture":"#0","tintindex":0}}}],"display":{"head":{"translation":[0.0,-6.4,0.0],"rotation":[0.0,0.0,0.0],"scale":[3.8095,3.8095,3.8095]}}}