{"textures":{"0":"modelengine:entity/sm_artoriasknight"},"elements":[{"name":"cube","from":[8.812189,6.2899966,4.2675705],"to":[9.83219,8.509996,6.487571],"rotation":{"angle":0.0,"axis":"x","origin":[8.362189,7.3999968,5.2575703]},"faces":{"down":{"uv":[14.25,12.625,14.5,13.125],"rotation":0,"texture":"#0","tintindex":0},"east":{"uv":[3.625,12.875,3.125,13.375],"rotation":0,"texture":"#0","tintindex":0},"north":{"uv":[14.5,10.25,14.25,10.75],"rotation":0,"texture":"#0","tintindex":0},"south":{"uv":[14.5,11.625,14.25,12.125],"rotation":0,"texture":"#0","tintindex":0},"up":{"uv":[14.25,12.625,14.5,12.125],"rotation":0,"texture":"#0","tintindex":0},"west":{"uv":[2.5,12.875,2.0,13.375],"rotation":0,"texture":"#0","tintindex":0}}},{"name":"cube","from":[9.17219,6.1999965,2.67757],"to":[9.17219,8.599997,5.07757],"rotation":{"angle":0.0,"axis":"x","origin":[8.362189,7.3999968,5.2575703]},"faces":{"down":{"uv":[0.0,0.0,0.0,0.5],"rotation":0,"texture":"#0","tintindex":0},"east":{"uv":[4.5,12.875,5.0,13.375],"rotation":0,"texture":"#0","tintindex":0},"north":{"uv":[0.0,0.0,0.0,0.5],"rotation":0,"texture":"#0","tintindex":0},"south":{"uv":[0.0,0.0,0.0,0.5],"rotation":0,"texture":"#0","tintindex":0},"up":{"uv":[0.0,0.5,0.0,0.0],"rotation":0,"texture":"#0","tintindex":0},"west":{"uv":[5.0,12.875,4.5,13.375],"rotation":0,"texture":"#0","tintindex":0}}},{"name":"cube","from":[7.8554635,6.1999965,10.36521],"to":[7.8554635,8.599997,12.765209],"rotation":{"angle":0.0,"axis":"x","origin":[8.362189,7.3999968,8.898482]},"faces":{"down":{"uv":[0.0,0.5,0.0,0.0],"rotation":0,"texture":"#0","tintindex":0},"east":{"uv":[5.0,12.875,4.5,13.375],"rotation":0,"texture":"#0","tintindex":0},"north":{"uv":[0.0,0.0,0.0,0.5],"rotation":0,"texture":"#0","tintindex":0},"south":{"uv":[0.0,0.0,0.0,0.5],"rotation":0,"texture":"#0","tintindex":0},"up":{"uv":[0.0,0.0,0.0,0.5],"rotation":0,"texture":"#0","tintindex":0},"west":{"uv":[4.5,12.875,5.0,13.375],"rotation":0,"texture":"#0","tintindex":0}}},{"name":"cube","from":[7.4954634,6.2899966,8.95521],"to":[8.515463,8.509996,11.175209],"rotation":{"angle":0.0,"axis":"x","origin":[8.362189,7.3999968,8.898482]},"faces":{"down":{"uv":[14.25,13.125,14.5,12.625],"rotation":0,"texture":"#0","tintindex":0},"east":{"uv":[3.125,12.875,3.625,13.375],"rotation":0,"texture":"#0","tintindex":0},"north":{"uv":[14.25,11.625,14.5,12.125],"rotation":0,"texture":"#0","tintindex":0},"south":{"uv":[14.25,10.25,14.5,10.75],"rotation":0,"texture":"#0","tintindex":0},"up":{"uv":[14.25,12.125,14.5,12.625],"rotation":0,"texture":"#0","tintindex":0},"west":{"uv":[2.0,12.875,2.5,13.375],"rotation":0,"texture":"#0","tintindex":0}}},{"name":"cube","from":[7.7986026,6.290014,6.386056],"to":[8.818603,8.510014,9.626056],"rotation":{"angle":0.0,"axis":"x","origin":[8.308602,7.400014,8.306055]},"faces":{"down":{"uv":[2.25,13.75,2.5,14.5],"rotation":0,"texture":"#0","tintindex":0},"east":{"uv":[12.625,2.0,11.875,2.5],"rotation":0,"texture":"#0","tintindex":0},"north":{"uv":[14.5,13.125,14.25,13.625],"rotation":0,"texture":"#0","tintindex":0},"south":{"uv":[13.5,14.25,13.25,14.75],"rotation":0,"texture":"#0","tintindex":0},"up":{"uv":[2.0,14.5,2.25,13.75],"rotation":0,"texture":"#0","tintindex":0},"west":{"uv":[2.25,11.875,1.5,12.375],"rotation":0,"texture":"#0","tintindex":0}}}],"display":{"head":{"translation":[0.0,-6.4,0.0],"rotation":[0.0,0.0,0.0],"scale":[3.8095,3.8095,3.8095]}}}