{"textures":{"0":"modelengine:entity/sm_artoriasknight"},"elements":[{"name":"cube","from":[6.4296103,-0.36953497,9.72645],"to":[10.62961,8.030464,9.72645],"rotation":{"angle":-22.5,"axis":"x","origin":[8.0,4.3999996,9.8]},"faces":{"down":{"uv":[0.0,0.0,0.875,0.0],"rotation":0,"texture":"#0","tintindex":0},"east":{"uv":[0.0,0.0,0.0,1.75],"rotation":0,"texture":"#0","tintindex":0},"north":{"uv":[4.0,4.5,4.875,6.25],"rotation":0,"texture":"#0","tintindex":0},"south":{"uv":[4.875,4.5,4.0,6.25],"rotation":0,"texture":"#0","tintindex":0},"up":{"uv":[0.0,0.0,0.875,0.0],"rotation":0,"texture":"#0","tintindex":0},"west":{"uv":[0.0,0.0,0.0,1.75],"rotation":0,"texture":"#0","tintindex":0}}}],"display":{"head":{"translation":[0.0,-6.4,0.0],"rotation":[0.0,0.0,0.0],"scale":[3.8095,3.8095,3.8095]}}}