{"textures":{"0":"modelengine:entity/sm_artoriasknight"},"elements":[{"name":"cube","from":[5.45,6.455716,6.2749996],"to":[8.45,11.255716,9.875],"rotation":{"angle":0.0,"axis":"x","origin":[4.783428,13.741247,4.6346817]},"faces":{"down":{"uv":[10.625,6.5,11.25,7.25],"rotation":0,"texture":"#0","tintindex":0},"east":{"uv":[4.5,8.625,3.75,9.625],"rotation":0,"texture":"#0","tintindex":0},"north":{"uv":[10.375,10.0,9.75,11.0],"rotation":0,"texture":"#0","tintindex":0},"south":{"uv":[10.375,10.0,9.75,11.0],"rotation":0,"texture":"#0","tintindex":0},"up":{"uv":[10.625,7.25,11.25,6.5],"rotation":0,"texture":"#0","tintindex":0},"west":{"uv":[4.5,8.625,3.75,9.625],"rotation":0,"texture":"#0","tintindex":0}}},{"name":"cube","from":[5.39,9.845716,6.215],"to":[8.51,11.765717,9.934999],"rotation":{"angle":0.0,"axis":"x","origin":[4.783428,13.741247,4.6346817]},"faces":{"down":{"uv":[10.375,10.625,11.0,11.375],"rotation":0,"texture":"#0","tintindex":0},"east":{"uv":[7.625,12.5,6.875,12.875],"rotation":0,"texture":"#0","tintindex":0},"north":{"uv":[9.375,13.0,10.0,13.375],"rotation":0,"texture":"#0","tintindex":0},"south":{"uv":[10.0,13.0,9.375,13.375],"rotation":0,"texture":"#0","tintindex":0},"up":{"uv":[10.625,8.75,11.25,8.0],"rotation":0,"texture":"#0","tintindex":0},"west":{"uv":[7.625,12.5,6.875,12.875],"rotation":0,"texture":"#0","tintindex":0}}},{"name":"cube","from":[5.45,2.882852,6.2749996],"to":[7.85,6.482852,9.275],"rotation":{"angle":0.0,"axis":"x","origin":[4.783428,13.741247,4.6346817]},"faces":{"down":{"uv":[8.5,12.25,9.0,12.875],"rotation":0,"texture":"#0","tintindex":0},"east":{"uv":[10.875,0.0,11.5,0.75],"rotation":0,"texture":"#0","tintindex":0},"north":{"uv":[1.0,11.875,0.5,12.625],"rotation":0,"texture":"#0","tintindex":0},"south":{"uv":[1.0,11.875,0.5,12.625],"rotation":0,"texture":"#0","tintindex":0},"up":{"uv":[8.5,12.875,9.0,12.25],"rotation":0,"texture":"#0","tintindex":0},"west":{"uv":[11.5,0.0,10.875,0.75],"rotation":0,"texture":"#0","tintindex":0}}}],"display":{"head":{"translation":[0.0,-6.4,0.0],"rotation":[0.0,0.0,0.0],"scale":[3.8095,3.8095,3.8095]}}}