{"textures":{"0":"modelengine:entity/sm_artoriasknight"},"elements":[{"name":"cube","from":[7.6261725,3.0319943,6.79338],"to":[7.6261725,7.831994,9.19338],"rotation":{"angle":0.0,"axis":"x","origin":[7.6261725,5.779994,7.98738]},"faces":{"down":{"uv":[0.0,0.0,0.0,0.5],"rotation":0,"texture":"#0","tintindex":0},"east":{"uv":[5.875,10.5,6.375,11.5],"rotation":0,"texture":"#0","tintindex":0},"north":{"uv":[0.0,0.0,0.0,1.0],"rotation":0,"texture":"#0","tintindex":0},"south":{"uv":[0.0,0.0,0.0,1.0],"rotation":0,"texture":"#0","tintindex":0},"up":{"uv":[0.0,0.5,0.0,0.0],"rotation":0,"texture":"#0","tintindex":0},"west":{"uv":[6.375,10.5,5.875,11.5],"rotation":0,"texture":"#0","tintindex":0}}},{"name":"cube","from":[8.564487,3.032003,4.786106],"to":[8.564487,7.832003,6.8861065],"rotation":{"angle":0.0,"axis":"x","origin":[8.144487,5.7800026,5.674106]},"faces":{"down":{"uv":[0.0,0.0,0.0,0.5],"rotation":0,"texture":"#0","tintindex":0},"east":{"uv":[6.875,10.5,7.375,11.5],"rotation":0,"texture":"#0","tintindex":0},"north":{"uv":[0.0,0.0,0.0,1.0],"rotation":0,"texture":"#0","tintindex":0},"south":{"uv":[0.0,0.0,0.0,1.0],"rotation":0,"texture":"#0","tintindex":0},"up":{"uv":[0.0,0.5,0.0,0.0],"rotation":0,"texture":"#0","tintindex":0},"west":{"uv":[7.375,10.5,6.875,11.5],"rotation":0,"texture":"#0","tintindex":0}}},{"name":"cube","from":[7.3977613,3.032003,8.47795],"to":[7.3977613,7.832003,10.57795],"rotation":{"angle":0.0,"axis":"x","origin":[8.144487,5.7800026,8.523224]},"faces":{"down":{"uv":[0.0,0.5,0.0,0.0],"rotation":0,"texture":"#0","tintindex":0},"east":{"uv":[7.375,10.5,6.875,11.5],"rotation":0,"texture":"#0","tintindex":0},"north":{"uv":[0.0,0.0,0.0,1.0],"rotation":0,"texture":"#0","tintindex":0},"south":{"uv":[0.0,0.0,0.0,1.0],"rotation":0,"texture":"#0","tintindex":0},"up":{"uv":[0.0,0.0,0.0,0.5],"rotation":0,"texture":"#0","tintindex":0},"west":{"uv":[6.875,10.5,7.375,11.5],"rotation":0,"texture":"#0","tintindex":0}}}],"display":{"head":{"translation":[0.0,-6.4,0.0],"rotation":[0.0,0.0,0.0],"scale":[3.8095,3.8095,3.8095]}}}