{"textures":{"0":"modelengine:entity/sm_artoriasknight"},"elements":[{"name":"cube","from":[7.40437,6.67813,7.01077],"to":[8.595631,8.001867,10.18923],"rotation":{"angle":45.0,"axis":"x","origin":[8.0,7.4,8.6]},"faces":{"down":{"uv":[3.25,13.75,3.0,14.375],"rotation":0,"texture":"#0","tintindex":0},"east":{"uv":[10.5,2.0,11.125,2.25],"rotation":0,"texture":"#0","tintindex":0},"north":{"uv":[1.625,11.625,1.875,11.875],"rotation":0,"texture":"#0","tintindex":0},"south":{"uv":[12.5,11.375,12.75,11.625],"rotation":0,"texture":"#0","tintindex":0},"up":{"uv":[5.625,12.375,5.375,11.75],"rotation":0,"texture":"#0","tintindex":0},"west":{"uv":[13.75,0.0,14.375,0.25],"rotation":0,"texture":"#0","tintindex":0}}}],"display":{"head":{"translation":[0.0,-6.4,0.0],"rotation":[0.0,0.0,0.0],"scale":[3.8095,3.8095,3.8095]}}}