{"textures":{"0":"modelengine:entity/sm_artoriasknight"},"elements":[{"name":"cube","from":[7.2506,6.6506,7.1006002],"to":[8.749399,8.1494,12.4994],"rotation":{"angle":22.5,"axis":"x","origin":[8.0,5.6,9.2]},"faces":{"down":{"uv":[6.375,11.5,6.0,12.625],"rotation":0,"texture":"#0","tintindex":0},"east":{"uv":[11.25,8.375,12.375,8.75],"rotation":0,"texture":"#0","tintindex":0},"north":{"uv":[5.875,10.125,6.25,10.5],"rotation":0,"texture":"#0","tintindex":0},"south":{"uv":[7.375,10.5,7.75,10.875],"rotation":0,"texture":"#0","tintindex":0},"up":{"uv":[6.0,12.625,5.625,11.5],"rotation":0,"texture":"#0","tintindex":0},"west":{"uv":[11.375,4.5,12.5,4.875],"rotation":0,"texture":"#0","tintindex":0}}}],"display":{"head":{"translation":[0.0,-6.4,0.0],"rotation":[0.0,0.0,0.0],"scale":[3.8095,3.8095,3.8095]}}}