{"textures":{"0":"modelengine:entity/sm_artoriasknight"},"elements":[{"name":"cube","from":[7.33813,5.688129,7.1158895],"to":[8.66187,7.0118713,11.884111],"rotation":{"angle":45.0,"axis":"x","origin":[8.0,6.35,9.5]},"faces":{"down":{"uv":[0.5,12.625,0.25,13.625],"rotation":0,"texture":"#0","tintindex":0},"east":{"uv":[9.125,5.125,10.125,5.375],"rotation":0,"texture":"#0","tintindex":0},"north":{"uv":[9.875,9.0,10.125,9.25],"rotation":0,"texture":"#0","tintindex":0},"south":{"uv":[10.125,5.125,10.375,5.375],"rotation":0,"texture":"#0","tintindex":0},"up":{"uv":[0.25,13.625,0.0,12.625],"rotation":0,"texture":"#0","tintindex":0},"west":{"uv":[12.5,7.125,13.5,7.375],"rotation":0,"texture":"#0","tintindex":0}}}],"display":{"head":{"translation":[0.0,-6.4,0.0],"rotation":[0.0,0.0,0.0],"scale":[3.8095,3.8095,3.8095]}}}