{"textures":{"0":"modelengine:entity/herobrine","1":"modelengine:entity/herobrine_bits","2":"modelengine:entity/herobrine_shield"},"elements":[{"name":"herobrine_bits_5","from":[7.397,7.4390144,-2.2802896],"to":[8.0,8.042015,2.5437098],"rotation":{"angle":-22.5,"axis":"x","origin":[8.2985,12.131337,5.8607454]},"faces":{"down":{"uv":[5.5,4.0,5.75,6.0],"rotation":180,"texture":"#1","tintindex":0},"east":{"uv":[5.5,6.0,5.75,4.0],"rotation":270,"texture":"#1","tintindex":0},"north":{"uv":[5.75,4.0,5.5,4.25],"rotation":90,"texture":"#1","tintindex":0},"south":{"uv":[5.5,5.75,5.75,6.0],"rotation":270,"texture":"#1","tintindex":0},"up":{"uv":[5.5,4.0,5.75,6.0],"rotation":0,"texture":"#1","tintindex":0},"west":{"uv":[5.5,4.0,5.75,6.0],"rotation":270,"texture":"#1","tintindex":0}}},{"name":"herobrine_bits_10","from":[7.397,6.8360147,-1.6772904],"to":[8.0,7.4390144,0.7347095],"rotation":{"angle":-22.5,"axis":"x","origin":[8.2985,12.131337,5.8607454]},"faces":{"down":{"uv":[5.25,4.25,5.5,5.25],"rotation":180,"texture":"#1","tintindex":0},"east":{"uv":[5.25,5.25,5.5,4.25],"rotation":270,"texture":"#1","tintindex":0},"north":{"uv":[5.5,4.25,5.25,4.5],"rotation":90,"texture":"#1","tintindex":0},"south":{"uv":[5.25,5.0,5.5,5.25],"rotation":270,"texture":"#1","tintindex":0},"up":{"uv":[5.25,4.25,5.5,5.25],"rotation":0,"texture":"#1","tintindex":0},"west":{"uv":[5.25,4.25,5.5,5.25],"rotation":270,"texture":"#1","tintindex":0}}},{"name":"herobrine_bits_15","from":[7.397,6.233015,-1.0742908],"to":[8.0,6.8360147,0.13170934],"rotation":{"angle":-22.5,"axis":"x","origin":[8.2985,12.131337,5.8607454]},"faces":{"down":{"uv":[5.0,4.5,5.25,5.0],"rotation":180,"texture":"#1","tintindex":0},"east":{"uv":[5.0,5.0,5.25,4.5],"rotation":270,"texture":"#1","tintindex":0},"north":{"uv":[5.25,4.5,5.0,4.75],"rotation":90,"texture":"#1","tintindex":0},"south":{"uv":[5.0,4.75,5.25,5.0],"rotation":270,"texture":"#1","tintindex":0},"up":{"uv":[5.0,4.5,5.25,5.0],"rotation":0,"texture":"#1","tintindex":0},"west":{"uv":[5.0,4.5,5.25,5.0],"rotation":270,"texture":"#1","tintindex":0}}},{"name":"herobrine_bits_6","from":[7.397,9.248014,-2.2802896],"to":[8.0,9.851015,1.9407096],"rotation":{"angle":-22.5,"axis":"x","origin":[8.2985,12.131337,5.8607454]},"faces":{"down":{"uv":[6.25,4.0,6.5,5.75],"rotation":180,"texture":"#1","tintindex":0},"east":{"uv":[6.25,5.75,6.5,4.0],"rotation":270,"texture":"#1","tintindex":0},"north":{"uv":[6.5,4.0,6.25,4.25],"rotation":90,"texture":"#1","tintindex":0},"south":{"uv":[6.25,5.5,6.5,5.75],"rotation":270,"texture":"#1","tintindex":0},"up":{"uv":[6.25,4.0,6.5,5.75],"rotation":0,"texture":"#1","tintindex":0},"west":{"uv":[6.25,4.0,6.5,5.75],"rotation":270,"texture":"#1","tintindex":0}}},{"name":"herobrine_bits_16","from":[7.397,9.851015,-1.0742908],"to":[8.0,10.454016,1.9407096],"rotation":{"angle":-22.5,"axis":"x","origin":[8.2985,12.131337,5.8607454]},"faces":{"down":{"uv":[6.5,4.5,6.75,5.75],"rotation":180,"texture":"#1","tintindex":0},"east":{"uv":[6.5,5.75,6.75,4.5],"rotation":270,"texture":"#1","tintindex":0},"north":{"uv":[6.75,4.5,6.5,4.75],"rotation":90,"texture":"#1","tintindex":0},"south":{"uv":[6.5,5.5,6.75,5.75],"rotation":270,"texture":"#1","tintindex":0},"up":{"uv":[6.5,4.5,6.75,5.75],"rotation":0,"texture":"#1","tintindex":0},"west":{"uv":[6.5,4.5,6.75,5.75],"rotation":270,"texture":"#1","tintindex":0}}},{"name":"herobrine_bits_27","from":[7.397,10.454016,0.13170934],"to":[8.0,11.057014,1.3377095],"rotation":{"angle":-22.5,"axis":"x","origin":[8.2985,12.131337,5.8607454]},"faces":{"down":{"uv":[6.75,5.0,7.0,5.5],"rotation":180,"texture":"#1","tintindex":0},"east":{"uv":[6.75,5.5,7.0,5.0],"rotation":270,"texture":"#1","tintindex":0},"north":{"uv":[7.0,5.0,6.75,5.25],"rotation":90,"texture":"#1","tintindex":0},"south":{"uv":[6.75,5.25,7.0,5.5],"rotation":270,"texture":"#1","tintindex":0},"up":{"uv":[6.75,5.0,7.0,5.5],"rotation":0,"texture":"#1","tintindex":0},"west":{"uv":[6.75,5.0,7.0,5.5],"rotation":270,"texture":"#1","tintindex":0}}},{"name":"herobrine_bits_39","from":[7.397,8.042015,1.3377095],"to":[8.0,8.645016,1.9407096],"rotation":{"angle":-22.5,"axis":"x","origin":[8.2985,12.131337,5.8607454]},"faces":{"down":{"uv":[5.75,5.5,6.0,5.75],"rotation":180,"texture":"#1","tintindex":0},"east":{"uv":[5.75,5.75,6.0,5.5],"rotation":270,"texture":"#1","tintindex":0},"north":{"uv":[6.0,5.5,5.75,5.75],"rotation":90,"texture":"#1","tintindex":0},"south":{"uv":[5.75,5.5,6.0,5.75],"rotation":270,"texture":"#1","tintindex":0},"up":{"uv":[5.75,5.5,6.0,5.75],"rotation":0,"texture":"#1","tintindex":0},"west":{"uv":[5.75,5.5,6.0,5.75],"rotation":270,"texture":"#1","tintindex":0}}},{"name":"herobrine_bits_38","from":[7.397,6.8360147,1.3377095],"to":[8.0,7.4390144,3.1467092],"rotation":{"angle":-22.5,"axis":"x","origin":[8.2985,12.131337,5.8607454]},"faces":{"down":{"uv":[5.25,5.5,5.5,6.25],"rotation":180,"texture":"#1","tintindex":0},"east":{"uv":[5.25,6.25,5.5,5.5],"rotation":270,"texture":"#1","tintindex":0},"north":{"uv":[5.5,5.5,5.25,5.75],"rotation":90,"texture":"#1","tintindex":0},"south":{"uv":[5.25,6.0,5.5,6.25],"rotation":270,"texture":"#1","tintindex":0},"up":{"uv":[5.25,5.5,5.5,6.25],"rotation":0,"texture":"#1","tintindex":0},"west":{"uv":[5.25,5.5,5.5,6.25],"rotation":270,"texture":"#1","tintindex":0}}},{"name":"herobrine_bits_43","from":[7.397,6.233015,1.9407096],"to":[8.0,6.8360147,3.7497096],"rotation":{"angle":-22.5,"axis":"x","origin":[8.2985,12.131337,5.8607454]},"faces":{"down":{"uv":[5.0,5.75,5.25,6.5],"rotation":180,"texture":"#1","tintindex":0},"east":{"uv":[5.0,6.5,5.25,5.75],"rotation":270,"texture":"#1","tintindex":0},"north":{"uv":[5.25,5.75,5.0,6.0],"rotation":90,"texture":"#1","tintindex":0},"south":{"uv":[5.0,6.25,5.25,6.5],"rotation":270,"texture":"#1","tintindex":0},"up":{"uv":[5.0,5.75,5.25,6.5],"rotation":0,"texture":"#1","tintindex":0},"west":{"uv":[5.0,5.75,5.25,6.5],"rotation":270,"texture":"#1","tintindex":0}}},{"name":"herobrine_bits_49","from":[7.397,5.630015,2.5437098],"to":[8.0,6.233015,4.3527093],"rotation":{"angle":-22.5,"axis":"x","origin":[8.2985,12.131337,5.8607454]},"faces":{"down":{"uv":[4.75,6.0,5.0,6.75],"rotation":180,"texture":"#1","tintindex":0},"east":{"uv":[4.75,6.75,5.0,6.0],"rotation":270,"texture":"#1","tintindex":0},"north":{"uv":[5.0,6.0,4.75,6.25],"rotation":90,"texture":"#1","tintindex":0},"south":{"uv":[4.75,6.5,5.0,6.75],"rotation":270,"texture":"#1","tintindex":0},"up":{"uv":[4.75,6.0,5.0,6.75],"rotation":0,"texture":"#1","tintindex":0},"west":{"uv":[4.75,6.0,5.0,6.75],"rotation":270,"texture":"#1","tintindex":0}}},{"name":"herobrine_bits_53","from":[7.397,5.0270147,3.1467092],"to":[8.0,5.630015,4.9557095],"rotation":{"angle":-22.5,"axis":"x","origin":[8.2985,12.131337,5.8607454]},"faces":{"down":{"uv":[4.5,6.25,4.75,7.0],"rotation":180,"texture":"#1","tintindex":0},"east":{"uv":[4.5,7.0,4.75,6.25],"rotation":270,"texture":"#1","tintindex":0},"north":{"uv":[4.75,6.25,4.5,6.5],"rotation":90,"texture":"#1","tintindex":0},"south":{"uv":[4.5,6.75,4.75,7.0],"rotation":270,"texture":"#1","tintindex":0},"up":{"uv":[4.5,6.25,4.75,7.0],"rotation":0,"texture":"#1","tintindex":0},"west":{"uv":[4.5,6.25,4.75,7.0],"rotation":270,"texture":"#1","tintindex":0}}},{"name":"herobrine_bits_58","from":[7.397,4.4240146,3.7497096],"to":[8.0,5.0270147,5.5587096],"rotation":{"angle":-22.5,"axis":"x","origin":[8.2985,12.131337,5.8607454]},"faces":{"down":{"uv":[4.25,6.5,4.5,7.25],"rotation":180,"texture":"#1","tintindex":0},"east":{"uv":[4.25,7.25,4.5,6.5],"rotation":270,"texture":"#1","tintindex":0},"north":{"uv":[4.5,6.5,4.25,6.75],"rotation":90,"texture":"#1","tintindex":0},"south":{"uv":[4.25,7.0,4.5,7.25],"rotation":270,"texture":"#1","tintindex":0},"up":{"uv":[4.25,6.5,4.5,7.25],"rotation":0,"texture":"#1","tintindex":0},"west":{"uv":[4.25,6.5,4.5,7.25],"rotation":270,"texture":"#1","tintindex":0}}},{"name":"herobrine_bits_61","from":[7.397,3.8210146,4.3527093],"to":[8.0,4.4240146,5.5587096],"rotation":{"angle":-22.5,"axis":"x","origin":[8.2985,12.131337,5.8607454]},"faces":{"down":{"uv":[4.0,6.75,4.25,7.25],"rotation":180,"texture":"#1","tintindex":0},"east":{"uv":[4.0,7.25,4.25,6.75],"rotation":270,"texture":"#1","tintindex":0},"north":{"uv":[4.25,6.75,4.0,7.0],"rotation":90,"texture":"#1","tintindex":0},"south":{"uv":[4.0,7.0,4.25,7.25],"rotation":270,"texture":"#1","tintindex":0},"up":{"uv":[4.0,6.75,4.25,7.25],"rotation":0,"texture":"#1","tintindex":0},"west":{"uv":[4.0,6.75,4.25,7.25],"rotation":270,"texture":"#1","tintindex":0}}},{"name":"herobrine_bits_1","from":[7.397,8.042015,-2.8832908],"to":[8.0,9.248014,1.3377095],"rotation":{"angle":-22.5,"axis":"x","origin":[8.2985,12.131337,5.8607454]},"faces":{"down":{"uv":[5.75,3.75,6.0,5.5],"rotation":180,"texture":"#1","tintindex":0},"east":{"uv":[5.75,5.5,6.25,3.75],"rotation":270,"texture":"#1","tintindex":0},"north":{"uv":[6.25,3.75,5.75,4.0],"rotation":90,"texture":"#1","tintindex":0},"south":{"uv":[5.75,5.25,6.25,5.5],"rotation":270,"texture":"#1","tintindex":0},"up":{"uv":[6.0,3.75,6.25,5.5],"rotation":0,"texture":"#1","tintindex":0},"west":{"uv":[5.75,3.75,6.25,5.5],"rotation":270,"texture":"#1","tintindex":0}}},{"name":"leftarm","from":[6.8059998,4.3999996,5.6],"to":[9.206,8.0,8.0],"rotation":{"angle":0.0,"axis":"x","origin":[4.3999996,-2.8000002,6.8]},"faces":{"down":{"uv":[6.0,8.0,5.0,9.0],"rotation":0,"texture":"#0","tintindex":0},"east":{"uv":[4.0,6.5,5.0,8.0],"rotation":0,"texture":"#0","tintindex":0},"north":{"uv":[3.0,6.5,4.0,8.0],"rotation":0,"texture":"#0","tintindex":0},"south":{"uv":[5.0,6.5,6.0,8.0],"rotation":0,"texture":"#0","tintindex":0},"up":{"uv":[9.0,5.5,8.0,4.5],"rotation":0,"texture":"#0","tintindex":0},"west":{"uv":[6.0,6.5,7.0,8.0],"rotation":0,"texture":"#0","tintindex":0}}}],"display":{"head":{"translation":[0.0,-6.4,0.0],"rotation":[0.0,0.0,0.0],"scale":[3.8095,3.8095,3.8095]}}}