{"textures":{"0":"modelengine:entity/herobrine","1":"modelengine:entity/herobrine_bits","2":"modelengine:entity/herobrine_shield"},"elements":[{"name":"herobrine_bits_56","from":[7.3970003,2.248999,1.444991],"to":[8.0,2.8519988,3.856991],"rotation":{"angle":-45.0,"axis":"x","origin":[4.6984997,6.186245,0.12695765]},"faces":{"down":{"uv":[12.75,6.25,13.0,7.25],"rotation":180,"texture":"#1","tintindex":0},"east":{"uv":[12.75,7.25,13.0,6.25],"rotation":270,"texture":"#1","tintindex":0},"north":{"uv":[13.0,6.25,12.75,6.5],"rotation":90,"texture":"#1","tintindex":0},"south":{"uv":[12.75,7.0,13.0,7.25],"rotation":270,"texture":"#1","tintindex":0},"up":{"uv":[12.75,6.25,13.0,7.25],"rotation":0,"texture":"#1","tintindex":0},"west":{"uv":[12.75,6.25,13.0,7.25],"rotation":270,"texture":"#1","tintindex":0}}},{"name":"herobrine_bits_65","from":[7.3970003,1.6459985,2.6509912],"to":[8.0,2.248999,4.4599915],"rotation":{"angle":-45.0,"axis":"x","origin":[4.6984997,6.186245,0.12695765]},"faces":{"down":{"uv":[12.5,6.75,12.75,7.5],"rotation":180,"texture":"#1","tintindex":0},"east":{"uv":[12.5,7.5,12.75,6.75],"rotation":270,"texture":"#1","tintindex":0},"north":{"uv":[12.75,6.75,12.5,7.0],"rotation":90,"texture":"#1","tintindex":0},"south":{"uv":[12.5,7.25,12.75,7.5],"rotation":270,"texture":"#1","tintindex":0},"up":{"uv":[12.5,6.75,12.75,7.5],"rotation":0,"texture":"#1","tintindex":0},"west":{"uv":[12.5,6.75,12.75,7.5],"rotation":270,"texture":"#1","tintindex":0}}},{"name":"herobrine_bits_68","from":[7.3970003,1.042999,3.2539914],"to":[8.0,1.6459985,5.062991],"rotation":{"angle":-45.0,"axis":"x","origin":[4.6984997,6.186245,0.12695765]},"faces":{"down":{"uv":[12.25,7.0,12.5,7.75],"rotation":180,"texture":"#1","tintindex":0},"east":{"uv":[12.25,7.75,12.5,7.0],"rotation":270,"texture":"#1","tintindex":0},"north":{"uv":[12.5,7.0,12.25,7.25],"rotation":90,"texture":"#1","tintindex":0},"south":{"uv":[12.25,7.5,12.5,7.75],"rotation":270,"texture":"#1","tintindex":0},"up":{"uv":[12.25,7.0,12.5,7.75],"rotation":0,"texture":"#1","tintindex":0},"west":{"uv":[12.25,7.0,12.5,7.75],"rotation":270,"texture":"#1","tintindex":0}}},{"name":"herobrine_bits_69","from":[7.3970003,0.43999887,3.856991],"to":[8.0,1.042999,5.062991],"rotation":{"angle":-45.0,"axis":"x","origin":[4.6984997,6.186245,0.12695765]},"faces":{"down":{"uv":[12.0,7.25,12.25,7.75],"rotation":180,"texture":"#1","tintindex":0},"east":{"uv":[12.0,7.75,12.25,7.25],"rotation":270,"texture":"#1","tintindex":0},"north":{"uv":[12.25,7.25,12.0,7.5],"rotation":90,"texture":"#1","tintindex":0},"south":{"uv":[12.0,7.5,12.25,7.75],"rotation":270,"texture":"#1","tintindex":0},"up":{"uv":[12.0,7.25,12.25,7.75],"rotation":0,"texture":"#1","tintindex":0},"west":{"uv":[12.0,7.25,12.25,7.75],"rotation":270,"texture":"#1","tintindex":0}}},{"name":"herobrine_bits_46","from":[7.3970003,3.4549987,0.23899078],"to":[8.0,4.0579987,4.4599915],"rotation":{"angle":-45.0,"axis":"x","origin":[4.6984997,6.186245,0.12695765]},"faces":{"down":{"uv":[13.25,5.75,13.5,7.5],"rotation":180,"texture":"#1","tintindex":0},"east":{"uv":[13.25,7.5,13.5,5.75],"rotation":270,"texture":"#1","tintindex":0},"north":{"uv":[13.5,5.75,13.25,6.0],"rotation":90,"texture":"#1","tintindex":0},"south":{"uv":[13.25,7.25,13.5,7.5],"rotation":270,"texture":"#1","tintindex":0},"up":{"uv":[13.25,5.75,13.5,7.5],"rotation":0,"texture":"#1","tintindex":0},"west":{"uv":[13.25,5.75,13.5,7.5],"rotation":270,"texture":"#1","tintindex":0}}},{"name":"herobrine_bits_51","from":[7.3970003,2.8519988,0.84199095],"to":[8.0,3.4549987,4.4599915],"rotation":{"angle":-45.0,"axis":"x","origin":[4.6984997,6.186245,0.12695765]},"faces":{"down":{"uv":[13.0,6.0,13.25,7.5],"rotation":180,"texture":"#1","tintindex":0},"east":{"uv":[13.0,7.5,13.25,6.0],"rotation":270,"texture":"#1","tintindex":0},"north":{"uv":[13.25,6.0,13.0,6.25],"rotation":90,"texture":"#1","tintindex":0},"south":{"uv":[13.0,7.25,13.25,7.5],"rotation":270,"texture":"#1","tintindex":0},"up":{"uv":[13.0,6.0,13.25,7.5],"rotation":0,"texture":"#1","tintindex":0},"west":{"uv":[13.0,6.0,13.25,7.5],"rotation":270,"texture":"#1","tintindex":0}}},{"name":"herobrine_bits_66","from":[7.3970003,4.0579987,2.6509912],"to":[8.0,4.660999,3.856991],"rotation":{"angle":-45.0,"axis":"x","origin":[4.6984997,6.186245,0.12695765]},"faces":{"down":{"uv":[13.5,6.75,13.75,7.25],"rotation":180,"texture":"#1","tintindex":0},"east":{"uv":[13.5,7.25,13.75,6.75],"rotation":270,"texture":"#1","tintindex":0},"north":{"uv":[13.75,6.75,13.5,7.0],"rotation":90,"texture":"#1","tintindex":0},"south":{"uv":[13.5,7.0,13.75,7.25],"rotation":270,"texture":"#1","tintindex":0},"up":{"uv":[13.5,6.75,13.75,7.25],"rotation":0,"texture":"#1","tintindex":0},"west":{"uv":[13.5,6.75,13.75,7.25],"rotation":270,"texture":"#1","tintindex":0}}},{"name":"herobrine_bits_41","from":[7.3970003,4.0579987,-0.36400914],"to":[8.0,4.660999,2.0479913],"rotation":{"angle":-45.0,"axis":"x","origin":[4.6984997,6.186245,0.12695765]},"faces":{"down":{"uv":[13.5,5.5,13.75,6.5],"rotation":180,"texture":"#1","tintindex":0},"east":{"uv":[13.5,6.5,13.75,5.5],"rotation":270,"texture":"#1","tintindex":0},"north":{"uv":[13.75,5.5,13.5,5.75],"rotation":90,"texture":"#1","tintindex":0},"south":{"uv":[13.5,6.25,13.75,6.5],"rotation":270,"texture":"#1","tintindex":0},"up":{"uv":[13.5,5.5,13.75,6.5],"rotation":0,"texture":"#1","tintindex":0},"west":{"uv":[13.5,5.5,13.75,6.5],"rotation":270,"texture":"#1","tintindex":0}}},{"name":"herobrine_bits_36","from":[7.3970003,4.660999,-0.9670086],"to":[8.0,5.263999,1.444991],"rotation":{"angle":-45.0,"axis":"x","origin":[4.6984997,6.186245,0.12695765]},"faces":{"down":{"uv":[13.75,5.25,14.0,6.25],"rotation":180,"texture":"#1","tintindex":0},"east":{"uv":[13.75,6.25,14.0,5.25],"rotation":270,"texture":"#1","tintindex":0},"north":{"uv":[14.0,5.25,13.75,5.5],"rotation":90,"texture":"#1","tintindex":0},"south":{"uv":[13.75,6.0,14.0,6.25],"rotation":270,"texture":"#1","tintindex":0},"up":{"uv":[13.75,5.25,14.0,6.25],"rotation":0,"texture":"#1","tintindex":0},"west":{"uv":[13.75,5.25,14.0,6.25],"rotation":270,"texture":"#1","tintindex":0}}},{"name":"herobrine_bits_31","from":[7.3970003,5.263999,-1.5700088],"to":[8.0,5.866999,0.84199095],"rotation":{"angle":-45.0,"axis":"x","origin":[4.6984997,6.186245,0.12695765]},"faces":{"down":{"uv":[14.0,5.0,14.25,6.0],"rotation":180,"texture":"#1","tintindex":0},"east":{"uv":[14.0,6.0,14.25,5.0],"rotation":270,"texture":"#1","tintindex":0},"north":{"uv":[14.25,5.0,14.0,5.25],"rotation":90,"texture":"#1","tintindex":0},"south":{"uv":[14.0,5.75,14.25,6.0],"rotation":270,"texture":"#1","tintindex":0},"up":{"uv":[14.0,5.0,14.25,6.0],"rotation":0,"texture":"#1","tintindex":0},"west":{"uv":[14.0,5.0,14.25,6.0],"rotation":270,"texture":"#1","tintindex":0}}},{"name":"herobrine_bits_24","from":[7.3970003,5.866999,-2.1730084],"to":[8.0,6.4699993,0.23899078],"rotation":{"angle":-45.0,"axis":"x","origin":[4.6984997,6.186245,0.12695765]},"faces":{"down":{"uv":[14.25,4.75,14.5,5.75],"rotation":180,"texture":"#1","tintindex":0},"east":{"uv":[14.25,5.75,14.5,4.75],"rotation":270,"texture":"#1","tintindex":0},"north":{"uv":[14.5,4.75,14.25,5.0],"rotation":90,"texture":"#1","tintindex":0},"south":{"uv":[14.25,5.5,14.5,5.75],"rotation":270,"texture":"#1","tintindex":0},"up":{"uv":[14.25,4.75,14.5,5.75],"rotation":0,"texture":"#1","tintindex":0},"west":{"uv":[14.25,4.75,14.5,5.75],"rotation":270,"texture":"#1","tintindex":0}}},{"name":"herobrine_bits_19","from":[7.3970003,6.4699993,-2.776009],"to":[8.0,7.072999,-0.36400914],"rotation":{"angle":-45.0,"axis":"x","origin":[4.6984997,6.186245,0.12695765]},"faces":{"down":{"uv":[14.5,4.5,14.75,5.5],"rotation":180,"texture":"#1","tintindex":0},"east":{"uv":[14.5,5.5,14.75,4.5],"rotation":270,"texture":"#1","tintindex":0},"north":{"uv":[14.75,4.5,14.5,4.75],"rotation":90,"texture":"#1","tintindex":0},"south":{"uv":[14.5,5.25,14.75,5.5],"rotation":270,"texture":"#1","tintindex":0},"up":{"uv":[14.5,4.5,14.75,5.5],"rotation":0,"texture":"#1","tintindex":0},"west":{"uv":[14.5,4.5,14.75,5.5],"rotation":270,"texture":"#1","tintindex":0}}},{"name":"herobrine_bits_13","from":[7.3970003,7.072999,-3.3790097],"to":[8.0,8.278999,-1.5700088],"rotation":{"angle":-45.0,"axis":"x","origin":[4.6984997,6.186245,0.12695765]},"faces":{"down":{"uv":[14.75,4.25,15.0,5.0],"rotation":180,"texture":"#1","tintindex":0},"east":{"uv":[14.75,5.0,15.25,4.25],"rotation":270,"texture":"#1","tintindex":0},"north":{"uv":[15.25,4.25,14.75,4.5],"rotation":90,"texture":"#1","tintindex":0},"south":{"uv":[14.75,4.75,15.25,5.0],"rotation":270,"texture":"#1","tintindex":0},"up":{"uv":[15.0,4.25,15.25,5.0],"rotation":0,"texture":"#1","tintindex":0},"west":{"uv":[14.75,4.25,15.25,5.0],"rotation":270,"texture":"#1","tintindex":0}}},{"name":"herobrine_bits_32","from":[7.3970003,7.072999,-1.5700088],"to":[8.0,7.6759987,-0.9670086],"rotation":{"angle":-45.0,"axis":"x","origin":[4.6984997,6.186245,0.12695765]},"faces":{"down":{"uv":[14.75,5.0,15.0,5.25],"rotation":180,"texture":"#1","tintindex":0},"east":{"uv":[14.75,5.25,15.0,5.0],"rotation":270,"texture":"#1","tintindex":0},"north":{"uv":[15.0,5.0,14.75,5.25],"rotation":90,"texture":"#1","tintindex":0},"south":{"uv":[14.75,5.0,15.0,5.25],"rotation":270,"texture":"#1","tintindex":0},"up":{"uv":[14.75,5.0,15.0,5.25],"rotation":0,"texture":"#1","tintindex":0},"west":{"uv":[14.75,5.0,15.0,5.25],"rotation":270,"texture":"#1","tintindex":0}}},{"name":"leftarm","from":[6.8059998,4.3999996,5.6],"to":[9.206,8.0,8.0],"rotation":{"angle":0.0,"axis":"x","origin":[4.3999996,-2.8000002,6.8]},"faces":{"down":{"uv":[6.0,8.0,5.0,9.0],"rotation":0,"texture":"#0","tintindex":0},"east":{"uv":[4.0,6.5,5.0,8.0],"rotation":0,"texture":"#0","tintindex":0},"north":{"uv":[3.0,6.5,4.0,8.0],"rotation":0,"texture":"#0","tintindex":0},"south":{"uv":[5.0,6.5,6.0,8.0],"rotation":0,"texture":"#0","tintindex":0},"up":{"uv":[9.0,5.5,8.0,4.5],"rotation":0,"texture":"#0","tintindex":0},"west":{"uv":[6.0,6.5,7.0,8.0],"rotation":0,"texture":"#0","tintindex":0}}}],"display":{"head":{"translation":[0.0,-6.4,0.0],"rotation":[0.0,0.0,0.0],"scale":[3.8095,3.8095,3.8095]}}}