{"textures":{"0":"modelengine:entity/herobrine","1":"modelengine:entity/herobrine_bits","2":"modelengine:entity/herobrine_shield"},"elements":[{"name":"leftarm","from":[6.8059998,4.3999996,5.6],"to":[9.206,8.0,8.0],"rotation":{"angle":0.0,"axis":"x","origin":[4.3999996,-2.8000002,6.8]},"faces":{"down":{"uv":[6.0,8.0,5.0,9.0],"rotation":0,"texture":"#0","tintindex":0},"east":{"uv":[4.0,6.5,5.0,8.0],"rotation":0,"texture":"#0","tintindex":0},"north":{"uv":[3.0,6.5,4.0,8.0],"rotation":0,"texture":"#0","tintindex":0},"south":{"uv":[5.0,6.5,6.0,8.0],"rotation":0,"texture":"#0","tintindex":0},"up":{"uv":[9.0,5.5,8.0,4.5],"rotation":0,"texture":"#0","tintindex":0},"west":{"uv":[6.0,6.5,7.0,8.0],"rotation":0,"texture":"#0","tintindex":0}}},{"name":"leftarm","from":[6.2060003,6.2,5.0],"to":[9.206,8.0,8.6],"rotation":{"angle":0.0,"axis":"x","origin":[4.3999996,-2.8000002,6.8]},"faces":{"down":{"uv":[7.0,1.5,5.75,3.0],"rotation":0,"texture":"#2","tintindex":0},"east":{"uv":[6.25,3.0,7.75,3.75],"rotation":0,"texture":"#2","tintindex":0},"north":{"uv":[6.25,4.5,7.5,5.25],"rotation":0,"texture":"#2","tintindex":0},"south":{"uv":[6.25,5.25,7.5,6.0],"rotation":0,"texture":"#2","tintindex":0},"up":{"uv":[7.0,1.5,5.75,0.0],"rotation":0,"texture":"#2","tintindex":0},"west":{"uv":[6.25,3.75,7.75,4.5],"rotation":0,"texture":"#2","tintindex":0}}},{"name":"leftarm","from":[9.206,2.6,0.7999997],"to":[9.806,11.0,14.6],"rotation":{"angle":0.0,"axis":"x","origin":[4.3999996,-2.8000002,6.8]},"faces":{"down":{"uv":[6.25,3.0,6.0,8.75],"rotation":0,"texture":"#2","tintindex":0},"east":{"uv":[0.0,0.0,5.75,3.5],"rotation":0,"texture":"#2","tintindex":0},"north":{"uv":[6.25,6.0,6.5,9.5],"rotation":0,"texture":"#2","tintindex":0},"south":{"uv":[6.5,6.0,6.75,9.5],"rotation":0,"texture":"#2","tintindex":0},"up":{"uv":[6.0,8.75,5.75,3.0],"rotation":0,"texture":"#2","tintindex":0},"west":{"uv":[0.0,3.5,5.75,7.0],"rotation":0,"texture":"#2","tintindex":0}}}],"display":{"head":{"translation":[0.0,-6.4,0.0],"rotation":[0.0,0.0,0.0],"scale":[3.8095,3.8095,3.8095]}}}