{"credit":"Made with Blockbench","texture_size":[64,64],"textures":{"0":"jackpot:item/custom/nuke","particle":"jackpot:item/custom/nuke"},"elements":[{"from":[5,5,-11.5],"to":[11,11,-9.5],"rotation":{"angle":45,"axis":"z","origin":[8,8,-2.25]},"faces":{"north":{"uv":[11.25,5,12.75,6.5],"texture":"#0"},"east":{"uv":[4.25,13.5,4.75,15],"texture":"#0"},"south":{"uv":[7.5,11.5,9,13],"texture":"#0"},"west":{"uv":[4.75,13.5,5.25,15],"texture":"#0"},"up":{"uv":[14.5,12,13,11.5],"texture":"#0"},"down":{"uv":[6.75,13.5,5.25,14],"texture":"#0"}}},{"from":[5,5,6.5],"to":[11,11,11.5],"rotation":{"angle":45,"axis":"z","origin":[8,8,-2.25]},"faces":{"north":{"uv":[11.5,9,13,10.5],"texture":"#0"},"east":{"uv":[11.5,12,12.75,13.5],"texture":"#0"},"south":{"uv":[11.5,10.5,13,12],"texture":"#0"},"west":{"uv":[12.25,6.5,13.5,8],"texture":"#0"},"up":{"uv":[3,13.75,1.5,12.5],"texture":"#0"},"down":{"uv":[14.25,5,12.75,6.25],"texture":"#0"}}},{"from":[5.70711,6,17.5],"to":[10.70711,11,20.5],"rotation":{"angle":45,"axis":"z","origin":[8.70711,8,-2.25]},"faces":{"north":{"uv":[12.75,12,14,13.25],"texture":"#0"},"east":{"uv":[13.25,3.75,14,5],"texture":"#0"},"south":{"uv":[7.5,13,8.75,14.25],"texture":"#0"},"west":{"uv":[12.75,13.25,13.5,14.5],"texture":"#0"},"up":{"uv":[4.75,11.25,3.5,10.5],"texture":"#0"},"down":{"uv":[4.25,13.5,3,14.25],"texture":"#0"}}},{"from":[8,0,6.5],"to":[8,16,19.5],"rotation":{"angle":0,"axis":"y","origin":[11,8,-2.25]},"faces":{"north":{"uv":[0,0,0,4],"texture":"#0"},"east":{"uv":[4,0,7.25,4],"texture":"#0"},"south":{"uv":[0,0,0,4],"texture":"#0"},"west":{"uv":[4,4,7.25,8],"texture":"#0"},"up":{"uv":[0,3.25,0,0],"texture":"#0"},"down":{"uv":[0,0,0,3.25],"texture":"#0"}}},{"from":[0,8,6.5],"to":[16,8,19.5],"rotation":{"angle":0,"axis":"y","origin":[8,8,13]},"faces":{"north":{"uv":[0,0,4,0],"texture":"#0"},"east":{"uv":[0,0,3.25,0],"texture":"#0"},"south":{"uv":[0,0,4,0],"texture":"#0"},"west":{"uv":[0,0,3.25,0],"texture":"#0"},"up":{"uv":[11.25,3.25,7.25,0],"texture":"#0"},"down":{"uv":[11.25,3.25,7.25,6.5],"texture":"#0"}}},{"from":[0,0,15.5],"to":[16,16,21.5],"rotation":{"angle":0,"axis":"y","origin":[8,8,13]},"faces":{"north":{"uv":[0,0,4,4],"texture":"#0"},"east":{"uv":[10,9,11.5,13],"texture":"#0"},"south":{"uv":[0,4,4,8],"texture":"#0"},"west":{"uv":[0,10.5,1.5,14.5],"texture":"#0"},"up":{"uv":[15.25,1.5,11.25,0],"texture":"#0"},"down":{"uv":[15.25,1.5,11.25,3],"texture":"#0"}}},{"from":[4,4,-9.5],"to":[12,12,-6.5],"rotation":{"angle":45,"axis":"z","origin":[8,8,-2.25]},"faces":{"north":{"uv":[1.5,10.5,3.5,12.5],"texture":"#0"},"east":{"uv":[9,11.5,9.75,13.5],"texture":"#0"},"south":{"uv":[11.25,3,13.25,5],"texture":"#0"},"west":{"uv":[13,8,13.75,10],"texture":"#0"},"up":{"uv":[7,8.75,5,8],"texture":"#0"},"down":{"uv":[15,10,13,10.75],"texture":"#0"}}},{"from":[4,4,3.5],"to":[12,12,6.5],"rotation":{"angle":45,"axis":"z","origin":[8,8,-2.25]},"faces":{"north":{"uv":[3.5,11.5,5.5,13.5],"texture":"#0"},"east":{"uv":[9.75,13,10.5,15],"texture":"#0"},"south":{"uv":[5.5,11.5,7.5,13.5],"texture":"#0"},"west":{"uv":[10.5,13,11.25,15],"texture":"#0"},"up":{"uv":[15,11.5,13,10.75],"texture":"#0"},"down":{"uv":[15.25,3,13.25,3.75],"texture":"#0"}}},{"from":[3,3,-6.5],"to":[13,13,3.5],"rotation":{"angle":45,"axis":"z","origin":[8,8,-2.25]},"faces":{"north":{"uv":[7.25,6.5,9.75,9],"texture":"#0"},"east":{"uv":[0,8,2.5,10.5],"texture":"#0"},"south":{"uv":[2.5,8,5,10.5],"texture":"#0"},"west":{"uv":[5,9,7.5,11.5],"texture":"#0"},"up":{"uv":[10,11.5,7.5,9],"texture":"#0"},"down":{"uv":[12.25,6.5,9.75,9],"texture":"#0"}}}],"display":{"thirdperson_righthand":{"rotation":[101.75,0,0],"scale":[0.5,0.5,0.5]},"thirdperson_lefthand":{"rotation":[101.75,0,0],"scale":[0.5,0.5,0.5]},"firstperson_righthand":{"rotation":[59.75,0,0]},"firstperson_lefthand":{"rotation":[59.75,0,0]},"ground":{"translation":[0,2.5,0],"scale":[0.48438,0.48438,0.48438]},"gui":{"rotation":[90,-45,0],"translation":[-0.75,-0.75,0],"scale":[0.45,1,0.5]}}}