{"credit":"Made with Blockbench","texture_size":[32,32],"textures":{"1":"jackpot:item/custom/rpg"},"elements":[{"from":[7.37024,7.37024,-16],"to":[8.62976,8.62976,-13.63447],"rotation":{"angle":45,"axis":"z","origin":[8,8,6.71563]},"faces":{"north":{"uv":[10,5.5,10.5,6],"texture":"#1"},"east":{"uv":[7,3.5,8,4],"texture":"#1"},"south":{"uv":[13.5,10.5,14,11],"texture":"#1"},"west":{"uv":[9,5.5,10,6],"texture":"#1"},"up":{"uv":[10,12.5,9.5,11.5],"texture":"#1"},"down":{"uv":[14,3,13.5,4],"texture":"#1"}}},{"from":[7.05536,7.05536,-13.67285],"to":[8.94464,8.94464,-9.89429],"rotation":{"angle":45,"axis":"z","origin":[8,8,6.71563]},"faces":{"north":{"uv":[11.5,0,12.5,1],"texture":"#1"},"east":{"uv":[9,4.5,11,5.5],"texture":"#1"},"south":{"uv":[11.5,1,12.5,2],"texture":"#1"},"west":{"uv":[9,6.5,11,7.5],"texture":"#1"},"up":{"uv":[4,11,3,9],"texture":"#1"},"down":{"uv":[10,7.5,9,9.5],"texture":"#1"}}},{"from":[6.74048,6.74048,-9.89429],"to":[9.25952,9.25952,-6.74549],"rotation":{"angle":45,"axis":"z","origin":[8,8,6.71563]},"faces":{"north":{"uv":[6,4.5,7.5,6],"texture":"#1"},"east":{"uv":[7,2,8.5,3.5],"texture":"#1"},"south":{"uv":[7.5,4.5,9,6],"texture":"#1"},"west":{"uv":[8.5,2.5,10,4],"texture":"#1"},"up":{"uv":[6.5,10,5,8.5],"texture":"#1"},"down":{"uv":[8,8.5,6.5,10],"texture":"#1"}}},{"from":[7.05536,7.05536,-6.74549],"to":[8.94464,8.94464,-4.85621],"rotation":{"angle":45,"axis":"z","origin":[8,8,6.71563]},"faces":{"north":{"uv":[11.5,10.5,12.5,11.5],"texture":"#1"},"east":{"uv":[11.5,11.5,12.5,12.5],"texture":"#1"},"south":{"uv":[12,2,13,3],"texture":"#1"},"west":{"uv":[12,3,13,4],"texture":"#1"},"up":{"uv":[6,13,5,12],"texture":"#1"},"down":{"uv":[13,7.5,12,8.5],"texture":"#1"}}},{"from":[7.37024,7.37024,-4.85621],"to":[8.62976,8.62976,8.03307],"rotation":{"angle":45,"axis":"z","origin":[8,8,6.71563]},"faces":{"north":{"uv":[8,3.5,8.5,4],"texture":"#1"},"east":{"uv":[4,6,10.5,6.5],"texture":"#1"},"south":{"uv":[9.5,2,10,2.5],"texture":"#1"},"west":{"uv":[6,4,12.5,4.5],"texture":"#1"},"up":{"uv":[4.5,13,4,6.5],"texture":"#1"},"down":{"uv":[5,6.5,4.5,13],"texture":"#1"}}},{"from":[7.05536,7.05536,-2.96693],"to":[8.94464,8.94464,6.55819],"rotation":{"angle":45,"axis":"z","origin":[8,8,6.71563]},"faces":{"north":{"uv":[0,12.5,1,13.5],"texture":"#1"},"east":{"uv":[0,0,5,1],"texture":"#1"},"south":{"uv":[12.5,0,13.5,1],"texture":"#1"},"west":{"uv":[0,1,5,2],"texture":"#1"},"up":{"uv":[1,7,0,2],"texture":"#1"},"down":{"uv":[2,2,1,7],"texture":"#1"}}},{"from":[6.85856,6.85856,6.55819],"to":[9.14144,9.14144,16.08331],"rotation":{"angle":45,"axis":"z","origin":[8,8,6.40075]},"faces":{"north":{"uv":[12.5,1,13.5,2],"texture":"#1"},"east":{"uv":[2,2,7,3],"texture":"#1"},"south":{"uv":[12.5,5.5,13.5,6.5],"texture":"#1"},"west":{"uv":[2,3,7,4],"texture":"#1"},"up":{"uv":[3,9,2,4],"texture":"#1"},"down":{"uv":[4,4,3,9],"texture":"#1"}}},{"from":[7.05536,7.05536,16.08331],"to":[8.94464,8.94464,19.70443],"rotation":{"angle":45,"axis":"z","origin":[8,8,6.08587]},"faces":{"north":{"uv":[6,12.5,7,13.5],"texture":"#1"},"east":{"uv":[9.5,0,11.5,1],"texture":"#1"},"south":{"uv":[12.5,6.5,13.5,7.5],"texture":"#1"},"west":{"uv":[9.5,1,11.5,2],"texture":"#1"},"up":{"uv":[9,11,8,9],"texture":"#1"},"down":{"uv":[10,9.5,9,11.5],"texture":"#1"}}},{"from":[7.25216,7.25216,19.70443],"to":[8.74784,8.74784,26.03155],"rotation":{"angle":45,"axis":"z","origin":[8,8,5.77099]},"faces":{"north":{"uv":[13.5,11,14,11.5],"texture":"#1"},"east":{"uv":[11,4.5,14,5],"texture":"#1"},"south":{"uv":[11.5,13.5,12,14],"texture":"#1"},"west":{"uv":[11,5,14,5.5],"texture":"#1"},"up":{"uv":[3.5,14,3,11],"texture":"#1"},"down":{"uv":[4,11,3.5,14],"texture":"#1"}}},{"from":[6.93236,6.93236,25.92331],"to":[9.06764,9.06764,28.31443],"rotation":{"angle":45,"axis":"z","origin":[8,8,6.08587]},"faces":{"north":{"uv":[7,12.5,8,13.5],"texture":"#1"},"east":{"uv":[12.5,8.5,13.5,9.5],"texture":"#1"},"south":{"uv":[9.5,12.5,10.5,13.5],"texture":"#1"},"west":{"uv":[12.5,10.5,13.5,11.5],"texture":"#1"},"up":{"uv":[12.5,13.5,11.5,12.5],"texture":"#1"},"down":{"uv":[13.5,11.5,12.5,12.5],"texture":"#1"}}},{"from":[6.56336,6.56336,28.31443],"to":[9.43664,9.43664,30.58255],"rotation":{"angle":45,"axis":"z","origin":[8,8,5.77099]},"faces":{"north":{"uv":[0,9,1.5,10.5],"texture":"#1"},"east":{"uv":[6,11,7,12.5],"texture":"#1"},"south":{"uv":[1.5,9,3,10.5],"texture":"#1"},"west":{"uv":[7,11,8,12.5],"texture":"#1"},"up":{"uv":[12.5,7.5,11,6.5],"texture":"#1"},"down":{"uv":[12.5,8.5,11,9.5],"texture":"#1"}}},{"from":[5.94836,5.94836,30.58255],"to":[10.05164,10.05164,31.12867],"rotation":{"angle":45,"axis":"z","origin":[8,8,1.88911]},"faces":{"north":{"uv":[4,4,6,6],"texture":"#1"},"east":{"uv":[1.5,7,2,9],"texture":"#1"},"south":{"uv":[5,0,7,2],"texture":"#1"},"west":{"uv":[10.5,12.5,11,14.5],"texture":"#1"},"up":{"uv":[14.5,4.5,12.5,4],"texture":"#1"},"down":{"uv":[14.5,12.5,12.5,13],"texture":"#1"}}},{"from":[8.35,4.05536,0.50795],"to":[8.35,7.94464,3.03307],"rotation":{"angle":0,"axis":"y","origin":[7.05536,8,7.19051]},"faces":{"north":{"uv":[0,0,0,2],"texture":"#1"},"east":{"uv":[5,6.5,6.5,8.5],"texture":"#1"},"south":{"uv":[0,0,0,2],"texture":"#1"},"west":{"uv":[6.5,6.5,8,8.5],"texture":"#1"},"up":{"uv":[0,1.5,0,0],"texture":"#1"},"down":{"uv":[0,0,0,1.5],"texture":"#1"}}},{"from":[7.95536,0.16608,3.23307],"to":[8.74464,4.05536,5.35819],"rotation":{"angle":0,"axis":"y","origin":[8,8.11072,6.71563]},"faces":{"north":{"uv":[13,2,13.5,4],"texture":"#1"},"east":{"uv":[10,2,11,4],"texture":"#1"},"south":{"uv":[4,13,4.5,15],"texture":"#1"},"west":{"uv":[5,10,6,12],"texture":"#1"},"up":{"uv":[14,9.5,13.5,8.5],"texture":"#1"},"down":{"uv":[10,13.5,9.5,14.5],"texture":"#1"}}},{"from":[7.75536,4.05536,3.03307],"to":[8.94464,7.94464,5.55819],"rotation":{"angle":0,"axis":"y","origin":[8,8,6.71563]},"faces":{"north":{"uv":[4.5,13,5,15],"texture":"#1"},"east":{"uv":[0,7,1.5,9],"texture":"#1"},"south":{"uv":[5,13,5.5,15],"texture":"#1"},"west":{"uv":[7,0,8.5,2],"texture":"#1"},"up":{"uv":[6.5,15,6,13.5],"texture":"#1"},"down":{"uv":[7,13.5,6.5,15],"texture":"#1"}}},{"from":[6.95536,2.16608,9.73307],"to":[7.74464,7.05536,11.85819],"rotation":{"angle":0,"axis":"y","origin":[8,8.11072,6.71563]},"faces":{"north":{"uv":[8,11,8.5,13.5],"texture":"#1"},"east":{"uv":[8,6.5,9,9],"texture":"#1"},"south":{"uv":[8.5,11,9,13.5],"texture":"#1"},"west":{"uv":[8.5,0,9.5,2.5],"texture":"#1"},"up":{"uv":[14,10.5,13.5,9.5],"texture":"#1"},"down":{"uv":[10.5,13.5,10,14.5],"texture":"#1"}}},{"from":[6.75536,7.05536,8.03307],"to":[7.94464,7.94464,12.55819],"rotation":{"angle":0,"axis":"y","origin":[8,8,6.71563]},"faces":{"north":{"uv":[13.5,11.5,14,12],"texture":"#1"},"east":{"uv":[11,9.5,13.5,10],"texture":"#1"},"south":{"uv":[12,13.5,12.5,14],"texture":"#1"},"west":{"uv":[11,10,13.5,10.5],"texture":"#1"},"up":{"uv":[11.5,13,11,10.5],"texture":"#1"},"down":{"uv":[1.5,11.5,1,14],"texture":"#1"}}},{"from":[6.35536,9.05536,-1.96693],"to":[8.24464,10.94464,1.55819],"rotation":{"angle":0,"axis":"y","origin":[8,8,6.71563]},"faces":{"north":{"uv":[13,7.5,14,8.5],"texture":"#1"},"east":{"uv":[6,10,8,11],"texture":"#1"},"south":{"uv":[12.5,13,13.5,14],"texture":"#1"},"west":{"uv":[10,7.5,12,8.5],"texture":"#1"},"up":{"uv":[11,10.5,10,8.5],"texture":"#1"},"down":{"uv":[1,10.5,0,12.5],"texture":"#1"}}},{"from":[6.65536,9.05536,-1.16693],"to":[7.04464,12.94464,-1.16693],"rotation":{"angle":0,"axis":"y","origin":[8,8,6.71563]},"faces":{"north":{"uv":[5.5,13,6,15],"texture":"#1"},"east":{"uv":[0,0,0,2],"texture":"#1"},"south":{"uv":[11,13,11.5,15],"texture":"#1"},"west":{"uv":[0,0,0,2],"texture":"#1"},"up":{"uv":[0.5,0,0,0],"texture":"#1"},"down":{"uv":[0.5,0,0,0],"texture":"#1"}}},{"from":[7.25536,9.05536,-1.2],"to":[7.34464,12.24464,-1.2],"rotation":{"angle":0,"axis":"y","origin":[8,8,6.71563]},"faces":{"north":{"uv":[7,13.5,7.5,15],"texture":"#1"},"east":{"uv":[0,0,0,1.5],"texture":"#1"},"south":{"uv":[7.5,13.5,8,15],"texture":"#1"},"west":{"uv":[0,0,0,1.5],"texture":"#1"},"up":{"uv":[0.5,0,0,0],"texture":"#1"},"down":{"uv":[0.5,0,0,0],"texture":"#1"}}},{"from":[6.35536,9.35536,9.63307],"to":[6.84464,14.24464,9.63307],"rotation":{"angle":0,"axis":"y","origin":[8,8,6.71563]},"faces":{"north":{"uv":[1.5,11.5,2,14],"texture":"#1"},"east":{"uv":[0,0,0,2.5],"texture":"#1"},"south":{"uv":[2,11.5,2.5,14],"texture":"#1"},"west":{"uv":[0,0,0,2.5],"texture":"#1"},"up":{"uv":[0.5,0,0,0],"texture":"#1"},"down":{"uv":[0.5,0,0,0],"texture":"#1"}}},{"from":[6.35536,9.35536,7.03307],"to":[8.24464,11.24464,10.55819],"rotation":{"angle":0,"axis":"y","origin":[8,8,6.71563]},"faces":{"north":{"uv":[0,13.5,1,14.5],"texture":"#1"},"east":{"uv":[1,10.5,3,11.5],"texture":"#1"},"south":{"uv":[13.5,0,14.5,1],"texture":"#1"},"west":{"uv":[10.5,5.5,12.5,6.5],"texture":"#1"},"up":{"uv":[11,12.5,10,10.5],"texture":"#1"},"down":{"uv":[12,2,11,4],"texture":"#1"}}},{"from":[7.75536,9.35536,9.63307],"to":[8.24464,14.24464,9.63307],"rotation":{"angle":0,"axis":"y","origin":[8,8,6.71563]},"faces":{"north":{"uv":[2.5,11.5,3,14],"texture":"#1"},"east":{"uv":[0,0,0,2.5],"texture":"#1"},"south":{"uv":[9,11.5,9.5,14],"texture":"#1"},"west":{"uv":[0,0,0,2.5],"texture":"#1"},"up":{"uv":[0.5,0,0,0],"texture":"#1"},"down":{"uv":[0.5,0,0,0],"texture":"#1"}}},{"from":[6.84464,9.35536,9.63307],"to":[7.75536,10.84464,9.63307],"rotation":{"angle":0,"axis":"y","origin":[8,8,6.71563]},"faces":{"north":{"uv":[13.5,12,14,12.5],"texture":"#1"},"east":{"uv":[0,0,0,0.5],"texture":"#1"},"south":{"uv":[13.5,13,14,13.5],"texture":"#1"},"west":{"uv":[0,0,0,0.5],"texture":"#1"},"up":{"uv":[0.5,0,0,0],"texture":"#1"},"down":{"uv":[0.5,0,0,0],"texture":"#1"}}},{"from":[6.84464,13.75536,9.63307],"to":[7.75536,14.24464,9.63307],"rotation":{"angle":0,"axis":"y","origin":[8,8,6.71563]},"faces":{"north":{"uv":[13.5,13.5,14,14],"texture":"#1"},"east":{"uv":[0,0,0,0.5],"texture":"#1"},"south":{"uv":[1,14,1.5,14.5],"texture":"#1"},"west":{"uv":[0,0,0,0.5],"texture":"#1"},"up":{"uv":[0.5,0,0,0],"texture":"#1"},"down":{"uv":[0.5,0,0,0],"texture":"#1"}}},{"from":[7.55536,9.05536,-1.16693],"to":[7.94464,12.94464,-1.16693],"rotation":{"angle":0,"axis":"y","origin":[8,8,6.71563]},"faces":{"north":{"uv":[13.5,1,14,3],"texture":"#1"},"east":{"uv":[0,0,0,2],"texture":"#1"},"south":{"uv":[13.5,5.5,14,7.5],"texture":"#1"},"west":{"uv":[0,0,0,2],"texture":"#1"},"up":{"uv":[0.5,0,0,0],"texture":"#1"},"down":{"uv":[0.5,0,0,0],"texture":"#1"}}},{"from":[7.04464,9.05536,-1.16693],"to":[7.55536,11.84464,-1.16693],"rotation":{"angle":0,"axis":"y","origin":[7.98928,8,6.71563]},"faces":{"north":{"uv":[8,13.5,8.5,15],"texture":"#1"},"east":{"uv":[0,0,0,1.5],"texture":"#1"},"south":{"uv":[8.5,13.5,9,15],"texture":"#1"},"west":{"uv":[0,0,0,1.5],"texture":"#1"},"up":{"uv":[0.5,0,0,0],"texture":"#1"},"down":{"uv":[0.5,0,0,0],"texture":"#1"}}},{"from":[7.04464,12.55536,-1.16693],"to":[7.55536,12.94464,-1.16693],"rotation":{"angle":0,"axis":"y","origin":[7.98928,8,6.71563]},"faces":{"north":{"uv":[14,1,14.5,1.5],"texture":"#1"},"east":{"uv":[0,0,0,0.5],"texture":"#1"},"south":{"uv":[1.5,14,2,14.5],"texture":"#1"},"west":{"uv":[0,0,0,0.5],"texture":"#1"},"up":{"uv":[0.5,0,0,0],"texture":"#1"},"down":{"uv":[0.5,0,0,0],"texture":"#1"}}}],"display":{"thirdperson_righthand":{"translation":[0,1.75,6],"scale":[0.8,0.8,0.8]},"thirdperson_lefthand":{"translation":[0,2.25,6],"scale":[0.8,0.8,0.8]},"firstperson_righthand":{"rotation":[3,5,0],"translation":[0,3.75,0]},"firstperson_lefthand":{"rotation":[3,5,0],"translation":[0,3.75,0]},"ground":{"rotation":[16.6,-2.44,-16.51]},"gui":{"rotation":[90,-45,90],"scale":[0.40117,0.40117,0.40117]}}}