{"credit":"Made with Blockbench","texture_size":[32,32],"textures":{"1":"jackpot:item/custom/rpg"},"elements":[{"from":[7.37024,7.37024,-3],"to":[8.62976,8.62976,-0.63447],"rotation":{"angle":45,"axis":"z","origin":[8,8,6.71563]},"faces":{"north":{"uv":[10,5.5,10.5,6],"texture":"#1"},"east":{"uv":[7,3.5,8,4],"texture":"#1"},"south":{"uv":[13.5,10.5,14,11],"texture":"#1"},"west":{"uv":[9,5.5,10,6],"texture":"#1"},"up":{"uv":[10,12.5,9.5,11.5],"texture":"#1"},"down":{"uv":[14,3,13.5,4],"texture":"#1"}}},{"from":[7.05536,7.05536,-0.67285],"to":[8.94464,8.94464,3.10571],"rotation":{"angle":45,"axis":"z","origin":[8,8,6.71563]},"faces":{"north":{"uv":[11.5,0,12.5,1],"texture":"#1"},"east":{"uv":[9,4.5,11,5.5],"texture":"#1"},"south":{"uv":[11.5,1,12.5,2],"texture":"#1"},"west":{"uv":[9,6.5,11,7.5],"texture":"#1"},"up":{"uv":[4,11,3,9],"texture":"#1"},"down":{"uv":[10,7.5,9,9.5],"texture":"#1"}}},{"from":[6.74048,6.74048,3.10571],"to":[9.25952,9.25952,6.25451],"rotation":{"angle":45,"axis":"z","origin":[8,8,6.71563]},"faces":{"north":{"uv":[6,4.5,7.5,6],"texture":"#1"},"east":{"uv":[7,2,8.5,3.5],"texture":"#1"},"south":{"uv":[7.5,4.5,9,6],"texture":"#1"},"west":{"uv":[8.5,2.5,10,4],"texture":"#1"},"up":{"uv":[6.5,10,5,8.5],"texture":"#1"},"down":{"uv":[8,8.5,6.5,10],"texture":"#1"}}},{"from":[7.05536,7.05536,6.25451],"to":[8.94464,8.94464,8.14379],"rotation":{"angle":45,"axis":"z","origin":[8,8,6.71563]},"faces":{"north":{"uv":[11.5,10.5,12.5,11.5],"texture":"#1"},"east":{"uv":[11.5,11.5,12.5,12.5],"texture":"#1"},"south":{"uv":[12,2,13,3],"texture":"#1"},"west":{"uv":[12,3,13,4],"texture":"#1"},"up":{"uv":[6,13,5,12],"texture":"#1"},"down":{"uv":[13,7.5,12,8.5],"texture":"#1"}}},{"from":[7.37024,7.37024,8.14379],"to":[8.62976,8.62976,21.03307],"rotation":{"angle":45,"axis":"z","origin":[8,8,6.71563]},"faces":{"north":{"uv":[8,3.5,8.5,4],"texture":"#1"},"east":{"uv":[4,6,10.5,6.5],"texture":"#1"},"south":{"uv":[9.5,2,10,2.5],"texture":"#1"},"west":{"uv":[6,4,12.5,4.5],"texture":"#1"},"up":{"uv":[4.5,13,4,6.5],"texture":"#1"},"down":{"uv":[5,6.5,4.5,13],"texture":"#1"}}}],"display":{"thirdperson_righthand":{"translation":[0,1.75,6],"scale":[0.8,0.8,0.8]},"thirdperson_lefthand":{"translation":[0,2.25,6],"scale":[0.8,0.8,0.8]},"firstperson_righthand":{"rotation":[3,5,0],"translation":[0,3.75,0]},"firstperson_lefthand":{"rotation":[3,5,0],"translation":[0,3.75,0]},"ground":{"rotation":[16.6,-2.44,-16.51]},"gui":{"rotation":[-133.69,46.39,120.03],"translation":[-0.5,0,0],"scale":[0.74609,0.74609,0.74609]}}}