{"textures":{"0":"modelengine:entity/pet_snowman_creeper","1":"modelengine:entity/pet_snowman"},"elements":[{"name":"cube","from":[5.6,5.8999996,5.6],"to":[10.4,10.1,10.4],"rotation":{"angle":0.0,"axis":"x","origin":[8.0,5.8999996,8.0]},"faces":{"down":{"uv":[3.95,4.05,0.05,7.95],"rotation":0,"texture":"#1","tintindex":0},"east":{"uv":[8.05,0.05,11.95,3.45],"rotation":0,"texture":"#1","tintindex":0},"north":{"uv":[0.05,8.05,3.95,11.45],"rotation":0,"texture":"#1","tintindex":0},"south":{"uv":[8.05,3.55,11.95,6.95],"rotation":0,"texture":"#1","tintindex":0},"up":{"uv":[3.95,3.95,0.05,0.05],"rotation":0,"texture":"#1","tintindex":0},"west":{"uv":[4.05,8.05,7.95,11.45],"rotation":0,"texture":"#1","tintindex":0}}}],"display":{"head":{"translation":[0.0,-6.4,0.0],"rotation":[0.0,0.0,0.0],"scale":[3.8095,3.8095,3.8095]}}}