{"textures":{"0":"modelengine:entity/herobrine","1":"modelengine:entity/herobrine_alex","2":"modelengine:entity/herobrine_steve","3":"modelengine:entity/herobrine_zombie"},"elements":[{"name":"leftleg","from":[6.7939997,4.3999996,8.0],"to":[8.894,8.0,10.1],"rotation":{"angle":0.0,"axis":"x","origin":[6.8,4.3999996,9.2]},"faces":{"down":{"uv":[8.0,8.0,7.0,9.0],"rotation":0,"texture":"#1","tintindex":0},"east":{"uv":[7.0,6.5,8.0,8.0],"rotation":0,"texture":"#1","tintindex":0},"north":{"uv":[7.0,5.0,8.0,6.5],"rotation":0,"texture":"#1","tintindex":0},"south":{"uv":[8.0,0.0,9.0,1.5],"rotation":0,"texture":"#1","tintindex":0},"up":{"uv":[9.0,7.5,8.0,6.5],"rotation":0,"texture":"#1","tintindex":0},"west":{"uv":[8.0,1.5,9.0,3.0],"rotation":0,"texture":"#1","tintindex":0}}}],"display":{"head":{"translation":[0.0,-6.4,0.0],"rotation":[0.0,0.0,0.0],"scale":[3.8095,3.8095,3.8095]}}}