{"textures":{"0":"modelengine:entity/herobrine","1":"modelengine:entity/herobrine_alex","2":"modelengine:entity/herobrine_steve","3":"modelengine:entity/herobrine_zombie"},"elements":[{"name":"leftleg","from":[6.8599997,4.3999996,6.8],"to":[8.96,8.0,8.9],"rotation":{"angle":0.0,"axis":"x","origin":[6.8599997,0.7999997,8.0]},"faces":{"down":{"uv":[1.0,8.5,0.0,9.5],"rotation":0,"texture":"#1","tintindex":0},"east":{"uv":[3.0,8.0,4.0,9.5],"rotation":0,"texture":"#1","tintindex":0},"north":{"uv":[2.0,8.0,3.0,9.5],"rotation":0,"texture":"#1","tintindex":0},"south":{"uv":[8.0,3.0,9.0,4.5],"rotation":0,"texture":"#1","tintindex":0},"up":{"uv":[9.0,8.5,8.0,7.5],"rotation":0,"texture":"#1","tintindex":0},"west":{"uv":[4.0,8.0,5.0,9.5],"rotation":0,"texture":"#1","tintindex":0}}}],"display":{"head":{"translation":[0.0,-6.4,0.0],"rotation":[0.0,0.0,0.0],"scale":[3.8095,3.8095,3.8095]}}}