{"textures":{"0":"modelengine:entity/herobrine","1":"modelengine:entity/herobrine_alex","2":"modelengine:entity/herobrine_steve","3":"modelengine:entity/herobrine_zombie"},"elements":[{"name":"leftarm","from":[6.7939997,4.3999996,5.6],"to":[8.894,8.0,7.7],"rotation":{"angle":0.0,"axis":"x","origin":[11.6,-2.8000002,6.8]},"faces":{"down":{"uv":[5.0,8.0,6.0,9.0],"rotation":0,"texture":"#1","tintindex":0},"east":{"uv":[7.0,6.5,6.0,8.0],"rotation":0,"texture":"#1","tintindex":0},"north":{"uv":[4.0,6.5,3.0,8.0],"rotation":0,"texture":"#1","tintindex":0},"south":{"uv":[6.0,6.5,5.0,8.0],"rotation":0,"texture":"#1","tintindex":0},"up":{"uv":[8.0,5.5,9.0,4.5],"rotation":0,"texture":"#1","tintindex":0},"west":{"uv":[5.0,6.5,4.0,8.0],"rotation":0,"texture":"#1","tintindex":0}}}],"display":{"head":{"translation":[0.0,-6.4,0.0],"rotation":[0.0,0.0,0.0],"scale":[3.8095,3.8095,3.8095]}}}