{"textures":{"0":"modelengine:entity/red_crewmate_texture"},"elements":[{"name":"backpack","from":[5.6,5.6,8.3],"to":[10.4,10.4,10.1],"rotation":{"angle":0.0,"axis":"x","origin":[8.0,5.8999996,8.6]},"faces":{"down":{"uv":[7.0,8.25,5.0,9.0],"rotation":0,"texture":"#0","tintindex":0},"east":{"uv":[8.25,0.0,9.0,2.0],"rotation":0,"texture":"#0","tintindex":0},"north":{"uv":[5.5,4.0,7.5,6.0],"rotation":0,"texture":"#0","tintindex":0},"south":{"uv":[0.0,6.0,2.0,8.0],"rotation":0,"texture":"#0","tintindex":0},"up":{"uv":[10.25,3.0,8.25,2.25],"rotation":0,"texture":"#0","tintindex":0},"west":{"uv":[4.0,8.25,4.75,10.25],"rotation":0,"texture":"#0","tintindex":0}}},{"name":"backpack_outline","from":[10.58,10.58,10.280001],"to":[5.42,5.42,8.12],"rotation":{"angle":0.0,"axis":"x","origin":[8.0,5.8999996,8.6]},"faces":{"down":{"uv":[10.75,0.5,10.75,0.5],"rotation":180,"texture":"#0","tintindex":0},"east":{"uv":[10.75,0.5,10.75,0.5],"rotation":180,"texture":"#0","tintindex":0},"north":{"uv":[10.75,0.5,10.75,0.5],"rotation":180,"texture":"#0","tintindex":0},"south":{"uv":[10.75,0.5,10.75,0.5],"rotation":180,"texture":"#0","tintindex":0},"up":{"uv":[10.75,0.5,10.75,0.5],"rotation":180,"texture":"#0","tintindex":0},"west":{"uv":[10.75,0.5,10.75,0.5],"rotation":180,"texture":"#0","tintindex":0}}}],"display":{"head":{"translation":[0.0,-6.4,0.0],"rotation":[0.0,0.0,0.0],"scale":[3.8095,3.8095,3.8095]}}}