{"sources":[{"type":"directory","source":"entity","prefix":"entity/"},{"type":"directory","source":"item","prefix":"item/"},{"type":"directory","source":"models","prefix":"models/"},{"type":"directory","source":"christmas_skill_texture","prefix":"christmas_skill_texture/"},{"type":"directory","source":"diamond_xmas","prefix":"diamond_xmas/"},{"type":"directory","source":"emojis","prefix":"emojis/"},{"type":"directory","source":"block","prefix":"block/"},{"type":"directory","source":"bb","prefix":"bb/"},{"type":"directory","source":"littleroom_aquaticpack","prefix":"littleroom_aquaticpack/"},{"type":"directory","source":"blockbench","prefix":"blockbench/"},{"type":"directory","source":"font","prefix":"font/"},{"type":"directory","source":"custom","prefix":"custom/"},{"type":"directory","source":"gui","prefix":"gui/"},{"type":"directory","source":"items","prefix":"items/"},{"type":"directory","source":"misc","prefix":"misc/"},{"type":"directory","source":"particle","prefix":"particle/"},{"type":"directory","source":"toffy","prefix":"toffy/"},{"type":"directory","source":"sled_race_pack","prefix":"sled_race_pack/"},{"type":"directory","source":"warden_set_armor","prefix":"warden_set_armor/"},{"type":"directory","source":"warden_set","prefix":"warden_set/"},{"type":"directory","source":"icons","prefix":"icons/"},{"type":"single","resource":"modelengine:entity/oar_fish"},{"type":"single","resource":"diamond_xmas:/diamond_xmas/iceshovel"},{"type":"single","resource":"modelengine:entity/cyan_crewmate_texture"},{"type":"single","resource":"yungwilder:warden_set_armor/warden_helmet"},{"type":"single","resource":"modelengine:entity/elf2"},{"type":"single","resource":"modelengine:entity/elf3"},{"type":"single","resource":"christmas:christmas_skill_texture/gift_box_1"},{"type":"single","resource":"christmas:christmas_skill_texture/gift_box_3"},{"type":"single","resource":"christmas:christmas_skill_texture/gift_box_2"},{"type":"single","resource":"modelengine:entity/pet_robotlumberjack"},{"type":"single","resource":"ores_and_more:purple_ore_block"},{"type":"single","resource":"modelengine:entity/pet_santa"},{"type":"single","resource":"ores_and_more:green_ore"},{"type":"single","resource":"modelengine:entity/zebra_turkey_fish"},{"type":"single","resource":"modelengine:entity/nocsy_pikachu_mouse"},{"type":"single","resource":"ores_and_more:raw_purple_ore_block"},{"type":"single","resource":"modelengine:entity/rpg_stone_golem"},{"type":"single","resource":"sled_race_pack:sled_race_pack/big_winter_tree"},{"type":"single","resource":"modelengine:entity/bluexmastree"},{"type":"single","resource":"modelengine:entity/poison_puddle"},{"type":"single","resource":"jackpot:bb/swaghili_drill"},{"type":"single","resource":"yungwilder:warden_set_armor/warden_leggings"},{"type":"single","resource":"modelengine:entity/nocsy_otter_v2"},{"type":"single","resource":"modelengine:entity/santa"},{"type":"single","resource":"modelengine:entity/nocsy_pet_reaper_bonnet"},{"type":"single","resource":"lootcrat_plus:rare/iron_box"},{"type":"single","resource":"modelengine:entity/pet_ghastling_portal"},{"type":"single","resource":"modelengine:entity/snowmanplushie"},{"type":"single","resource":"ores_and_more:raw_yellow_ore_block"},{"type":"single","resource":"toffy/xmasdecor/toffy_xmasdecor_basketanim"},{"type":"single","resource":"modelengine:entity/presentpink"},{"type":"single","resource":"_iainternal:icons/icon_arrow_chest"},{"type":"single","resource":"ores_and_more:green_ore_nugget"},{"type":"single","resource":"christmas:christmas_skill_texture/snowman"},{"type":"single","resource":"modelengine:entity/reindeer_spirit"},{"type":"single","resource":"diamond_xmas:/diamond_xmas/icesword"},{"type":"single","resource":"toffy/crates/toffy_crate_cinder"},{"type":"single","resource":"toffy/xmasdecor/toffy_xmasdecor_snowman"},{"type":"single","resource":"diamond_xmas:/diamond_xmas/stocking"},{"type":"single","resource":"jackpot:armor/toffy/orax_helmet"},{"type":"single","resource":"littleroom_aquaticpack:littleroom_aquaticpack/hammerhead_shark"},{"type":"single","resource":"modelengine:entity/mso_lava_lord"},{"type":"single","resource":"littleroom_aquaticpack:littleroom_aquaticpack/cooked_hammerheadshark"},{"type":"single","resource":"diamond_xmas:/diamond_xmas/candycane"},{"type":"single","resource":"lootcrat_plus:rare/emerald_box"},{"type":"single","resource":"modelengine:entity/viking_boss_door"},{"type":"single","resource":"ores_and_more:blue_ore_nugget"},{"type":"single","resource":"modelengine:entity/nocsy_pikachu_full"},{"type":"single","resource":"modelengine:entity/purple_crewmate_texture"},{"type":"single","resource":"modelengine:entity/rpg_skeleton"},{"type":"single","resource":"ores_and_more:raw_purple_ore"},{"type":"single","resource":"littleroom_aquaticpack:littleroom_aquaticpack/cooked_seahorse"},{"type":"single","resource":"items/armor/crown_of_undeath_2"},{"type":"single","resource":"littleroom_aquaticpack:littleroom_aquaticpack/barreleye_fish"},{"type":"single","resource":"littleroom_aquaticpack:littleroom_aquaticpack/sword_fish"},{"type":"single","resource":"ores_and_more:raw_blue_ore"},{"type":"single","resource":"modelengine:entity/shieldbreak"},{"type":"single","resource":"ores_and_more:orange_ore_deepslate"},{"type":"single","resource":"diamond_xmas:/diamond_xmas/antlers"},{"type":"single","resource":"jackpot:armor/toffy/orax_boots"},{"type":"single","resource":"modelengine:entity/rpg_zombie"},{"type":"single","resource":"lootcrat_plus:rare/gold_box"},{"type":"single","resource":"modelengine:entity/hammerhead_shark"},{"type":"single","resource":"yungwilder:warden_set_armor/warden_boots"},{"type":"single","resource":"modelengine:entity/sea_horse_pink"},{"type":"single","resource":"jackpot:armor/toffy/ruby_helmet"},{"type":"single","resource":"modelengine:entity/nocsy_pet_reaper_eye"},{"type":"single","resource":"jackpot:bb/rainbowsword"},{"type":"single","resource":"modelengine:entity/sea_horse_yellow"},{"type":"single","resource":"yungwilder:warden_set/warden_shield"},{"type":"single","resource":"modelengine:entity/white_crewmate_texture"},{"type":"single","resource":"modelengine:entity/invadership_dead"},{"type":"single","resource":"modelengine:entity/herobrine_shield"},{"type":"single","resource":"modelengine:entity/candy_cane"},{"type":"single","resource":"jackpot:bb/frostbite"},{"type":"single","resource":"diamond_xmas:/diamond_xmas/wreathpink"},{"type":"single","resource":"modelengine:entity/winter_sled_crimson"},{"type":"single","resource":"toffy/xmasdecor/toffy_xmasdecor_balloons"},{"type":"single","resource":"modelengine:entity/discord1"},{"type":"single","resource":"modelengine:entity/pet_rednose_wolf"},{"type":"single","resource":"modelengine:entity/discord2"},{"type":"single","resource":"modelengine:entity/herobrine"},{"type":"single","resource":"yungwilder:warden_set/warden_bow_arrow"},{"type":"single","resource":"modelengine:entity/rpg_skeleton_crossbow"},{"type":"single","resource":"jackpot:armor/toffy/orax_chestplate"},{"type":"single","resource":"modelengine:entity/viking_shield2"},{"type":"single","resource":"modelengine:entity/lime_crewmate_texture"},{"type":"single","resource":"modelengine:entity/ghost"},{"type":"single","resource":"modelengine:entity/invadershiplaser"},{"type":"single","resource":"modelengine:entity/goblintreasure"},{"type":"single","resource":"modelengine:entity/pink_crewmate_texture"},{"type":"single","resource":"littleroom_aquaticpack:littleroom_aquaticpack/seahorse_teal"},{"type":"single","resource":"modelengine:entity/barreleye_fish"},{"type":"single","resource":"modelengine:entity/goblinskeleton"},{"type":"single","resource":"modelengine:entity/viking_4"},{"type":"single","resource":"toffy/crates/toffy_key_cinder"},{"type":"single","resource":"modelengine:entity/viking_2"},{"type":"single","resource":"modelengine:entity/poison_slime_cube"},{"type":"single","resource":"modelengine:entity/viking_3"},{"type":"single","resource":"modelengine:entity/viking_1"},{"type":"single","resource":"modelengine:entity/pinkxmastree"},{"type":"single","resource":"modelengine:entity/football_fish"},{"type":"single","resource":"ores_and_more:purple_ore_nugget"},{"type":"single","resource":"ores_and_more:red_ore_block"},{"type":"single","resource":"modelengine:entity/techno"},{"type":"single","resource":"modelengine:entity/presentred"},{"type":"single","resource":"_iainternal:icons/icon_left_blue"},{"type":"single","resource":"modelengine:entity/yeti"},{"type":"single","resource":"modelengine:entity/winterbeast"},{"type":"single","resource":"toffy/crates/toffy_crate_purple"},{"type":"single","resource":"modelengine:entity/pet_ghastling"},{"type":"single","resource":"ores_and_more:red_ore_deepslate"},{"type":"single","resource":"modelengine:entity/pet_snowman_creeper"},{"type":"single","resource":"ores_and_more:blue_ore"},{"type":"single","resource":"jackpot:armor/toffy/amethyst_chestplate"},{"type":"single","resource":"toffy/xmasdecor/toffy_xmasdecor_socks"},{"type":"single","resource":"toffy/xmasdecor/toffy_xmasdecor_wreath"},{"type":"single","resource":"items/weapons/spear_of_hades"},{"type":"single","resource":"ores_and_more:yellow_ore_ingot"},{"type":"single","resource":"modelengine:entity/viking_decor3"},{"type":"single","resource":"modelengine:entity/viking_decor4"},{"type":"single","resource":"modelengine:entity/viking_decor2"},{"type":"single","resource":"modelengine:entity/blue_crewmate_texture"},{"type":"single","resource":"modelengine:entity/winter_sled_birch"},{"type":"single","resource":"modelengine:entity/wheelchair"},{"type":"single","resource":"modelengine:entity/elf"},{"type":"single","resource":"modelengine:entity/viking_head3"},{"type":"single","resource":"modelengine:entity/viking_head2"},{"type":"single","resource":"modelengine:entity/viking_head1"},{"type":"single","resource":"modelengine:entity/viking_head4"},{"type":"single","resource":"modelengine:entity/cutter"},{"type":"single","resource":"modelengine:entity/scorpion_baby"},{"type":"single","resource":"sled_race_pack:sled_race_pack/acacia_sled_item"},{"type":"single","resource":"modelengine:entity/orange_crewmate_texture"},{"type":"single","resource":"sled_race_pack:sled_race_pack/spruce_sled_item"},{"type":"single","resource":"christmas:christmas_skill_texture/evergreen"},{"type":"single","resource":"littleroom_aquaticpack:littleroom_aquaticpack/seahorse_red"},{"type":"single","resource":"modelengine:entity/rpg_bat"},{"type":"single","resource":"sled_race_pack:sled_race_pack/birch_sled_item"},{"type":"single","resource":"ores_and_more:green_ore_ingot"},{"type":"single","resource":"ores_and_more:pink_ore_deepslate"},{"type":"single","resource":"modelengine:entity/viking_rune_symbols"},{"type":"single","resource":"modelengine:entity/sm_artoriasknight"},{"type":"single","resource":"modelengine:entity/herobrine_alex"},{"type":"single","resource":"modelengine:entity/rpg_rat"},{"type":"single","resource":"yungwilder:warden_set/warden_bow"},{"type":"single","resource":"modelengine:entity/presentblue"},{"type":"single","resource":"lootcrat_plus:normal/amethyst_box"},{"type":"single","resource":"jackpot:bb/legendarykey"},{"type":"single","resource":"modelengine:entity/invader"},{"type":"single","resource":"modelengine:entity/viking_decor"},{"type":"single","resource":"ores_and_more:yellow_ore_block"},{"type":"single","resource":"jackpot:bb/votekey"},{"type":"single","resource":"items/spelleffects/boulder"},{"type":"single","resource":"modelengine:entity/reindeer"},{"type":"single","resource":"ores_and_more:green_ore_deepslate"},{"type":"single","resource":"ores_and_more:raw_pink_ore_block"},{"type":"single","resource":"ores_and_more:raw_pink_ore"},{"type":"single","resource":"modelengine:entity/goblinking"},{"type":"single","resource":"toffy/xmasdecor/toffy_xmasdecor_gift"},{"type":"single","resource":"littleroom_aquaticpack:littleroom_aquaticpack/cooked_oarfish"},{"type":"single","resource":"littleroom_aquaticpack:littleroom_aquaticpack/cooked_sardine"},{"type":"single","resource":"modelengine:entity/fish_school"},{"type":"single","resource":"littleroom_rpgpackvol1:rpg_skeleton_crossbow_bolt"},{"type":"single","resource":"modelengine:entity/nocsy_pet_reaper"},{"type":"single","resource":"modelengine:entity/goblin"},{"type":"single","resource":"ores_and_more:raw_red_ore"},{"type":"single","resource":"ores_and_more:orange_ore_block"},{"type":"single","resource":"modelengine:entity/jackpot"},{"type":"single","resource":"modelengine:entity/hammer"},{"type":"single","resource":"ores_and_more:purple_ore_ingot"},{"type":"single","resource":"modelengine:entity/cointoss"},{"type":"single","resource":"modelengine:entity/sea_horse_teal"},{"type":"single","resource":"jackpot:armor/toffy/onyx_boots"},{"type":"single","resource":"modelengine:entity/texture"},{"type":"single","resource":"toffy/xmasdecor/toffy_christmas_tree"},{"type":"single","resource":"custom/yungwilder/valentine_cupids_armory/cupids_bow"},{"type":"single","resource":"littleroom_aquaticpack:littleroom_aquaticpack/seahorse_pink"},{"type":"single","resource":"ores_and_more:blue_ore_ingot"},{"type":"single","resource":"modelengine:entity/jackpot_mc"},{"type":"single","resource":"modelengine:entity/pet_rednose"},{"type":"single","resource":"toffy/crates/toffy_key_viking"},{"type":"single","resource":"ores_and_more:yellow_ore"},{"type":"single","resource":"modelengine:entity/pumpkin3"},{"type":"single","resource":"modelengine:entity/rose_crewmate_texture"},{"type":"single","resource":"christmas:christmas_skill_texture/snow_owl"},{"type":"single","resource":"diamond_xmas:/diamond_xmas/pinkxmastree"},{"type":"single","resource":"ores_and_more:raw_orange_ore_block"},{"type":"single","resource":"modelengine:entity/nocsy_pikachu_cheeks"},{"type":"single","resource":"_iainternal:icons/icon_right_blue"},{"type":"single","resource":"modelengine:entity/xmastree"},{"type":"single","resource":"modelengine:entity/nautilus"},{"type":"single","resource":"jackpot:bb/swaghili_pickaxe"},{"type":"single","resource":"ores_and_more:raw_blue_ore_block"},{"type":"single","resource":"littleroom_aquaticpack:littleroom_aquaticpack/seahorse_yellow"},{"type":"single","resource":"jackpot:armor/toffy/amethyst_boots"},{"type":"single","resource":"diamond_xmas:/diamond_xmas/wreath"},{"type":"single","resource":"christmas:christmas_skill_texture/icon_gift_cannon"},{"type":"single","resource":"jackpot:bb/rainbowaxe"},{"type":"single","resource":"toffy/crates/toffy_crate_paladin"},{"type":"single","resource":"jackpot:armor/toffy/onyx_helmet"},{"type":"single","resource":"ores_and_more:silver_ore_deepslate"},{"type":"single","resource":"modelengine:entity/winter_sled_warped"},{"type":"single","resource":"toffy/crates/toffy_crate_black"},{"type":"single","resource":"jackpot:armor/toffy/amethyst_leggings"},{"type":"single","resource":"toffy/xmasdecor/toffy_xmasdecor_giftlarge"},{"type":"single","resource":"ores_and_more:red_ore_nugget"},{"type":"single","resource":"sled_race_pack:sled_race_pack/dark_oak_sled_item"},{"type":"single","resource":"ores_and_more:silver_ore_block"},{"type":"single","resource":"modelengine:entity/rpg_sand_golem"},{"type":"single","resource":"_iainternal:icons/icon_next_orange"},{"type":"single","resource":"ores_and_more:orange_ore"},{"type":"single","resource":"jackpot:models/armor/santa/toffy_santa_boots_icon"},{"type":"single","resource":"diamond_xmas:/diamond_xmas/wreathblue"},{"type":"single","resource":"diamond_xmas:/diamond_xmas/xmashat"},{"type":"single","resource":"modelengine:entity/viking_mace"},{"type":"single","resource":"sled_race_pack:sled_race_pack/winter_tree_decorated"},{"type":"single","resource":"modelengine:entity/pet_snowman"},{"type":"single","resource":"littleroom_aquaticpack:littleroom_aquaticpack/cooked_zebraturkeyfish"},{"type":"single","resource":"modelengine:entity/invaderweapons"},{"type":"single","resource":"toffy/crates/toffy_key_black"},{"type":"single","resource":"modelengine:entity/em_cursed_santa"},{"type":"single","resource":"ores_and_more:pink_ore_ingot"},{"type":"single","resource":"littleroom_aquaticpack:littleroom_aquaticpack/oarfish"},{"type":"single","resource":"modelengine:entity/pet_elf"},{"type":"single","resource":"modelengine:entity/winter_sled_acacia"},{"type":"single","resource":"modelengine:entity/em_rocket_launcher1"},{"type":"single","resource":"toffy/crates/toffy_key_purple"},{"type":"single","resource":"ores_and_more:pink_ore"},{"type":"single","resource":"ores_and_more:raw_silver_ore"},{"type":"single","resource":"_iainternal:icons/icon_cancel"},{"type":"single","resource":"yungwilder:warden_set/warden_fishing_rod"},{"type":"single","resource":"toffy/crates/toffy_key_blue"},{"type":"single","resource":"diamond_xmas:/diamond_xmas/icepickaxe"},{"type":"single","resource":"items/armor/crown_of_undeath"},{"type":"single","resource":"yungwilder:warden_set/warden_sword"},{"type":"single","resource":"ores_and_more:raw_green_ore"},{"type":"single","resource":"yungwilder:warden_set/warden_shovel"},{"type":"single","resource":"ores_and_more:raw_silver_ore_block"},{"type":"single","resource":"lootcrat_plus:normal/gold_box"},{"type":"single","resource":"modelengine:entity/sea_horse_red"},{"type":"single","resource":"sled_race_pack:sled_race_pack/jungle_sled_item"},{"type":"single","resource":"modelengine:entity/red_crewmate_texture"},{"type":"single","resource":"littleroom_aquaticpack:littleroom_aquaticpack/sardine"},{"type":"single","resource":"toffy/crates/toffy_crate_viking"},{"type":"single","resource":"diamond_xmas:/diamond_xmas/iceaxe"},{"type":"single","resource":"modelengine:entity/rpg_mushroom"},{"type":"single","resource":"modelengine:entity/lr_healthbar"},{"type":"single","resource":"modelengine:entity/pet_santa_gold"},{"type":"single","resource":"lootcrat_plus:rare/diamond_box"},{"type":"single","resource":"modelengine:entity/spineffect"},{"type":"single","resource":"christmas:christmas_skill_texture/icon_evergreen_heal"},{"type":"single","resource":"modelengine:entity/viking_axe"},{"type":"single","resource":"toffy/crates/toffy_key_red"},{"type":"single","resource":"modelengine:entity/invadership"},{"type":"single","resource":"modelengine:entity/scorpion_king"},{"type":"single","resource":"ores_and_more:yellow_ore_deepslate"},{"type":"single","resource":"ores_and_more:pink_ore_block"},{"type":"single","resource":"ores_and_more:raw_yellow_ore"},{"type":"single","resource":"modelengine:entity/full_backboard"},{"type":"single","resource":"jackpot:armor/toffy/onyx_chestplate"},{"type":"single","resource":"modelengine:entity/pet_gingerbreadman_variation"},{"type":"single","resource":"christmas:christmas_skill_texture/icon_candy_cane_smash"},{"type":"single","resource":"jackpot:bb/heart"},{"type":"single","resource":"littleroom_aquaticpack:littleroom_aquaticpack/seahorse_purple"},{"type":"single","resource":"ores_and_more:blue_ore_deepslate"},{"type":"single","resource":"modelengine:entity/chest"},{"type":"single","resource":"jackpot:bb/mythickey"},{"type":"single","resource":"modelengine:entity/santaplushie"},{"type":"single","resource":"ores_and_more:silver_ore"},{"type":"single","resource":"modelengine:entity/viking_stone_pile"},{"type":"single","resource":"yungwilder:warden_set/warden_hoe"},{"type":"single","resource":"diamond_xmas:/diamond_xmas/snowmanplushie"},{"type":"single","resource":"sled_race_pack:sled_race_pack/gift"},{"type":"single","resource":"yungwilder:warden_set/warden_pickaxe"},{"type":"single","resource":"ores_and_more:raw_orange_ore"},{"type":"single","resource":"toffy/xmasdecor/toffy_xmasdecor_santafigure"},{"type":"single","resource":"modelengine:entity/winter_sled_dark_oak"},{"type":"single","resource":"jackpot:bb/ivysword"},{"type":"single","resource":"ores_and_more:blue_ore_block"},{"type":"single","resource":"_iainternal:icons/icon_search"},{"type":"single","resource":"lootcrat_plus:normal/iron_box"},{"type":"single","resource":"sled_race_pack:sled_race_pack/crimson_sled_item"},{"type":"single","resource":"modelengine:entity/em_ssanta_present_green"},{"type":"single","resource":"christmas:christmas_skill_texture/santa_staff"},{"type":"single","resource":"modelengine:entity/grey_crewmate_texture"},{"type":"single","resource":"modelengine:entity/goblinshaman"},{"type":"single","resource":"ores_and_more:purple_ore_deepslate"},{"type":"single","resource":"modelengine:entity/viking_decor3_variation1"},{"type":"single","resource":"ores_and_more:purple_ore"},{"type":"single","resource":"modelengine:entity/manta_ray"},{"type":"single","resource":"modelengine:entity/herobrine_steve"},{"type":"single","resource":"littleroom_aquaticpack:littleroom_aquaticpack/football_fish"},{"type":"single","resource":"jackpot:models/armor/santa/toffy_xmas_hat"},{"type":"single","resource":"ores_and_more:yellow_ore_nugget"},{"type":"single","resource":"jackpot:armor/toffy/amethyst_helmet"},{"type":"single","resource":"modelengine:entity/mechanical_bull"},{"type":"single","resource":"modelengine:entity/winter_sled_oak"},{"type":"single","resource":"christmas:christmas_skill_texture/yeti"},{"type":"single","resource":"modelengine:entity/nocsy_pet_penguin"},{"type":"single","resource":"modelengine:entity/rpg_rat_undead"},{"type":"single","resource":"diamond_xmas:/diamond_xmas/bluexmastree"},{"type":"single","resource":"toffy/crates/toffy_key_paladin"},{"type":"single","resource":"jackpot:bb/lifestealsword"},{"type":"single","resource":"modelengine:entity/rpg_mushroom_red"},{"type":"single","resource":"ores_and_more:red_ore"},{"type":"single","resource":"jackpot:armor/toffy/ruby_chestplate"},{"type":"single","resource":"modelengine:entity/snow_owl"},{"type":"single","resource":"jackpot:models/armor/santa/toffy_santa_leggings_icon"},{"type":"single","resource":"modelengine:entity/mso_hades"},{"type":"single","resource":"lootcrat_plus:normal/emerald_box"},{"type":"single","resource":"ores_and_more:orange_ore_ingot"},{"type":"single","resource":"yungwilder:warden_set/hanging_details"},{"type":"single","resource":"modelengine:entity/crate6"},{"type":"single","resource":"modelengine:entity/pet_santa_evil"},{"type":"single","resource":"littleroom_aquaticpack:littleroom_aquaticpack/zebra_turkey_fish"},{"type":"single","resource":"modelengine:entity/herobrine_zombie"},{"type":"single","resource":"jackpot:models/armor/santa/toffy_santa_helmet_icon"},{"type":"single","resource":"modelengine:entity/marlin"},{"type":"single","resource":"custom/yungwilder/valentine_cupids_armory/cupids_bow_animation"},{"type":"single","resource":"sled_race_pack:sled_race_pack/winter_tree"},{"type":"single","resource":"modelengine:entity/green_crewmate_texture"},{"type":"single","resource":"toffy/crates/toffy_crate_red"},{"type":"single","resource":"diamond_xmas:/diamond_xmas/gingercookie"},{"type":"single","resource":"lootcrat_plus:rare/amethyst_box"},{"type":"single","resource":"jackpot:armor/toffy/orax_leggings"},{"type":"single","resource":"modelengine:entity/crate5"},{"type":"single","resource":"jackpot:armor/toffy/onyx_leggings"},{"type":"single","resource":"modelengine:entity/crate4"},{"type":"single","resource":"ores_and_more:raw_red_ore_block"},{"type":"single","resource":"modelengine:entity/ice"},{"type":"single","resource":"modelengine:entity/snowman"},{"type":"single","resource":"ores_and_more:pink_ore_nugget"},{"type":"single","resource":"ores_and_more:silver_ore_nugget"},{"type":"single","resource":"ores_and_more:green_ore_block"},{"type":"single","resource":"modelengine:entity/pet_elf_emo"},{"type":"single","resource":"modelengine:entity/pet_gingerbreadman"},{"type":"single","resource":"modelengine:entity/broom"},{"type":"single","resource":"modelengine:entity/nocsy_pet_reaper_scythe"},{"type":"single","resource":"modelengine:entity/invadership_aggro"},{"type":"single","resource":"diamond_xmas:/diamond_xmas/xmastree"},{"type":"single","resource":"ores_and_more:orange_ore_nugget"},{"type":"single","resource":"jackpot:armor/toffy/ruby_boots"},{"type":"single","resource":"jackpot:bb/bloodsword"},{"type":"single","resource":"modelengine:entity/viking_miniboss"},{"type":"single","resource":"toffy/xmasdecor/toffy_xmasdecor_hanging"},{"type":"single","resource":"custom/335"},{"type":"single","resource":"custom/334"},{"type":"single","resource":"ores_and_more:silver_ore_ingot"},{"type":"single","resource":"jackpot:armor/toffy/ruby_leggings"},{"type":"single","resource":"toffy/crates/toffy_crate_paladin_anim"},{"type":"single","resource":"custom/339"},{"type":"single","resource":"custom/338"},{"type":"single","resource":"modelengine:entity/herobrine_bits"},{"type":"single","resource":"sled_race_pack:sled_race_pack/mangrove_sled_item"},{"type":"single","resource":"custom/337"},{"type":"single","resource":"modelengine:entity/mso_lavastone_golem"},{"type":"single","resource":"jackpot:bb/normalheart"},{"type":"single","resource":"modelengine:entity/winter_sled_mangrove"},{"type":"single","resource":"yungwilder:warden_set_armor/warden_chestplate"},{"type":"single","resource":"modelengine:entity/brown_crewmate_texture"},{"type":"single","resource":"modelengine:entity/viking_rune_stone"},{"type":"single","resource":"ores_and_more:raw_green_ore_block"},{"type":"single","resource":"littleroom_aquaticpack:littleroom_aquaticpack/cooked_swordfish"},{"type":"single","resource":"modelengine:entity/hologram"},{"type":"single","resource":"modelengine:entity/bolitum1"},{"type":"single","resource":"modelengine:entity/bolitum2"},{"type":"single","resource":"yungwilder:warden_set/warden_axe"},{"type":"single","resource":"sled_race_pack:sled_race_pack/winter_log_stool"},{"type":"single","resource":"modelengine:entity/yellow_crewmate_texture"},{"type":"single","resource":"toffy/crates/toffy_crate_green"},{"type":"single","resource":"modelengine:entity/winter_sled_jungle"},{"type":"single","resource":"modelengine:entity/slime_cube"},{"type":"single","resource":"christmas:christmas_skill_texture/reindeer"},{"type":"single","resource":"modelengine:entity/em_ssanta_present_red"},{"type":"single","resource":"christmas:christmas_skill_texture/icon_reindeer_dash"},{"type":"single","resource":"jackpot:models/armor/santa/toffy_santa_chestplate_icon"},{"type":"single","resource":"_iainternal:icons/icon_back_orange"},{"type":"single","resource":"jackpot:bb/bloodaxe"},{"type":"single","resource":"modelengine:entity/alarm_clock"},{"type":"single","resource":"toffy/crates/toffy_key_green"},{"type":"single","resource":"modelengine:entity/sea_horse_purple"},{"type":"single","resource":"christmas:christmas_skill_texture/elf"},{"type":"single","resource":"sled_race_pack:sled_race_pack/oak_sled_item"},{"type":"single","resource":"modelengine:entity/herobrine_bobber"},{"type":"single","resource":"modelengine:entity/winter_sled_spruce"},{"type":"single","resource":"lootcrat_plus:normal/diamond_box"},{"type":"single","resource":"diamond_xmas:/diamond_xmas/santaplushie"},{"type":"single","resource":"ores_and_more:red_ore_ingot"},{"type":"single","resource":"custom/344"},{"type":"single","resource":"custom/343"},{"type":"single","resource":"modelengine:entity/groundcrack"},{"type":"single","resource":"custom/342"},{"type":"single","resource":"custom/341"},{"type":"single","resource":"custom/340"},{"type":"single","resource":"sled_race_pack:sled_race_pack/warped_sled_item"},{"type":"single","resource":"toffy/crates/toffy_crate_blue"},{"type":"single","resource":"modelengine:entity/viking_arrow"}]}