{"texture_size":[64,64],"textures":{"1":"jackpot:item/nebula/nebula_crossbow"},"elements":[{"from":[15.5,-5.95,7.5],"to":[15.5,-3.95,8.5],"rotation":{"angle":45,"axis":"z","origin":[14,-5.2,8]},"faces":{"north":{"uv":[0,0,0,0.5],"texture":"#1"},"east":{"uv":[7.75,9,8,9.5],"texture":"#1"},"south":{"uv":[0,0,0,0.5],"texture":"#1"},"west":{"uv":[9.25,1.5,9.5,2],"texture":"#1"},"up":{"uv":[0,0.25,0,0],"texture":"#1"},"down":{"uv":[0,0,0,0.25],"texture":"#1"}}},{"from":[15,-5.95,8],"to":[16,-3.95,8],"rotation":{"angle":45,"axis":"z","origin":[14,-5.2,8]},"faces":{"north":{"uv":[9.25,2,9.5,2.5],"texture":"#1"},"east":{"uv":[0,0,0,0.5],"texture":"#1"},"south":{"uv":[2.25,9.25,2.5,9.75],"texture":"#1"},"west":{"uv":[0,0,0,0.5],"texture":"#1"},"up":{"uv":[0.25,0,0,0],"texture":"#1"},"down":{"uv":[0.25,0,0,0],"texture":"#1"}}},{"from":[14.15,22.65,7.5],"to":[16.15,22.65,8.5],"rotation":{"angle":45,"axis":"z","origin":[14,22.75,9.5]},"faces":{"north":{"uv":[0,0,0.5,0],"texture":"#1"},"east":{"uv":[0,0,0.25,0],"texture":"#1"},"south":{"uv":[0,0,0.5,0],"texture":"#1"},"west":{"uv":[0,0,0.25,0],"texture":"#1"},"up":{"uv":[7.5,6,7,5.75],"texture":"#1"},"down":{"uv":[2,7.5,1.5,7.75],"texture":"#1"}}},{"from":[14.15,22.15,8],"to":[16.15,23.15,8],"rotation":{"angle":45,"axis":"z","origin":[14,22.75,9.5]},"faces":{"north":{"uv":[7.75,4.25,8.25,4.5],"texture":"#1"},"east":{"uv":[0,0,0,0.25],"texture":"#1"},"south":{"uv":[7.75,5.5,8.25,5.75],"texture":"#1"},"west":{"uv":[0,0,0,0.25],"texture":"#1"},"up":{"uv":[0.5,0,0,0],"texture":"#1"},"down":{"uv":[0.5,0,0,0],"texture":"#1"}}},{"from":[6.499,11.749,6.499],"to":[9.501,14.751,9.501],"rotation":{"angle":0,"axis":"y","origin":[8.5,13.75,8]},"faces":{"north":{"uv":[6.5,0,7.25,0.75],"texture":"#1"},"east":{"uv":[6.5,0.75,7.25,1.5],"texture":"#1"},"south":{"uv":[6,6.5,6.75,7.25],"texture":"#1"},"west":{"uv":[6.75,3.5,7.5,4.25],"texture":"#1"},"up":{"uv":[7.5,7.25,6.75,6.5],"texture":"#1"},"down":{"uv":[2.75,7,2,7.75],"texture":"#1"}}},{"from":[5.998,12.648,5.998],"to":[8.002,14.652,10.002],"rotation":{"angle":45,"axis":"z","origin":[8,14.65,7.5]},"faces":{"north":{"uv":[8.5,2.5,9,3],"texture":"#1"},"east":{"uv":[3,7.75,4,8.25],"texture":"#1"},"south":{"uv":[3,8.75,3.5,9.25],"texture":"#1"},"west":{"uv":[4,7.75,5,8.25],"texture":"#1"},"up":{"uv":[6,8.5,5.5,7.5],"texture":"#1"},"down":{"uv":[8.5,0,8,1],"texture":"#1"}}},{"from":[5.998,11.898,6.498],"to":[9.002,14.902,9.502],"rotation":{"angle":45,"axis":"z","origin":[8,13.9,8]},"faces":{"north":{"uv":[2.75,7,3.5,7.75],"texture":"#1"},"east":{"uv":[3.5,7,4.25,7.75],"texture":"#1"},"south":{"uv":[4.25,7,5,7.75],"texture":"#1"},"west":{"uv":[7,5,7.75,5.75],"texture":"#1"},"up":{"uv":[8,0.75,7.25,0],"texture":"#1"},"down":{"uv":[8,0.75,7.25,1.5],"texture":"#1"}}},{"from":[6.499,4.749,6.499],"to":[9.501,7.751,9.501],"rotation":{"angle":0,"axis":"y","origin":[8.5,6.75,8]},"faces":{"north":{"uv":[6,7.25,6.75,8],"texture":"#1"},"east":{"uv":[6.75,7.25,7.5,8],"texture":"#1"},"south":{"uv":[0,7.5,0.75,8.25],"texture":"#1"},"west":{"uv":[0.75,7.5,1.5,8.25],"texture":"#1"},"up":{"uv":[8.25,4.25,7.5,3.5],"texture":"#1"},"down":{"uv":[8.25,5.75,7.5,6.5],"texture":"#1"}}},{"from":[5.998,5.648,5.998],"to":[8.002,7.652,10.002],"rotation":{"angle":45,"axis":"z","origin":[8,7.65,7.5]},"faces":{"north":{"uv":[3.5,8.75,4,9.25],"texture":"#1"},"east":{"uv":[7.75,5,8.75,5.5],"texture":"#1"},"south":{"uv":[4,8.75,4.5,9.25],"texture":"#1"},"west":{"uv":[8,1,9,1.5],"texture":"#1"},"up":{"uv":[6.5,9,6,8],"texture":"#1"},"down":{"uv":[7,8,6.5,9],"texture":"#1"}}},{"from":[5.998,4.898,6.498],"to":[9.002,7.902,9.502],"rotation":{"angle":45,"axis":"z","origin":[8,6.9,8]},"faces":{"north":{"uv":[7.5,6.5,8.25,7.25],"texture":"#1"},"east":{"uv":[7.5,7.25,8.25,8],"texture":"#1"},"south":{"uv":[1.5,7.75,2.25,8.5],"texture":"#1"},"west":{"uv":[7.75,1.5,8.5,2.25],"texture":"#1"},"up":{"uv":[3,8.5,2.25,7.75],"texture":"#1"},"down":{"uv":[8.5,2.25,7.75,3],"texture":"#1"}}},{"from":[4,9.5,8],"to":[8,15.5,8],"rotation":{"angle":-45,"axis":"z","origin":[7,13.5,8]},"faces":{"north":{"uv":[0,4.5,1,6],"texture":"#1"},"east":{"uv":[0,0,0,1.5],"texture":"#1"},"south":{"uv":[1,4.5,2,6],"texture":"#1"},"west":{"uv":[0,0,0,1.5],"texture":"#1"},"up":{"uv":[1,0,0,0],"texture":"#1"},"down":{"uv":[1,0,0,0],"texture":"#1"}}},{"from":[3,3,8],"to":[9,7,8],"rotation":{"angle":-45,"axis":"z","origin":[7,6,8]},"faces":{"north":{"uv":[2,4.5,3.5,5.5],"texture":"#1"},"east":{"uv":[0,0,0,1],"texture":"#1"},"south":{"uv":[3.5,4.5,5,5.5],"texture":"#1"},"west":{"uv":[0,0,0,1],"texture":"#1"},"up":{"uv":[1.5,0,0,0],"texture":"#1"},"down":{"uv":[1.5,0,0,0],"texture":"#1"}}},{"from":[10.4,-3.9,8],"to":[12.4,-0.9,8],"rotation":{"angle":-22.5,"axis":"z","origin":[10.4,-0.9,8]},"faces":{"north":{"uv":[8,8,8.5,8.75],"texture":"#1"},"east":{"uv":[0,0,0,0.75],"texture":"#1"},"south":{"uv":[0,8.25,0.5,9],"texture":"#1"},"west":{"uv":[0,0,0,0.75],"texture":"#1"},"up":{"uv":[0.5,0,0,0],"texture":"#1"},"down":{"uv":[0.5,0,0,0],"texture":"#1"}}},{"from":[8.65,-0.75,8],"to":[10.65,2.25,8],"rotation":{"angle":-45,"axis":"z","origin":[8.65,2.25,8]},"faces":{"north":{"uv":[0.5,8.25,1,9],"texture":"#1"},"east":{"uv":[0,0,0,0.75],"texture":"#1"},"south":{"uv":[1,8.25,1.5,9],"texture":"#1"},"west":{"uv":[0,0,0,0.75],"texture":"#1"},"up":{"uv":[0.5,0,0,0],"texture":"#1"},"down":{"uv":[0.5,0,0,0],"texture":"#1"}}},{"from":[5.65,17.25,8],"to":[8.65,19.25,8],"rotation":{"angle":-45,"axis":"z","origin":[8.65,17.25,8]},"faces":{"north":{"uv":[3,8.25,3.75,8.75],"texture":"#1"},"east":{"uv":[0,0,0,0.5],"texture":"#1"},"south":{"uv":[8.25,3.5,9,4],"texture":"#1"},"west":{"uv":[0,0,0,0.5],"texture":"#1"},"up":{"uv":[0.75,0,0,0],"texture":"#1"},"down":{"uv":[0.75,0,0,0],"texture":"#1"}}},{"from":[8.3,13.5,8],"to":[11.3,15.5,8],"rotation":{"angle":22.5,"axis":"z","origin":[8.3,15.5,8]},"faces":{"north":{"uv":[3.75,8.25,4.5,8.75],"texture":"#1"},"east":{"uv":[0,0,0,0.5],"texture":"#1"},"south":{"uv":[8.25,4,9,4.5],"texture":"#1"},"west":{"uv":[0,0,0,0.5],"texture":"#1"},"up":{"uv":[0.75,0,0,0],"texture":"#1"},"down":{"uv":[0.75,0,0,0],"texture":"#1"}}},{"from":[14.05,-2.85,8],"to":[17.05,-0.85,8],"rotation":{"angle":22.5,"axis":"z","origin":[14.05,-2.85,8]},"faces":{"north":{"uv":[8.25,5.5,9,6],"texture":"#1"},"east":{"uv":[0,0,0,0.5],"texture":"#1"},"south":{"uv":[8.25,6,9,6.5],"texture":"#1"},"west":{"uv":[0,0,0,0.5],"texture":"#1"},"up":{"uv":[0.75,0,0,0],"texture":"#1"},"down":{"uv":[0.75,0,0,0],"texture":"#1"}}},{"from":[10.7,0,8],"to":[13.7,2,8],"rotation":{"angle":0,"axis":"y","origin":[10.7,0,8]},"faces":{"north":{"uv":[8.25,6.5,9,7],"texture":"#1"},"east":{"uv":[0,0,0,0.5],"texture":"#1"},"south":{"uv":[8.25,7,9,7.5],"texture":"#1"},"west":{"uv":[0,0,0,0.5],"texture":"#1"},"up":{"uv":[0.75,0,0,0],"texture":"#1"},"down":{"uv":[0.75,0,0,0],"texture":"#1"}}},{"from":[8.3,4,8],"to":[11.3,6,8],"rotation":{"angle":-22.5,"axis":"z","origin":[8.3,4,8]},"faces":{"north":{"uv":[8.25,7.5,9,8],"texture":"#1"},"east":{"uv":[0,0,0,0.5],"texture":"#1"},"south":{"uv":[8.5,0,9.25,0.5],"texture":"#1"},"west":{"uv":[0,0,0,0.5],"texture":"#1"},"up":{"uv":[0.75,0,0,0],"texture":"#1"},"down":{"uv":[0.75,0,0,0],"texture":"#1"}}},{"from":[10.7,17.5,8],"to":[13.7,19.5,8],"rotation":{"angle":0,"axis":"y","origin":[10.7,19.5,8]},"faces":{"north":{"uv":[8.5,0.5,9.25,1],"texture":"#1"},"east":{"uv":[0,0,0,0.5],"texture":"#1"},"south":{"uv":[1.5,8.5,2.25,9],"texture":"#1"},"west":{"uv":[0,0,0,0.5],"texture":"#1"},"up":{"uv":[0.75,0,0,0],"texture":"#1"},"down":{"uv":[0.75,0,0,0],"texture":"#1"}}},{"from":[14.05,20.35,8],"to":[17.05,22.35,8],"rotation":{"angle":-22.5,"axis":"z","origin":[14.05,22.35,8]},"faces":{"north":{"uv":[8.5,1.5,9.25,2],"texture":"#1"},"east":{"uv":[0,0,0,0.5],"texture":"#1"},"south":{"uv":[8.5,2,9.25,2.5],"texture":"#1"},"west":{"uv":[0,0,0,0.5],"texture":"#1"},"up":{"uv":[0.75,0,0,0],"texture":"#1"},"down":{"uv":[0.75,0,0,0],"texture":"#1"}}},{"from":[10.4,20.4,8],"to":[12.4,23.4,8],"rotation":{"angle":22.5,"axis":"z","origin":[10.4,20.4,8]},"faces":{"north":{"uv":[4.5,8.25,5,9],"texture":"#1"},"east":{"uv":[0,0,0,0.75],"texture":"#1"},"south":{"uv":[2.25,8.5,2.75,9.25],"texture":"#1"},"west":{"uv":[0,0,0,0.75],"texture":"#1"},"up":{"uv":[0.5,0,0,0],"texture":"#1"},"down":{"uv":[0.5,0,0,0],"texture":"#1"}}},{"from":[7.001,7.751,7.501],"to":[8.999,11.749,8.499],"rotation":{"angle":0,"axis":"y","origin":[14.01,7.24,7.99]},"faces":{"north":{"uv":[7,8,7.5,9],"texture":"#1"},"east":{"uv":[8,8.75,8.25,9.75],"texture":"#1"},"south":{"uv":[7.5,8,8,9],"texture":"#1"},"west":{"uv":[8.75,8,9,9],"texture":"#1"},"up":{"uv":[9.75,1,9.25,0.75],"texture":"#1"},"down":{"uv":[3.5,9.25,3,9.5],"texture":"#1"}}},{"from":[5,8.25,7.5],"to":[28,11.25,8.5],"rotation":{"angle":0,"axis":"y","origin":[14.01,7.24,7.99]},"faces":{"north":{"uv":[0,1.5,5.75,2.25],"texture":"#1"},"east":{"uv":[7.5,9,7.75,9.75],"texture":"#1"},"south":{"uv":[0,2.25,5.75,3],"texture":"#1"},"west":{"uv":[9,7.5,9.25,8.25],"texture":"#1"},"up":{"uv":[10.75,4.75,5,4.5],"texture":"#1"},"down":{"uv":[10.75,4.75,5,5],"texture":"#1"}}},{"from":[6.999,13.749,6.999],"to":[9.001,19.751,9.001],"rotation":{"angle":-22.5,"axis":"z","origin":[7,13.75,8]},"faces":{"north":{"uv":[2,5.5,2.5,7],"texture":"#1"},"east":{"uv":[2.5,5.5,3,7],"texture":"#1"},"south":{"uv":[3,5.5,3.5,7],"texture":"#1"},"west":{"uv":[3.5,5.5,4,7],"texture":"#1"},"up":{"uv":[9.25,5.5,8.75,5],"texture":"#1"},"down":{"uv":[0.5,9,0,9.5],"texture":"#1"}}},{"from":[9.29556,0.20542,7],"to":[15.29556,2.20542,9],"rotation":{"angle":-45,"axis":"z","origin":[9.29556,0.20542,8.001]},"faces":{"north":{"uv":[5.25,3.5,6.75,4],"texture":"#1"},"east":{"uv":[0.5,9,1,9.5],"texture":"#1"},"south":{"uv":[5.25,4,6.75,4.5],"texture":"#1"},"west":{"uv":[1,9,1.5,9.5],"texture":"#1"},"up":{"uv":[7,5.5,5.5,5],"texture":"#1"},"down":{"uv":[7,5.5,5.5,6],"texture":"#1"}}},{"from":[6.999,-0.251,6.999],"to":[9.001,5.751,9.001],"rotation":{"angle":22.5,"axis":"z","origin":[7,5.75,8]},"faces":{"north":{"uv":[4,5.5,4.5,7],"texture":"#1"},"east":{"uv":[4.5,5.5,5,7],"texture":"#1"},"south":{"uv":[5.75,1.5,6.25,3],"texture":"#1"},"west":{"uv":[0,6,0.5,7.5],"texture":"#1"},"up":{"uv":[9.5,1.5,9,1],"texture":"#1"},"down":{"uv":[2,9,1.5,9.5],"texture":"#1"}}},{"from":[9.29556,19.29458,7],"to":[11.29556,25.29458,9],"rotation":{"angle":-45,"axis":"z","origin":[9.29556,19.29458,8.001]},"faces":{"north":{"uv":[0.5,6,1,7.5],"texture":"#1"},"east":{"uv":[1,6,1.5,7.5],"texture":"#1"},"south":{"uv":[1.5,6,2,7.5],"texture":"#1"},"west":{"uv":[5.5,6,6,7.5],"texture":"#1"},"up":{"uv":[9.5,3,9,2.5],"texture":"#1"},"down":{"uv":[9.5,3.5,9,4],"texture":"#1"}}},{"from":[3.0054,12.78535,7.502],"to":[6.0014,13.78135,8.498],"rotation":{"angle":-22.5,"axis":"z","origin":[-0.9966,13.78335,8.002]},"faces":{"north":{"uv":[9,4.25,9.75,4.5],"texture":"#1"},"east":{"uv":[2.5,9.25,2.75,9.5],"texture":"#1"},"south":{"uv":[9,8.25,9.75,8.5],"texture":"#1"},"west":{"uv":[3.5,9.25,3.75,9.5],"texture":"#1"},"up":{"uv":[9.75,8.75,9,8.5],"texture":"#1"},"down":{"uv":[9.5,9,8.75,9.25],"texture":"#1"}}},{"from":[23.9,9.25,5.25],"to":[24.9,10.25,9.25],"rotation":{"angle":22.5,"axis":"y","origin":[24.4,9.75,8.75]},"faces":{"north":{"uv":[3.75,9.25,4,9.5],"texture":"#1"},"east":{"uv":[6.75,4.25,7.75,4.5],"texture":"#1"},"south":{"uv":[4,9.25,4.25,9.5],"texture":"#1"},"west":{"uv":[9,4,10,4.25],"texture":"#1"},"up":{"uv":[8.5,9.75,8.25,8.75],"texture":"#1"},"down":{"uv":[2.25,9,2,10],"texture":"#1"}}},{"from":[3.0054,5.71865,7.502],"to":[6.0014,6.71465,8.498],"rotation":{"angle":22.5,"axis":"z","origin":[-0.9966,5.71665,8.002]},"faces":{"north":{"uv":[9,8.75,9.75,9],"texture":"#1"},"east":{"uv":[4.25,9.25,4.5,9.5],"texture":"#1"},"south":{"uv":[9.25,0,10,0.25],"texture":"#1"},"west":{"uv":[5,9.25,5.25,9.5],"texture":"#1"},"up":{"uv":[10,0.5,9.25,0.25],"texture":"#1"},"down":{"uv":[10,0.5,9.25,0.75],"texture":"#1"}}},{"from":[1.7,7.25,7.5],"to":[2.7,12.25,8.5],"rotation":{"angle":0,"axis":"y","origin":[13.46,6.74,7.99]},"faces":{"north":{"uv":[2.75,8.5,3,9.75],"texture":"#1"},"east":{"uv":[5.5,8.5,5.75,9.75],"texture":"#1"},"south":{"uv":[5.75,8.5,6,9.75],"texture":"#1"},"west":{"uv":[8.5,8,8.75,9.25],"texture":"#1"},"up":{"uv":[9.5,5.25,9.25,5],"texture":"#1"},"down":{"uv":[5.5,9.25,5.25,9.5],"texture":"#1"}}},{"name":"string-low","from":[13.45241,-2.62301,8.503],"to":[14.45241,9.37699,8.503],"rotation":{"angle":0,"axis":"z","origin":[13.95241,-2.12301,8.002]},"faces":{"north":{"uv":[5,5.25,5.25,8.25],"texture":"#1"},"east":{"uv":[0,0,0,4.25],"texture":"#1"},"south":{"uv":[5.25,5.25,5.5,8.25],"texture":"#1"},"west":{"uv":[0,0,0,4.25],"texture":"#1"},"up":{"uv":[0.25,0,0,0],"texture":"#1"},"down":{"uv":[0.25,0,0,0],"texture":"#1"}}},{"name":"string-high","from":[13.45241,9.12301,8.501],"to":[14.45241,22.12301,8.501],"rotation":{"angle":0,"axis":"z","origin":[13.95241,21.62301,8.001]},"faces":{"north":{"uv":[5.25,3,8.5,3.25],"rotation":270,"texture":"#1"},"east":{"uv":[4.25,0,0,0],"rotation":90,"texture":"#1"},"south":{"uv":[6.25,3.25,9.5,3.5],"rotation":90,"texture":"#1"},"west":{"uv":[4.25,0,0,0],"rotation":90,"texture":"#1"},"up":{"uv":[0,0,0,0.25],"rotation":90,"texture":"#1"},"down":{"uv":[0,0,0,0.25],"rotation":90,"texture":"#1"}}}],"gui_light":"front","display":{"thirdperson_righthand":{"rotation":[-90,0,-105],"translation":[1,0.25,-5],"scale":[0.6,0.6,0.6]},"thirdperson_lefthand":{"rotation":[-90,0,75],"translation":[3,0.25,-4.5],"scale":[0.6,0.6,0.6]},"firstperson_righthand":{"rotation":[95,-179,80],"translation":[0.5,1.5,-1],"scale":[0.6,0.6,0.6]},"firstperson_lefthand":{"rotation":[95,-179,-100],"translation":[2.25,1.5,-0.75],"scale":[0.6,0.6,0.6]},"ground":{"rotation":[0,0,-45],"translation":[0,9,0],"scale":[0.5,0.5,0.5]},"gui":{"rotation":[0,0,-45],"translation":[-3,1.5,-0.75],"scale":[0.6,0.6,0.6]},"head":{"rotation":[0,0,-90],"translation":[-1,9,0.75],"scale":[0.6,0.6,0.6]},"fixed":{"rotation":[0,-180,-45],"translation":[3.5,1.75,-0.75],"scale":[0.7,0.7,0.7]}}}