{"texture_size":[32,32],"textures":{"1":"jackpot:item/nebula/nebula_arcanum"},"elements":[{"from":[6.5,-11.202,6.499],"to":[9.502,-8.2,9.501],"rotation":{"angle":0,"axis":"y","origin":[7.501,-10.201,7.5]},"faces":{"north":{"uv":[2.5,7.5,4,9],"texture":"#1"},"east":{"uv":[11,7.5,12.5,9],"texture":"#1"},"south":{"uv":[0,11.5,1.5,13],"texture":"#1"},"west":{"uv":[11.5,0,13,1.5],"texture":"#1"},"up":{"uv":[3,13,1.5,11.5],"texture":"#1"},"down":{"uv":[13,1.5,11.5,3],"texture":"#1"}}},{"from":[7,-8.2,7],"to":[9,6.8,9],"rotation":{"angle":0,"axis":"y","origin":[0,21.8,0]},"faces":{"north":{"uv":[0,0,1,7.5],"texture":"#1"},"east":{"uv":[1,0,2,7.5],"texture":"#1"},"south":{"uv":[2,0,3,7.5],"texture":"#1"},"west":{"uv":[3,0,4,7.5],"texture":"#1"},"up":{"uv":[12,10,11,9],"texture":"#1"},"down":{"uv":[12.5,12,11.5,13],"texture":"#1"}}},{"from":[7,-13.2,8],"to":[9,-11.2,8],"rotation":{"angle":45,"axis":"y","origin":[8,-12.2,8]},"faces":{"north":{"uv":[4.5,12.5,5.5,13.5],"texture":"#1"},"east":{"uv":[0,0,0,1],"texture":"#1"},"south":{"uv":[5.5,12.5,6.5,13.5],"texture":"#1"},"west":{"uv":[0,0,0,1],"texture":"#1"},"up":{"uv":[1,0,0,0],"texture":"#1"},"down":{"uv":[1,0,0,0],"texture":"#1"}}},{"from":[7,-13.2,8],"to":[9,-11.2,8],"rotation":{"angle":-45,"axis":"y","origin":[8,-12.2,8]},"faces":{"north":{"uv":[12.5,7.5,13.5,8.5],"texture":"#1"},"east":{"uv":[0,0,0,1],"texture":"#1"},"south":{"uv":[12.5,12,13.5,13],"texture":"#1"},"west":{"uv":[0,0,0,1],"texture":"#1"},"up":{"uv":[1,0,0,0],"texture":"#1"},"down":{"uv":[1,0,0,0],"texture":"#1"}}},{"from":[6.501,-6.199,6.501],"to":[9.499,2.799,9.499],"rotation":{"angle":0,"axis":"y","origin":[0,20.8,0]},"faces":{"north":{"uv":[4,0,5.5,4.5],"texture":"#1"},"east":{"uv":[4,4.5,5.5,9],"texture":"#1"},"south":{"uv":[5.5,0,7,4.5],"texture":"#1"},"west":{"uv":[5.5,4.5,7,9],"texture":"#1"},"up":{"uv":[4.5,13,3,11.5],"texture":"#1"},"down":{"uv":[13,3,11.5,4.5],"texture":"#1"}}},{"from":[6,6.75,6.5],"to":[10,10.75,9.5],"rotation":{"angle":0,"axis":"y","origin":[8,8.75,8]},"faces":{"north":{"uv":[5,9,7,11],"texture":"#1"},"east":{"uv":[9.5,6,11,8],"texture":"#1"},"south":{"uv":[9.5,0,11.5,2],"texture":"#1"},"west":{"uv":[9.5,8,11,10],"texture":"#1"},"up":{"uv":[2,11.5,0,10],"texture":"#1"},"down":{"uv":[9,10,7,11.5],"texture":"#1"}}},{"from":[5.5,10.75,5.5],"to":[10.5,15.75,10.5],"rotation":{"angle":0,"axis":"y","origin":[7.5,12.75,7]},"faces":{"north":{"uv":[7,0,9.5,2.5],"texture":"#1"},"east":{"uv":[7,2.5,9.5,5],"texture":"#1"},"south":{"uv":[7,5,9.5,7.5],"texture":"#1"},"west":{"uv":[0,7.5,2.5,10],"texture":"#1"},"up":{"uv":[9.5,10,7,7.5],"texture":"#1"},"down":{"uv":[5,9,2.5,11.5],"texture":"#1"}}},{"from":[3,12.75,6],"to":[5,14.75,6],"rotation":{"angle":45,"axis":"y","origin":[4.5,13.25,6]},"faces":{"north":{"uv":[0,13,1,14],"texture":"#1"},"east":{"uv":[0,0,0,1],"texture":"#1"},"south":{"uv":[13,0,14,1],"texture":"#1"},"west":{"uv":[0,0,0,1],"texture":"#1"},"up":{"uv":[1,0,0,0],"texture":"#1"},"down":{"uv":[1,0,0,0],"texture":"#1"}}},{"from":[10.25,14.75,10.75],"to":[11.25,15.75,10.75],"rotation":{"angle":45,"axis":"y","origin":[10.75,15.25,10.75]},"faces":{"north":{"uv":[2,10,2.5,10.5],"texture":"#1"},"east":{"uv":[0,0,0,0.5],"texture":"#1"},"south":{"uv":[2,10.5,2.5,11],"texture":"#1"},"west":{"uv":[0,0,0,0.5],"texture":"#1"},"up":{"uv":[0.5,0,0,0],"texture":"#1"},"down":{"uv":[0.5,0,0,0],"texture":"#1"}}},{"from":[5.5,13,9.5],"to":[5.5,16,12.5],"rotation":{"angle":45,"axis":"y","origin":[5.5,14.5,11]},"faces":{"north":{"uv":[0,0,0,1.5],"texture":"#1"},"east":{"uv":[11.5,4.5,13,6],"texture":"#1"},"south":{"uv":[0,0,0,1.5],"texture":"#1"},"west":{"uv":[7,11.5,8.5,13],"texture":"#1"},"up":{"uv":[0,1.5,0,0],"texture":"#1"},"down":{"uv":[0,0,0,1.5],"texture":"#1"}}},{"from":[6.5,14.75,5],"to":[9.5,17.75,5],"rotation":{"angle":22.5,"axis":"x","origin":[8,16.25,5]},"faces":{"north":{"uv":[8.5,12,10,13.5],"texture":"#1"},"east":{"uv":[0,0,0,1.5],"texture":"#1"},"south":{"uv":[12,9,13.5,10.5],"texture":"#1"},"west":{"uv":[0,0,0,1.5],"texture":"#1"},"up":{"uv":[1.5,0,0,0],"texture":"#1"},"down":{"uv":[1.5,0,0,0],"texture":"#1"}}},{"from":[7.25,11.75,11.25],"to":[9.25,13.75,11.25],"rotation":{"angle":0,"axis":"y","origin":[7.75,12.25,11.25]},"faces":{"north":{"uv":[1,13,2,14],"texture":"#1"},"east":{"uv":[0,0,0,1],"texture":"#1"},"south":{"uv":[13,1,14,2],"texture":"#1"},"west":{"uv":[0,0,0,1],"texture":"#1"},"up":{"uv":[1,0,0,0],"texture":"#1"},"down":{"uv":[1,0,0,0],"texture":"#1"}}},{"from":[9.5,10.75,4.5],"to":[11.5,12.75,4.5],"rotation":{"angle":-22.5,"axis":"y","origin":[9,10.25,4.5]},"faces":{"north":{"uv":[2,13,3,14],"texture":"#1"},"east":{"uv":[0,0,0,1],"texture":"#1"},"south":{"uv":[13,2,14,3],"texture":"#1"},"west":{"uv":[0,0,0,1],"texture":"#1"},"up":{"uv":[1,0,0,0],"texture":"#1"},"down":{"uv":[1,0,0,0],"texture":"#1"}}},{"from":[11.5,10.5,7.75],"to":[11.5,13.5,10.75],"rotation":{"angle":-22.5,"axis":"y","origin":[11.5,12,9.25]},"faces":{"north":{"uv":[0,0,0,1.5],"texture":"#1"},"east":{"uv":[10,12,11.5,13.5],"texture":"#1"},"south":{"uv":[0,0,0,1.5],"texture":"#1"},"west":{"uv":[12,10.5,13.5,12],"texture":"#1"},"up":{"uv":[0,1.5,0,0],"texture":"#1"},"down":{"uv":[0,0,0,1.5],"texture":"#1"}}},{"from":[11.25,15.75,5.75],"to":[11.25,16.75,6.75],"rotation":{"angle":22.5,"axis":"y","origin":[11.25,16.25,6.25]},"faces":{"north":{"uv":[0,0,0,0.5],"texture":"#1"},"east":{"uv":[2,11,2.5,11.5],"texture":"#1"},"south":{"uv":[0,0,0,0.5],"texture":"#1"},"west":{"uv":[4.5,11.5,5,12],"texture":"#1"},"up":{"uv":[0,0.5,0,0],"texture":"#1"},"down":{"uv":[0,0,0,0.5],"texture":"#1"}}},{"from":[5.999,6.749,6.499],"to":[10.001,10.751,9.501],"rotation":{"angle":45,"axis":"z","origin":[8,8.75,8]},"faces":{"north":{"uv":[9.5,2,11.5,4],"texture":"#1"},"east":{"uv":[9,10,10.5,12],"texture":"#1"},"south":{"uv":[9.5,4,11.5,6],"texture":"#1"},"west":{"uv":[10.5,10,12,12],"texture":"#1"},"up":{"uv":[7,12.5,5,11],"texture":"#1"},"down":{"uv":[13,6,11,7.5],"texture":"#1"}}}],"gui_light":"front","display":{"thirdperson_righthand":{"rotation":[0,-90,0],"translation":[0,3.75,1.25],"scale":[0.6,0.6,0.6]},"thirdperson_lefthand":{"rotation":[0,90,0],"translation":[0,3.75,1.25],"scale":[0.6,0.6,0.6]},"firstperson_righthand":{"rotation":[20,-90,0],"translation":[2,4,0.5],"scale":[0.6,0.6,0.6]},"firstperson_lefthand":{"rotation":[20,90,0],"translation":[2,4,0.5],"scale":[0.6,0.6,0.6]},"ground":{"rotation":[0,0,-45],"translation":[2.5,7,0],"scale":[0.5,0.5,0.5]},"gui":{"rotation":[0,0,-45],"translation":[2.25,2.25,-0.75],"scale":[0.6,0.6,0.6]},"head":{"translation":[-0.5,21.5,0.75],"scale":[0.6,0.6,0.6]},"fixed":{"rotation":[0,-180,-45],"translation":[-3.25,3.25,-0.75],"scale":[0.7,0.7,0.7]}}}