{"texture_size":[32,32],"textures":{"1":"jackpot:item/nebula/nebula_axe"},"elements":[{"from":[6.5,-11.202,6.499],"to":[9.502,-8.2,9.501],"rotation":{"angle":0,"axis":"y","origin":[7.501,-10.201,7.5]},"faces":{"north":{"uv":[11,12.5,12.5,14],"texture":"#1"},"east":{"uv":[12.5,12.5,14,14],"texture":"#1"},"south":{"uv":[0,13,1.5,14.5],"texture":"#1"},"west":{"uv":[13,0,14.5,1.5],"texture":"#1"},"up":{"uv":[6.5,14.5,5,13],"texture":"#1"},"down":{"uv":[8,13,6.5,14.5],"texture":"#1"}}},{"from":[7,-8.2,7],"to":[9,9.8,9],"rotation":{"angle":0,"axis":"y","origin":[0,21.8,0]},"faces":{"north":{"uv":[0,0,1,9],"texture":"#1"},"east":{"uv":[1,0,2,9],"texture":"#1"},"south":{"uv":[2,0,3,9],"texture":"#1"},"west":{"uv":[3,0,4,9],"texture":"#1"},"up":{"uv":[9,10.5,8,9.5],"texture":"#1"},"down":{"uv":[12,2,11,3],"texture":"#1"}}},{"from":[7,-13.2,8],"to":[9,-11.2,8],"rotation":{"angle":45,"axis":"y","origin":[8,-12.2,8]},"faces":{"north":{"uv":[7,11.5,8,12.5],"texture":"#1"},"east":{"uv":[0,0,0,1],"texture":"#1"},"south":{"uv":[13.5,4.5,14.5,5.5],"texture":"#1"},"west":{"uv":[0,0,0,1],"texture":"#1"},"up":{"uv":[1,0,0,0],"texture":"#1"},"down":{"uv":[1,0,0,0],"texture":"#1"}}},{"from":[7,-13.2,8],"to":[9,-11.2,8],"rotation":{"angle":-45,"axis":"y","origin":[8,-12.2,8]},"faces":{"north":{"uv":[13.5,5.5,14.5,6.5],"texture":"#1"},"east":{"uv":[0,0,0,1],"texture":"#1"},"south":{"uv":[13.5,7,14.5,8],"texture":"#1"},"west":{"uv":[0,0,0,1],"texture":"#1"},"up":{"uv":[1,0,0,0],"texture":"#1"},"down":{"uv":[1,0,0,0],"texture":"#1"}}},{"from":[6.501,-6.199,6.501],"to":[9.499,2.799,9.499],"rotation":{"angle":0,"axis":"y","origin":[0,20.8,0]},"faces":{"north":{"uv":[4,0,5.5,4.5],"texture":"#1"},"east":{"uv":[4,4.5,5.5,9],"texture":"#1"},"south":{"uv":[5.5,0,7,4.5],"texture":"#1"},"west":{"uv":[5.5,4.5,7,9],"texture":"#1"},"up":{"uv":[13.5,5,12,3.5],"texture":"#1"},"down":{"uv":[13.5,5,12,6.5],"texture":"#1"}}},{"from":[6,9.75,6.5],"to":[10,13.75,9.5],"rotation":{"angle":0,"axis":"y","origin":[8,11.75,8]},"faces":{"north":{"uv":[6,9.5,8,11.5],"texture":"#1"},"east":{"uv":[8,11,9.5,13],"texture":"#1"},"south":{"uv":[10,3,12,5],"texture":"#1"},"west":{"uv":[9.5,11,11,13],"texture":"#1"},"up":{"uv":[13,12.5,11,11],"texture":"#1"},"down":{"uv":[2,11.5,0,13],"texture":"#1"}}},{"from":[5.999,9.749,6.499],"to":[10.001,13.751,9.501],"rotation":{"angle":45,"axis":"z","origin":[8,11.75,8]},"faces":{"north":{"uv":[10,5,12,7],"texture":"#1"},"east":{"uv":[2,11.5,3.5,13.5],"texture":"#1"},"south":{"uv":[11,0,13,2],"texture":"#1"},"west":{"uv":[3.5,11.5,5,13.5],"texture":"#1"},"up":{"uv":[7,13,5,11.5],"texture":"#1"},"down":{"uv":[13.5,7,11.5,8.5],"texture":"#1"}}},{"from":[-1.11023,3.50688,7.52],"to":[2.84977,8.46688,8.48],"rotation":{"angle":22.5,"axis":"z","origin":[-1.13023,8.48688,7.47]},"faces":{"north":{"uv":[7,7,9,9.5],"texture":"#1"},"east":{"uv":[10,13,10.5,15.5],"texture":"#1"},"south":{"uv":[0,9,2,11.5],"texture":"#1"},"west":{"uv":[10.5,13,11,15.5],"texture":"#1"},"up":{"uv":[15,12.5,13,12],"texture":"#1"},"down":{"uv":[15.5,8,13.5,8.5],"texture":"#1"}}},{"from":[-1.1041,8.47606,7.51],"to":[2.8759,13.45606,8.49],"rotation":{"angle":0,"axis":"y","origin":[-1.1141,13.46606,7.48]},"faces":{"north":{"uv":[2,9,4,11.5],"texture":"#1"},"east":{"uv":[3.5,13.5,4,16],"texture":"#1"},"south":{"uv":[4,9,6,11.5],"texture":"#1"},"west":{"uv":[4,13.5,4.5,16],"texture":"#1"},"up":{"uv":[15.5,9,13.5,8.5],"texture":"#1"},"down":{"uv":[15.5,9,13.5,9.5],"texture":"#1"}}},{"from":[2.35,9.89,7.53],"to":[7.29,13.83,8.47],"rotation":{"angle":45,"axis":"z","origin":[6.32,9.86,7]},"faces":{"north":{"uv":[9,7,11.5,9],"texture":"#1"},"east":{"uv":[4.5,13.5,5,15.5],"texture":"#1"},"south":{"uv":[9,9,11.5,11],"texture":"#1"},"west":{"uv":[8,14,8.5,16],"texture":"#1"},"up":{"uv":[14.5,7,12,6.5],"texture":"#1"},"down":{"uv":[15.5,1.5,13,2],"texture":"#1"}}},{"from":[-1.71,10.39,7.49],"to":[6.31,13.41,8.51],"rotation":{"angle":-22.5,"axis":"z","origin":[6.3,10.4,7.5]},"faces":{"north":{"uv":[7,0,11,1.5],"texture":"#1"},"east":{"uv":[9.5,14,10,15.5],"texture":"#1"},"south":{"uv":[7,1.5,11,3],"texture":"#1"},"west":{"uv":[11,14,11.5,15.5],"texture":"#1"},"up":{"uv":[15.5,10.5,11.5,10],"texture":"#1"},"down":{"uv":[15.5,10.5,11.5,11],"texture":"#1"}}},{"from":[0.79401,3.89361,8],"to":[4.79401,6.89361,8],"rotation":{"angle":-22.5,"axis":"z","origin":[0.79401,3.89361,8]},"faces":{"north":{"uv":[11.5,8.5,13.5,10],"texture":"#1"},"east":{"uv":[0,0,0,1.5],"texture":"#1"},"south":{"uv":[12,2,14,3.5],"texture":"#1"},"west":{"uv":[0,0,0,1.5],"texture":"#1"},"up":{"uv":[2,0,0,0],"texture":"#1"},"down":{"uv":[2,0,0,0],"texture":"#1"}}},{"from":[10,11.75,7],"to":[14,13.75,9],"rotation":{"angle":0,"axis":"y","origin":[12,11.75,7.5]},"faces":{"north":{"uv":[8,13,10,14],"texture":"#1"},"east":{"uv":[14,2,15,3],"texture":"#1"},"south":{"uv":[13,11,15,12],"texture":"#1"},"west":{"uv":[8.5,14,9.5,15],"texture":"#1"},"up":{"uv":[3.5,14.5,1.5,13.5],"texture":"#1"},"down":{"uv":[15.5,3.5,13.5,4.5],"texture":"#1"}}},{"from":[8.5,8.75,8],"to":[14.5,12.75,8],"rotation":{"angle":45,"axis":"z","origin":[12.5,10.75,8]},"faces":{"north":{"uv":[7,3,10,5],"texture":"#1"},"east":{"uv":[0,0,0,2],"texture":"#1"},"south":{"uv":[7,5,10,7],"texture":"#1"},"west":{"uv":[0,0,0,2],"texture":"#1"},"up":{"uv":[3,0,0,0],"texture":"#1"},"down":{"uv":[3,0,0,0],"texture":"#1"}}},{"from":[14.601,12.251,7.501],"to":[17.599,13.249,8.499],"rotation":{"angle":-45,"axis":"z","origin":[14.6,14.25,7]},"faces":{"north":{"uv":[13.5,9.5,15,10],"texture":"#1"},"east":{"uv":[6,9,6.5,9.5],"texture":"#1"},"south":{"uv":[14,3,15.5,3.5],"texture":"#1"},"west":{"uv":[6.5,9,7,9.5],"texture":"#1"},"up":{"uv":[13,14.5,11.5,14],"texture":"#1"},"down":{"uv":[15.5,12.5,14,13],"texture":"#1"}}}],"gui_light":"front","display":{"thirdperson_righthand":{"rotation":[0,-90,0],"translation":[0,3.75,1.25],"scale":[0.6,0.6,0.6]},"thirdperson_lefthand":{"rotation":[0,90,0],"translation":[0,3.75,1.25],"scale":[0.6,0.6,0.6]},"firstperson_righthand":{"rotation":[20,-90,0],"translation":[2,4,0.5],"scale":[0.6,0.6,0.6]},"firstperson_lefthand":{"rotation":[20,90,0],"translation":[2,4,0.5],"scale":[0.6,0.6,0.6]},"ground":{"rotation":[0,0,-45],"translation":[2.5,7,0],"scale":[0.5,0.5,0.5]},"gui":{"rotation":[0,0,-45],"translation":[1.25,0.75,-0.75],"scale":[0.5,0.5,0.5]},"head":{"rotation":[0,0,45],"translation":[9.75,7.5,0.75],"scale":[0.6,0.6,0.6]},"fixed":{"rotation":[0,-180,-45],"translation":[-2,0.75,-0.75],"scale":[0.6,0.6,0.6]}}}