{"texture_size":[32,32],"textures":{"1":"jackpot:item/nebula/nebula_hoe"},"elements":[{"from":[6.5,-11.202,6.499],"to":[9.502,-8.2,9.501],"rotation":{"angle":0,"axis":"y","origin":[7.501,-10.201,7.5]},"faces":{"north":{"uv":[10.5,5.5,12,7],"texture":"#1"},"east":{"uv":[10,10.5,11.5,12],"texture":"#1"},"south":{"uv":[6.5,11,8,12.5],"texture":"#1"},"west":{"uv":[1.5,11.5,3,13],"texture":"#1"},"up":{"uv":[4.5,13,3,11.5],"texture":"#1"},"down":{"uv":[6,11.5,4.5,13],"texture":"#1"}}},{"from":[7,-8.2,7],"to":[9,7.8,9],"rotation":{"angle":0,"axis":"y","origin":[0,21.8,0]},"faces":{"north":{"uv":[0,0,1,8],"texture":"#1"},"east":{"uv":[1,0,2,8],"texture":"#1"},"south":{"uv":[2,0,3,8],"texture":"#1"},"west":{"uv":[3,0,4,8],"texture":"#1"},"up":{"uv":[11.5,8,10.5,7],"texture":"#1"},"down":{"uv":[7,12.5,6,13.5],"texture":"#1"}}},{"from":[7,-13.2,8],"to":[9,-11.2,8],"rotation":{"angle":-45,"axis":"y","origin":[8,-12.2,8]},"faces":{"north":{"uv":[7,12.5,8,13.5],"texture":"#1"},"east":{"uv":[0,0,0,1],"texture":"#1"},"south":{"uv":[11.5,12.5,12.5,13.5],"texture":"#1"},"west":{"uv":[0,0,0,1],"texture":"#1"},"up":{"uv":[1,0,0,0],"texture":"#1"},"down":{"uv":[1,0,0,0],"texture":"#1"}}},{"from":[7,-13.2,8],"to":[9,-11.2,8],"rotation":{"angle":45,"axis":"y","origin":[8,-12.2,8]},"faces":{"north":{"uv":[12.5,12.5,13.5,13.5],"texture":"#1"},"east":{"uv":[0,0,0,1],"texture":"#1"},"south":{"uv":[0,13,1,14],"texture":"#1"},"west":{"uv":[0,0,0,1],"texture":"#1"},"up":{"uv":[1,0,0,0],"texture":"#1"},"down":{"uv":[1,0,0,0],"texture":"#1"}}},{"from":[6.501,-6.199,6.501],"to":[9.499,2.799,9.499],"rotation":{"angle":0,"axis":"y","origin":[0,20.8,0]},"faces":{"north":{"uv":[4,0,5.5,4.5],"texture":"#1"},"east":{"uv":[4,4.5,5.5,9],"texture":"#1"},"south":{"uv":[5.5,0,7,4.5],"texture":"#1"},"west":{"uv":[5.5,4.5,7,9],"texture":"#1"},"up":{"uv":[13,8.5,11.5,7],"texture":"#1"},"down":{"uv":[9.5,11.5,8,13],"texture":"#1"}}},{"from":[6,7.75,6.5],"to":[10,11.75,9.5],"rotation":{"angle":0,"axis":"y","origin":[8,9.75,8]},"faces":{"north":{"uv":[7,4,9,6],"texture":"#1"},"east":{"uv":[9,4,10.5,6],"texture":"#1"},"south":{"uv":[7,6,9,8],"texture":"#1"},"west":{"uv":[9,6,10.5,8],"texture":"#1"},"up":{"uv":[8.5,11,6.5,9.5],"texture":"#1"},"down":{"uv":[11.5,8,9.5,9.5],"texture":"#1"}}},{"from":[5.999,7.749,6.499],"to":[10.001,11.751,9.501],"rotation":{"angle":45,"axis":"z","origin":[8,9.75,8]},"faces":{"north":{"uv":[0,8,2,10],"texture":"#1"},"east":{"uv":[8.5,9.5,10,11.5],"texture":"#1"},"south":{"uv":[2,8,4,10],"texture":"#1"},"west":{"uv":[0,10,1.5,12],"texture":"#1"},"up":{"uv":[12,1.5,10,0],"texture":"#1"},"down":{"uv":[3.5,10,1.5,11.5],"texture":"#1"}}},{"from":[4,13,8],"to":[7,15,8],"rotation":{"angle":0,"axis":"y","origin":[7,13,8]},"faces":{"north":{"uv":[11.5,11.5,13,12.5],"texture":"#1"},"east":{"uv":[0,0,0,1],"texture":"#1"},"south":{"uv":[0,12,1.5,13],"texture":"#1"},"west":{"uv":[0,0,0,1],"texture":"#1"},"up":{"uv":[1.5,0,0,0],"texture":"#1"},"down":{"uv":[1.5,0,0,0],"texture":"#1"}}},{"from":[9,12.6,8],"to":[12,14.6,8],"rotation":{"angle":-22.5,"axis":"z","origin":[10.5,13.6,8]},"faces":{"north":{"uv":[12,0,13.5,1],"texture":"#1"},"east":{"uv":[0,0,0,1],"texture":"#1"},"south":{"uv":[12,5.5,13.5,6.5],"texture":"#1"},"west":{"uv":[0,0,0,1],"texture":"#1"},"up":{"uv":[1.5,0,0,0],"texture":"#1"},"down":{"uv":[1.5,0,0,0],"texture":"#1"}}},{"from":[-0.5,12,8],"to":[1.5,14,8],"rotation":{"angle":22.5,"axis":"z","origin":[1.5,12,8]},"faces":{"north":{"uv":[1,13,2,14],"texture":"#1"},"east":{"uv":[0,0,0,1],"texture":"#1"},"south":{"uv":[13,1,14,2],"texture":"#1"},"west":{"uv":[0,0,0,1],"texture":"#1"},"up":{"uv":[1,0,0,0],"texture":"#1"},"down":{"uv":[1,0,0,0],"texture":"#1"}}},{"from":[2,10.25,7],"to":[7,13.25,9],"rotation":{"angle":0,"axis":"y","origin":[9.01,10.74,7.99]},"faces":{"north":{"uv":[7,8,9.5,9.5],"texture":"#1"},"east":{"uv":[9.5,12,10.5,13.5],"texture":"#1"},"south":{"uv":[4,9,6.5,10.5],"texture":"#1"},"west":{"uv":[10.5,12,11.5,13.5],"texture":"#1"},"up":{"uv":[13,4.5,10.5,3.5],"texture":"#1"},"down":{"uv":[13,4.5,10.5,5.5],"texture":"#1"}}},{"from":[-2,10.75,7.5],"to":[2,12.75,8.5],"rotation":{"angle":22.5,"axis":"z","origin":[2,12.75,8]},"faces":{"north":{"uv":[11.5,8.5,13.5,9.5],"texture":"#1"},"east":{"uv":[6,11.5,6.5,12.5],"texture":"#1"},"south":{"uv":[11.5,10.5,13.5,11.5],"texture":"#1"},"west":{"uv":[5.5,13,6,14],"texture":"#1"},"up":{"uv":[14,7,12,6.5],"texture":"#1"},"down":{"uv":[4,13,2,13.5],"texture":"#1"}}},{"from":[-3.52377,9.85505,7.501],"to":[-1.52577,10.85305,8.499],"rotation":{"angle":45,"axis":"z","origin":[-1.52477,10.85405,8]},"faces":{"north":{"uv":[12,1,13,1.5],"texture":"#1"},"east":{"uv":[6.5,9,7,9.5],"texture":"#1"},"south":{"uv":[13,7,14,7.5],"texture":"#1"},"west":{"uv":[3.5,10,4,10.5],"texture":"#1"},"up":{"uv":[14,8,13,7.5],"texture":"#1"},"down":{"uv":[9,13,8,13.5],"texture":"#1"}}},{"from":[7,11.25,7],"to":[13,13.25,9],"rotation":{"angle":0,"axis":"y","origin":[11,11.25,7.5]},"faces":{"north":{"uv":[10,1.5,13,2.5],"texture":"#1"},"east":{"uv":[13,2,14,3],"texture":"#1"},"south":{"uv":[10,2.5,13,3.5],"texture":"#1"},"west":{"uv":[13,3,14,4],"texture":"#1"},"up":{"uv":[13,10.5,10,9.5],"texture":"#1"},"down":{"uv":[6.5,10.5,3.5,11.5],"texture":"#1"}}},{"from":[7.5,8.25,8],"to":[13.5,12.25,8],"rotation":{"angle":45,"axis":"z","origin":[11.5,10.25,8]},"faces":{"north":{"uv":[7,0,10,2],"texture":"#1"},"east":{"uv":[0,0,0,2],"texture":"#1"},"south":{"uv":[7,2,10,4],"texture":"#1"},"west":{"uv":[0,0,0,2],"texture":"#1"},"up":{"uv":[3,0,0,0],"texture":"#1"},"down":{"uv":[3,0,0,0],"texture":"#1"}}},{"from":[13,12.252,7.501],"to":[15.998,13.25,8.499],"rotation":{"angle":0,"axis":"y","origin":[14.499,12.751,8.501]},"faces":{"north":{"uv":[4,13,5.5,13.5],"texture":"#1"},"east":{"uv":[10,3.5,10.5,4],"texture":"#1"},"south":{"uv":[13,4,14.5,4.5],"texture":"#1"},"west":{"uv":[8,11,8.5,11.5],"texture":"#1"},"up":{"uv":[14.5,5,13,4.5],"texture":"#1"},"down":{"uv":[14.5,5,13,5.5],"texture":"#1"}}}],"gui_light":"front","display":{"thirdperson_righthand":{"rotation":[0,-90,0],"translation":[0,3.75,1.25],"scale":[0.6,0.6,0.6]},"thirdperson_lefthand":{"rotation":[0,90,0],"translation":[0,3.75,1.25],"scale":[0.6,0.6,0.6]},"firstperson_righthand":{"rotation":[20,-90,0],"translation":[2,4,0.5],"scale":[0.6,0.6,0.6]},"firstperson_lefthand":{"rotation":[20,90,0],"translation":[2,4,0.5],"scale":[0.6,0.6,0.6]},"ground":{"rotation":[0,0,-45],"translation":[2.5,7,0],"scale":[0.5,0.5,0.5]},"gui":{"rotation":[0,0,-45],"translation":[1.75,1.75,-0.75],"scale":[0.55,0.55,0.55]},"head":{"rotation":[0,0,45],"translation":[9.75,7.5,0.75],"scale":[0.6,0.6,0.6]},"fixed":{"rotation":[0,-180,-45],"translation":[-2.25,2,-0.75],"scale":[0.7,0.7,0.7]}}}