{"textures":{"0":"modelengine:entity/jackpot_mc"},"elements":[{"name":"cube","from":[7.52,8.48,7.46],"to":[8.48,9.440001,8.54],"rotation":{"angle":0.0,"axis":"x","origin":[9.92,7.16,7.7]},"faces":{"down":{"uv":[13.25,1.75,13.0,2.0],"rotation":0,"texture":"#0","tintindex":0},"east":{"uv":[12.75,12.875,13.0,13.125],"rotation":0,"texture":"#0","tintindex":0},"north":{"uv":[12.875,10.875,13.125,11.125],"rotation":0,"texture":"#0","tintindex":0},"south":{"uv":[13.0,1.0,13.25,1.25],"rotation":0,"texture":"#0","tintindex":0},"up":{"uv":[13.25,1.75,13.0,1.5],"rotation":0,"texture":"#0","tintindex":0},"west":{"uv":[13.0,1.25,13.25,1.5],"rotation":0,"texture":"#0","tintindex":0}}},{"name":"cube","from":[7.6706,8.3306,7.4606004],"to":[8.329399,9.5894,8.5394],"rotation":{"angle":0.0,"axis":"x","origin":[9.92,7.16,7.7]},"faces":{"down":{"uv":[8.5,13.375,8.375,13.625],"rotation":0,"texture":"#0","tintindex":0},"east":{"uv":[1.875,13.0,2.125,13.25],"rotation":0,"texture":"#0","tintindex":0},"north":{"uv":[11.0,3.5,11.125,3.75],"rotation":0,"texture":"#0","tintindex":0},"south":{"uv":[5.375,13.375,5.5,13.625],"rotation":0,"texture":"#0","tintindex":0},"up":{"uv":[7.375,13.625,7.25,13.375],"rotation":0,"texture":"#0","tintindex":0},"west":{"uv":[13.0,2.0,13.25,2.25],"rotation":0,"texture":"#0","tintindex":0}}},{"name":"cube","from":[8.48,6.0799994,7.46],"to":[8.959999,9.440001,8.54],"rotation":{"angle":0.0,"axis":"x","origin":[10.28,7.16,7.7]},"faces":{"down":{"uv":[13.625,0.5,13.5,0.75],"rotation":0,"texture":"#0","tintindex":0},"east":{"uv":[7.5,9.0,7.75,9.75],"rotation":0,"texture":"#0","tintindex":0},"north":{"uv":[11.875,4.375,12.0,5.125],"rotation":0,"texture":"#0","tintindex":0},"south":{"uv":[4.875,11.875,5.0,12.625],"rotation":0,"texture":"#0","tintindex":0},"up":{"uv":[13.625,0.5,13.5,0.25],"rotation":0,"texture":"#0","tintindex":0},"west":{"uv":[7.75,9.0,8.0,9.75],"rotation":0,"texture":"#0","tintindex":0}}},{"name":"cube","from":[8.3306,5.930599,7.4606004],"to":[9.1094,9.5894,8.5394],"rotation":{"angle":0.0,"axis":"x","origin":[10.28,7.16,7.7]},"faces":{"down":{"uv":[13.625,1.0,13.5,1.25],"rotation":0,"texture":"#0","tintindex":0},"east":{"uv":[8.0,9.0,8.25,9.75],"rotation":0,"texture":"#0","tintindex":0},"north":{"uv":[5.0,11.875,5.125,12.625],"rotation":0,"texture":"#0","tintindex":0},"south":{"uv":[5.125,11.875,5.25,12.625],"rotation":0,"texture":"#0","tintindex":0},"up":{"uv":[13.625,1.0,13.5,0.75],"rotation":0,"texture":"#0","tintindex":0},"west":{"uv":[8.25,9.0,8.5,9.75],"rotation":0,"texture":"#0","tintindex":0}}},{"name":"cube","from":[7.52,7.04,7.46],"to":[8.48,8.0,8.54],"rotation":{"angle":0.0,"axis":"x","origin":[9.92,7.16,7.7]},"faces":{"down":{"uv":[3.375,13.0,3.125,13.25],"rotation":0,"texture":"#0","tintindex":0},"east":{"uv":[13.0,2.25,13.25,2.5],"rotation":0,"texture":"#0","tintindex":0},"north":{"uv":[2.125,13.0,2.375,13.25],"rotation":0,"texture":"#0","tintindex":0},"south":{"uv":[2.375,13.0,2.625,13.25],"rotation":0,"texture":"#0","tintindex":0},"up":{"uv":[3.125,13.25,2.875,13.0],"rotation":0,"texture":"#0","tintindex":0},"west":{"uv":[2.625,13.0,2.875,13.25],"rotation":0,"texture":"#0","tintindex":0}}},{"name":"cube","from":[7.6706,6.8905997,7.4606004],"to":[8.329399,8.1494,8.5394],"rotation":{"angle":0.0,"axis":"x","origin":[9.92,7.16,7.7]},"faces":{"down":{"uv":[13.625,1.75,13.5,2.0],"rotation":0,"texture":"#0","tintindex":0},"east":{"uv":[3.375,13.0,3.625,13.25],"rotation":0,"texture":"#0","tintindex":0},"north":{"uv":[13.5,1.25,13.625,1.5],"rotation":0,"texture":"#0","tintindex":0},"south":{"uv":[13.5,1.5,13.625,1.75],"rotation":0,"texture":"#0","tintindex":0},"up":{"uv":[1.875,13.75,1.75,13.5],"rotation":0,"texture":"#0","tintindex":0},"west":{"uv":[4.5,13.0,4.75,13.25],"rotation":0,"texture":"#0","tintindex":0}}},{"name":"cube","from":[7.04,6.0799994,7.46],"to":[7.52,9.440001,8.54],"rotation":{"angle":0.0,"axis":"x","origin":[9.92,7.16,7.7]},"faces":{"down":{"uv":[2.125,13.5,2.0,13.75],"rotation":0,"texture":"#0","tintindex":0},"east":{"uv":[8.5,9.0,8.75,9.75],"rotation":0,"texture":"#0","tintindex":0},"north":{"uv":[11.875,5.125,12.0,5.875],"rotation":0,"texture":"#0","tintindex":0},"south":{"uv":[5.25,11.875,5.375,12.625],"rotation":0,"texture":"#0","tintindex":0},"up":{"uv":[2.0,13.75,1.875,13.5],"rotation":0,"texture":"#0","tintindex":0},"west":{"uv":[8.75,9.0,9.0,9.75],"rotation":0,"texture":"#0","tintindex":0}}},{"name":"cube","from":[6.8905997,5.930599,7.4606004],"to":[7.6693997,9.5894,8.5394],"rotation":{"angle":0.0,"axis":"x","origin":[9.92,7.16,7.7]},"faces":{"down":{"uv":[2.25,13.5,2.125,13.75],"rotation":0,"texture":"#0","tintindex":0},"east":{"uv":[9.0,9.0,9.25,9.75],"rotation":0,"texture":"#0","tintindex":0},"north":{"uv":[5.375,11.875,5.5,12.625],"rotation":0,"texture":"#0","tintindex":0},"south":{"uv":[5.5,11.875,5.625,12.625],"rotation":0,"texture":"#0","tintindex":0},"up":{"uv":[13.625,2.25,13.5,2.0],"rotation":0,"texture":"#0","tintindex":0},"west":{"uv":[0.0,9.25,0.25,10.0],"rotation":0,"texture":"#0","tintindex":0}}}],"display":{"head":{"translation":[0.0,-6.4,0.0],"rotation":[0.0,0.0,0.0],"scale":[3.8095,3.8095,3.8095]}}}