{"textures":{"0":"modelengine:entity/jackpot_mc"},"elements":[{"name":"cube","from":[3.1999998,8.0,3.1999998],"to":[12.8,9.2,12.8],"rotation":{"angle":0.0,"axis":"x","origin":[8.0,8.0,8.0]},"faces":{"down":{"uv":[7.0,0.0,5.0,2.0],"rotation":0,"texture":"#0","tintindex":0},"east":{"uv":[8.75,3.75,10.75,4.0],"rotation":0,"texture":"#0","tintindex":0},"north":{"uv":[2.25,8.75,4.25,9.0],"rotation":0,"texture":"#0","tintindex":0},"south":{"uv":[8.75,4.0,10.75,4.25],"rotation":0,"texture":"#0","tintindex":0},"up":{"uv":[6.75,6.0,4.75,4.0],"rotation":0,"texture":"#0","tintindex":0},"west":{"uv":[4.25,8.75,6.25,9.0],"rotation":0,"texture":"#0","tintindex":0}}},{"name":"cube","from":[1.9999998,9.2,2.6],"to":[14.0,18.8,13.400001],"rotation":{"angle":0.0,"axis":"x","origin":[8.0,8.0,8.0]},"faces":{"down":{"uv":[2.5,2.25,0.0,4.5],"rotation":0,"texture":"#0","tintindex":0},"east":{"uv":[2.5,4.0,4.75,6.0],"rotation":0,"texture":"#0","tintindex":0},"north":{"uv":[2.5,0.0,5.0,2.0],"rotation":0,"texture":"#0","tintindex":0},"south":{"uv":[2.5,2.0,5.0,4.0],"rotation":0,"texture":"#0","tintindex":0},"up":{"uv":[2.5,2.25,0.0,0.0],"rotation":0,"texture":"#0","tintindex":0},"west":{"uv":[0.0,4.5,2.25,6.5],"rotation":0,"texture":"#0","tintindex":0}}},{"name":"cube","from":[2.6,9.8,13.400001],"to":[13.400001,18.2,14.0],"rotation":{"angle":0.0,"axis":"x","origin":[8.0,8.0,8.0]},"faces":{"down":{"uv":[11.25,5.875,9.0,6.0],"rotation":0,"texture":"#0","tintindex":0},"east":{"uv":[5.0,9.0,5.125,10.75],"rotation":0,"texture":"#0","tintindex":0},"north":{"uv":[5.0,2.0,7.25,3.75],"rotation":0,"texture":"#0","tintindex":0},"south":{"uv":[2.25,6.0,4.5,7.75],"rotation":0,"texture":"#0","tintindex":0},"up":{"uv":[11.25,5.875,9.0,5.75],"rotation":0,"texture":"#0","tintindex":0},"west":{"uv":[5.125,9.0,5.25,10.75],"rotation":0,"texture":"#0","tintindex":0}}},{"name":"cube","from":[2.6006,9.8006,2.0005999],"to":[13.399401,18.199402,2.5993996],"rotation":{"angle":0.0,"axis":"x","origin":[8.0,8.0,8.0]},"faces":{"down":{"uv":[11.25,6.125,9.0,6.25],"rotation":0,"texture":"#0","tintindex":0},"east":{"uv":[5.25,9.0,5.375,10.75],"rotation":0,"texture":"#0","tintindex":0},"north":{"uv":[4.5,6.0,6.75,7.75],"rotation":0,"texture":"#0","tintindex":0},"south":{"uv":[0.0,6.5,2.25,8.25],"rotation":0,"texture":"#0","tintindex":0},"up":{"uv":[11.25,6.125,9.0,6.0],"rotation":0,"texture":"#0","tintindex":0},"west":{"uv":[5.375,9.0,5.5,10.75],"rotation":0,"texture":"#0","tintindex":0}}},{"name":"cube","from":[14.0,9.8,3.1999998],"to":[15.2,17.0,12.8],"rotation":{"angle":0.0,"axis":"x","origin":[8.0,8.0,8.0]},"faces":{"down":{"uv":[6.5,8.75,6.25,10.75],"rotation":0,"texture":"#0","tintindex":0},"east":{"uv":[6.75,3.75,8.75,5.25],"rotation":0,"texture":"#0","tintindex":0},"north":{"uv":[2.25,4.5,2.5,6.0],"rotation":0,"texture":"#0","tintindex":0},"south":{"uv":[4.0,9.0,4.25,10.5],"rotation":0,"texture":"#0","tintindex":0},"up":{"uv":[9.0,6.25,8.75,4.25],"rotation":0,"texture":"#0","tintindex":0},"west":{"uv":[6.75,5.25,8.75,6.75],"rotation":0,"texture":"#0","tintindex":0}}},{"name":"cube","from":[0.7999997,9.8,3.1999998],"to":[1.9999998,17.0,12.8],"rotation":{"angle":0.0,"axis":"x","origin":[8.0,8.0,8.0]},"faces":{"down":{"uv":[6.75,8.75,6.5,10.75],"rotation":0,"texture":"#0","tintindex":0},"east":{"uv":[6.75,6.75,8.75,8.25],"rotation":0,"texture":"#0","tintindex":0},"north":{"uv":[4.25,9.0,4.5,10.5],"rotation":0,"texture":"#0","tintindex":0},"south":{"uv":[9.0,4.25,9.25,5.75],"rotation":0,"texture":"#0","tintindex":0},"up":{"uv":[9.0,8.25,8.75,6.25],"rotation":0,"texture":"#0","tintindex":0},"west":{"uv":[7.0,0.0,9.0,1.5],"rotation":0,"texture":"#0","tintindex":0}}},{"name":"cube","from":[1.3999997,17.0,3.1999998],"to":[1.9999998,18.2,12.8],"rotation":{"angle":0.0,"axis":"x","origin":[8.0,8.0,8.0]},"faces":{"down":{"uv":[4.75,9.0,4.625,11.0],"rotation":0,"texture":"#0","tintindex":0},"east":{"uv":[6.75,8.75,8.75,9.0],"rotation":0,"texture":"#0","tintindex":0},"north":{"uv":[9.5,13.5,9.625,13.75],"rotation":0,"texture":"#0","tintindex":0},"south":{"uv":[9.625,13.5,9.75,13.75],"rotation":0,"texture":"#0","tintindex":0},"up":{"uv":[4.625,11.0,4.5,9.0],"rotation":0,"texture":"#0","tintindex":0},"west":{"uv":[8.75,8.75,10.75,9.0],"rotation":0,"texture":"#0","tintindex":0}}},{"name":"cube","from":[0.9845705,17.619698,6.2],"to":[1.8845706,18.819698,9.8],"rotation":{"angle":-22.5,"axis":"z","origin":[-0.21542954,18.219698,8.0]},"faces":{"down":{"uv":[10.5,7.0,10.25,7.75],"rotation":0,"texture":"#0","tintindex":0},"east":{"uv":[5.75,7.75,6.5,8.0],"rotation":0,"texture":"#0","tintindex":0},"north":{"uv":[5.125,13.375,5.375,13.625],"rotation":0,"texture":"#0","tintindex":0},"south":{"uv":[13.375,5.25,13.625,5.5],"rotation":0,"texture":"#0","tintindex":0},"up":{"uv":[10.5,7.0,10.25,6.25],"rotation":0,"texture":"#0","tintindex":0},"west":{"uv":[5.75,8.0,6.5,8.25],"rotation":0,"texture":"#0","tintindex":0}}},{"name":"cube","from":[-0.21542954,17.619698,6.2],"to":[0.9845705,18.819698,7.25],"rotation":{"angle":-22.5,"axis":"z","origin":[-0.21542954,18.219698,8.0]},"faces":{"down":{"uv":[13.625,6.5,13.375,6.75],"rotation":0,"texture":"#0","tintindex":0},"east":{"uv":[5.75,13.375,6.0,13.625],"rotation":0,"texture":"#0","tintindex":0},"north":{"uv":[13.375,5.5,13.625,5.75],"rotation":0,"texture":"#0","tintindex":0},"south":{"uv":[6.0,13.375,6.25,13.625],"rotation":0,"texture":"#0","tintindex":0},"up":{"uv":[6.75,13.625,6.5,13.375],"rotation":0,"texture":"#0","tintindex":0},"west":{"uv":[6.25,13.375,6.5,13.625],"rotation":0,"texture":"#0","tintindex":0}}},{"name":"cube","from":[-0.21542954,17.619698,8.75],"to":[0.9845705,18.819698,9.8],"rotation":{"angle":-22.5,"axis":"z","origin":[-0.21542954,18.219698,8.0]},"faces":{"down":{"uv":[13.625,7.5,13.375,7.75],"rotation":0,"texture":"#0","tintindex":0},"east":{"uv":[13.375,6.75,13.625,7.0],"rotation":0,"texture":"#0","tintindex":0},"north":{"uv":[6.75,13.375,7.0,13.625],"rotation":0,"texture":"#0","tintindex":0},"south":{"uv":[7.0,13.375,7.25,13.625],"rotation":0,"texture":"#0","tintindex":0},"up":{"uv":[13.625,7.5,13.375,7.25],"rotation":0,"texture":"#0","tintindex":0},"west":{"uv":[13.375,7.0,13.625,7.25],"rotation":0,"texture":"#0","tintindex":0}}},{"name":"cube","from":[-1.1154294,17.619698,6.2],"to":[-0.21542954,18.819698,9.8],"rotation":{"angle":-22.5,"axis":"z","origin":[-0.21542954,18.219698,8.0]},"faces":{"down":{"uv":[10.5,9.0,10.25,9.75],"rotation":0,"texture":"#0","tintindex":0},"east":{"uv":[9.0,7.75,9.75,8.0],"rotation":0,"texture":"#0","tintindex":0},"north":{"uv":[7.625,13.375,7.875,13.625],"rotation":0,"texture":"#0","tintindex":0},"south":{"uv":[13.375,7.75,13.625,8.0],"rotation":0,"texture":"#0","tintindex":0},"up":{"uv":[10.5,8.5,10.25,7.75],"rotation":0,"texture":"#0","tintindex":0},"west":{"uv":[9.0,8.0,9.75,8.25],"rotation":0,"texture":"#0","tintindex":0}}},{"name":"cube","from":[15.0154295,17.619698,8.75],"to":[16.215431,18.819698,9.8],"rotation":{"angle":22.5,"axis":"z","origin":[16.215431,18.219698,8.0]},"faces":{"down":{"uv":[13.625,9.0,13.375,9.25],"rotation":0,"texture":"#0","tintindex":0},"east":{"uv":[8.125,13.375,8.375,13.625],"rotation":0,"texture":"#0","tintindex":0},"north":{"uv":[7.875,13.375,8.125,13.625],"rotation":0,"texture":"#0","tintindex":0},"south":{"uv":[13.375,8.25,13.625,8.5],"rotation":0,"texture":"#0","tintindex":0},"up":{"uv":[13.625,9.0,13.375,8.75],"rotation":0,"texture":"#0","tintindex":0},"west":{"uv":[13.375,8.5,13.625,8.75],"rotation":0,"texture":"#0","tintindex":0}}},{"name":"cube","from":[16.215431,17.619698,6.2],"to":[17.115429,18.819698,9.8],"rotation":{"angle":22.5,"axis":"z","origin":[16.215431,18.219698,8.0]},"faces":{"down":{"uv":[10.75,2.0,10.5,2.75],"rotation":0,"texture":"#0","tintindex":0},"east":{"uv":[9.5,3.5,10.25,3.75],"rotation":0,"texture":"#0","tintindex":0},"north":{"uv":[13.375,9.25,13.625,9.5],"rotation":0,"texture":"#0","tintindex":0},"south":{"uv":[13.375,9.5,13.625,9.75],"rotation":0,"texture":"#0","tintindex":0},"up":{"uv":[10.5,10.5,10.25,9.75],"rotation":0,"texture":"#0","tintindex":0},"west":{"uv":[10.25,3.5,11.0,3.75],"rotation":0,"texture":"#0","tintindex":0}}},{"name":"cube","from":[15.0154295,17.619698,6.2],"to":[16.215431,18.819698,7.25],"rotation":{"angle":22.5,"axis":"z","origin":[16.215431,18.219698,8.0]},"faces":{"down":{"uv":[13.625,11.0,13.375,11.25],"rotation":0,"texture":"#0","tintindex":0},"east":{"uv":[13.375,10.0,13.625,10.25],"rotation":0,"texture":"#0","tintindex":0},"north":{"uv":[13.375,9.75,13.625,10.0],"rotation":0,"texture":"#0","tintindex":0},"south":{"uv":[13.375,10.25,13.625,10.5],"rotation":0,"texture":"#0","tintindex":0},"up":{"uv":[13.625,11.0,13.375,10.75],"rotation":0,"texture":"#0","tintindex":0},"west":{"uv":[13.375,10.5,13.625,10.75],"rotation":0,"texture":"#0","tintindex":0}}},{"name":"cube","from":[14.11543,17.619698,6.2],"to":[15.0154295,18.819698,9.8],"rotation":{"angle":22.5,"axis":"z","origin":[16.215431,18.219698,8.0]},"faces":{"down":{"uv":[4.5,10.5,4.25,11.25],"rotation":0,"texture":"#0","tintindex":0},"east":{"uv":[10.25,8.5,11.0,8.75],"rotation":0,"texture":"#0","tintindex":0},"north":{"uv":[13.375,11.25,13.625,11.5],"rotation":0,"texture":"#0","tintindex":0},"south":{"uv":[13.375,11.75,13.625,12.0],"rotation":0,"texture":"#0","tintindex":0},"up":{"uv":[4.25,11.25,4.0,10.5],"rotation":0,"texture":"#0","tintindex":0},"west":{"uv":[10.5,2.75,11.25,3.0],"rotation":0,"texture":"#0","tintindex":0}}},{"name":"cube","from":[14.0,17.0,3.1999998],"to":[14.6,18.2,12.8],"rotation":{"angle":0.0,"axis":"x","origin":[8.0,8.0,8.0]},"faces":{"down":{"uv":[5.0,9.0,4.875,11.0],"rotation":0,"texture":"#0","tintindex":0},"east":{"uv":[0.0,9.0,2.0,9.25],"rotation":0,"texture":"#0","tintindex":0},"north":{"uv":[9.75,13.5,9.875,13.75],"rotation":0,"texture":"#0","tintindex":0},"south":{"uv":[9.875,13.5,10.0,13.75],"rotation":0,"texture":"#0","tintindex":0},"up":{"uv":[4.875,11.0,4.75,9.0],"rotation":0,"texture":"#0","tintindex":0},"west":{"uv":[9.0,0.0,11.0,0.25],"rotation":0,"texture":"#0","tintindex":0}}},{"name":"cube","from":[2.6,18.8,3.1999998],"to":[3.7999997,21.2,12.8],"rotation":{"angle":0.0,"axis":"x","origin":[8.0,8.0,8.0]},"faces":{"down":{"uv":[2.5,9.0,2.25,11.0],"rotation":0,"texture":"#0","tintindex":0},"east":{"uv":[7.0,1.5,9.0,2.0],"rotation":0,"texture":"#0","tintindex":0},"north":{"uv":[6.5,11.625,6.75,12.125],"rotation":0,"texture":"#0","tintindex":0},"south":{"uv":[11.625,6.625,11.875,7.125],"rotation":0,"texture":"#0","tintindex":0},"up":{"uv":[2.25,11.0,2.0,9.0],"rotation":0,"texture":"#0","tintindex":0},"west":{"uv":[7.25,2.0,9.25,2.5],"rotation":0,"texture":"#0","tintindex":0}}},{"name":"cube","from":[3.7999997,18.8,3.1999998],"to":[12.2,21.2,4.3999996],"rotation":{"angle":0.0,"axis":"x","origin":[8.0,8.0,8.0]},"faces":{"down":{"uv":[10.75,1.25,9.0,1.5],"rotation":0,"texture":"#0","tintindex":0},"east":{"uv":[6.75,11.625,7.0,12.125],"rotation":0,"texture":"#0","tintindex":0},"north":{"uv":[2.25,7.75,4.0,8.25],"rotation":0,"texture":"#0","tintindex":0},"south":{"uv":[4.0,7.75,5.75,8.25],"rotation":0,"texture":"#0","tintindex":0},"up":{"uv":[6.75,4.0,5.0,3.75],"rotation":0,"texture":"#0","tintindex":0},"west":{"uv":[7.0,11.625,7.25,12.125],"rotation":0,"texture":"#0","tintindex":0}}},{"name":"cube","from":[3.7999997,18.8,11.6],"to":[12.2,21.2,12.8],"rotation":{"angle":0.0,"axis":"x","origin":[8.0,8.0,8.0]},"faces":{"down":{"uv":[10.75,1.75,9.0,2.0],"rotation":0,"texture":"#0","tintindex":0},"east":{"uv":[11.625,7.125,11.875,7.625],"rotation":0,"texture":"#0","tintindex":0},"north":{"uv":[0.0,8.25,1.75,8.75],"rotation":0,"texture":"#0","tintindex":0},"south":{"uv":[1.75,8.25,3.5,8.75],"rotation":0,"texture":"#0","tintindex":0},"up":{"uv":[10.75,1.75,9.0,1.5],"rotation":0,"texture":"#0","tintindex":0},"west":{"uv":[7.25,11.625,7.5,12.125],"rotation":0,"texture":"#0","tintindex":0}}},{"name":"cube","from":[12.2,18.8,3.1999998],"to":[13.400001,21.2,12.8],"rotation":{"angle":0.0,"axis":"x","origin":[9.8,8.0,8.0]},"faces":{"down":{"uv":[3.0,9.0,2.75,11.0],"rotation":0,"texture":"#0","tintindex":0},"east":{"uv":[7.25,2.5,9.25,3.0],"rotation":0,"texture":"#0","tintindex":0},"north":{"uv":[7.5,11.625,7.75,12.125],"rotation":0,"texture":"#0","tintindex":0},"south":{"uv":[11.625,7.625,11.875,8.125],"rotation":0,"texture":"#0","tintindex":0},"up":{"uv":[2.75,11.0,2.5,9.0],"rotation":0,"texture":"#0","tintindex":0},"west":{"uv":[7.25,3.0,9.25,3.5],"rotation":0,"texture":"#0","tintindex":0}}},{"name":"cube","from":[1.3999997,20.0,3.1999998],"to":[2.6,21.2,12.8],"rotation":{"angle":0.0,"axis":"x","origin":[8.0,8.0,8.0]},"faces":{"down":{"uv":[3.5,9.0,3.25,11.0],"rotation":0,"texture":"#0","tintindex":0},"east":{"uv":[9.0,0.25,11.0,0.5],"rotation":0,"texture":"#0","tintindex":0},"north":{"uv":[13.375,12.375,13.625,12.625],"rotation":0,"texture":"#0","tintindex":0},"south":{"uv":[12.5,13.375,12.75,13.625],"rotation":0,"texture":"#0","tintindex":0},"up":{"uv":[3.25,11.0,3.0,9.0],"rotation":0,"texture":"#0","tintindex":0},"west":{"uv":[9.0,0.5,11.0,0.75],"rotation":0,"texture":"#0","tintindex":0}}},{"name":"cube","from":[13.400001,20.0,3.1999998],"to":[14.6,21.2,12.8],"rotation":{"angle":0.0,"axis":"x","origin":[8.0,8.0,8.0]},"faces":{"down":{"uv":[4.0,9.0,3.75,11.0],"rotation":0,"texture":"#0","tintindex":0},"east":{"uv":[9.0,0.75,11.0,1.0],"rotation":0,"texture":"#0","tintindex":0},"north":{"uv":[13.375,12.625,13.625,12.875],"rotation":0,"texture":"#0","tintindex":0},"south":{"uv":[12.75,13.375,13.0,13.625],"rotation":0,"texture":"#0","tintindex":0},"up":{"uv":[3.75,11.0,3.5,9.0],"rotation":0,"texture":"#0","tintindex":0},"west":{"uv":[9.0,1.0,11.0,1.25],"rotation":0,"texture":"#0","tintindex":0}}},{"name":"cube","from":[2.6,20.0,1.9999998],"to":[13.400001,21.2,3.1999998],"rotation":{"angle":0.0,"axis":"x","origin":[8.0,8.0,8.0]},"faces":{"down":{"uv":[10.25,8.25,8.0,8.5],"rotation":0,"texture":"#0","tintindex":0},"east":{"uv":[13.0,13.375,13.25,13.625],"rotation":0,"texture":"#0","tintindex":0},"north":{"uv":[7.25,3.5,9.5,3.75],"rotation":0,"texture":"#0","tintindex":0},"south":{"uv":[3.5,8.25,5.75,8.5],"rotation":0,"texture":"#0","tintindex":0},"up":{"uv":[8.0,8.5,5.75,8.25],"rotation":0,"texture":"#0","tintindex":0},"west":{"uv":[13.375,13.125,13.625,13.375],"rotation":0,"texture":"#0","tintindex":0}}},{"name":"cube","from":[2.6,20.0,12.8],"to":[13.400001,21.2,14.0],"rotation":{"angle":0.0,"axis":"x","origin":[8.0,8.0,8.0]},"faces":{"down":{"uv":[2.25,8.75,0.0,9.0],"rotation":0,"texture":"#0","tintindex":0},"east":{"uv":[13.25,13.375,13.5,13.625],"rotation":0,"texture":"#0","tintindex":0},"north":{"uv":[3.5,8.5,5.75,8.75],"rotation":0,"texture":"#0","tintindex":0},"south":{"uv":[5.75,8.5,8.0,8.75],"rotation":0,"texture":"#0","tintindex":0},"up":{"uv":[10.25,8.75,8.0,8.5],"rotation":0,"texture":"#0","tintindex":0},"west":{"uv":[13.5,0.0,13.75,0.25],"rotation":0,"texture":"#0","tintindex":0}}}],"display":{"head":{"translation":[0.0,-6.4,0.0],"rotation":[0.0,0.0,0.0],"scale":[3.8095,3.8095,3.8095]}}}