{"textures":{"0":"modelengine:entity/jackpot_mc"},"elements":[{"name":"cube","from":[7.2,8.719999,7.4599996],"to":[8.16,9.68,8.54],"rotation":{"angle":0.0,"axis":"x","origin":[12.24,7.4,7.7]},"faces":{"down":{"uv":[13.5,2.75,13.25,3.0],"rotation":0,"texture":"#0","tintindex":0},"east":{"uv":[2.25,13.25,2.5,13.5],"rotation":0,"texture":"#0","tintindex":0},"north":{"uv":[13.25,2.0,13.5,2.25],"rotation":0,"texture":"#0","tintindex":0},"south":{"uv":[13.25,2.25,13.5,2.5],"rotation":0,"texture":"#0","tintindex":0},"up":{"uv":[3.0,13.5,2.75,13.25],"rotation":0,"texture":"#0","tintindex":0},"west":{"uv":[2.5,13.25,2.75,13.5],"rotation":0,"texture":"#0","tintindex":0}}},{"name":"cube","from":[8.16,6.3199997,7.4599996],"to":[9.12,9.68,8.54],"rotation":{"angle":0.0,"axis":"x","origin":[12.24,7.4,7.7]},"faces":{"down":{"uv":[13.5,3.0,13.25,3.25],"rotation":0,"texture":"#0","tintindex":0},"east":{"uv":[1.25,10.0,1.5,10.75],"rotation":0,"texture":"#0","tintindex":0},"north":{"uv":[1.0,10.0,1.25,10.75],"rotation":0,"texture":"#0","tintindex":0},"south":{"uv":[1.5,10.0,1.75,10.75],"rotation":0,"texture":"#0","tintindex":0},"up":{"uv":[3.25,13.5,3.0,13.25],"rotation":0,"texture":"#0","tintindex":0},"west":{"uv":[1.75,10.0,2.0,10.75],"rotation":0,"texture":"#0","tintindex":0}}},{"name":"cube","from":[8.0106,6.1706,7.4605994],"to":[9.2694,9.8294,8.5394],"rotation":{"angle":0.0,"axis":"x","origin":[12.24,7.4,7.7]},"faces":{"down":{"uv":[13.5,3.25,13.25,3.5],"rotation":0,"texture":"#0","tintindex":0},"east":{"uv":[10.0,2.75,10.25,3.5],"rotation":0,"texture":"#0","tintindex":0},"north":{"uv":[10.0,2.0,10.25,2.75],"rotation":0,"texture":"#0","tintindex":0},"south":{"uv":[10.0,4.25,10.25,5.0],"rotation":0,"texture":"#0","tintindex":0},"up":{"uv":[3.5,13.5,3.25,13.25],"rotation":0,"texture":"#0","tintindex":0},"west":{"uv":[10.0,5.0,10.25,5.75],"rotation":0,"texture":"#0","tintindex":0}}},{"name":"cube","from":[7.2,6.3199997,7.4599996],"to":[8.16,7.28,8.54],"rotation":{"angle":0.0,"axis":"x","origin":[12.24,7.4,7.7]},"faces":{"down":{"uv":[13.5,5.75,13.25,6.0],"rotation":0,"texture":"#0","tintindex":0},"east":{"uv":[13.25,3.75,13.5,4.0],"rotation":0,"texture":"#0","tintindex":0},"north":{"uv":[13.25,3.5,13.5,3.75],"rotation":0,"texture":"#0","tintindex":0},"south":{"uv":[13.25,4.0,13.5,4.25],"rotation":0,"texture":"#0","tintindex":0},"up":{"uv":[5.75,13.5,5.5,13.25],"rotation":0,"texture":"#0","tintindex":0},"west":{"uv":[4.375,13.25,4.625,13.5],"rotation":0,"texture":"#0","tintindex":0}}},{"name":"cube","from":[7.0506,6.1706,7.4605994],"to":[8.009399,7.4294,8.5394],"rotation":{"angle":0.0,"axis":"x","origin":[12.24,7.4,7.7]},"faces":{"down":{"uv":[9.0,13.25,8.75,13.5],"rotation":0,"texture":"#0","tintindex":0},"east":{"uv":[13.25,6.25,13.5,6.5],"rotation":0,"texture":"#0","tintindex":0},"north":{"uv":[13.25,6.0,13.5,6.25],"rotation":0,"texture":"#0","tintindex":0},"south":{"uv":[7.375,13.25,7.625,13.5],"rotation":0,"texture":"#0","tintindex":0},"up":{"uv":[8.75,13.5,8.5,13.25],"rotation":0,"texture":"#0","tintindex":0},"west":{"uv":[13.25,8.0,13.5,8.25],"rotation":0,"texture":"#0","tintindex":0}}},{"name":"cube","from":[7.0506,8.5706005,7.4605994],"to":[8.009399,9.8294,8.5394],"rotation":{"angle":0.0,"axis":"x","origin":[12.24,7.4,7.7]},"faces":{"down":{"uv":[10.5,13.25,10.25,13.5],"rotation":0,"texture":"#0","tintindex":0},"east":{"uv":[9.25,13.25,9.5,13.5],"rotation":0,"texture":"#0","tintindex":0},"north":{"uv":[9.0,13.25,9.25,13.5],"rotation":0,"texture":"#0","tintindex":0},"south":{"uv":[9.5,13.25,9.75,13.5],"rotation":0,"texture":"#0","tintindex":0},"up":{"uv":[10.25,13.5,10.0,13.25],"rotation":0,"texture":"#0","tintindex":0},"west":{"uv":[9.75,13.25,10.0,13.5],"rotation":0,"texture":"#0","tintindex":0}}}],"display":{"head":{"translation":[0.0,-6.4,0.0],"rotation":[0.0,0.0,0.0],"scale":[3.8095,3.8095,3.8095]}}}