{"textures":{"0":"modelengine:entity/jackpot_mc"},"elements":[{"name":"cube","from":[7.1,7.4,7.1],"to":[8.9,8.6,8.9],"rotation":{"angle":0.0,"axis":"x","origin":[9.8,6.2,6.05]},"faces":{"down":{"uv":[9.375,10.5,9.0,10.875],"rotation":0,"texture":"#0","tintindex":0},"east":{"uv":[1.875,11.75,2.25,12.0],"rotation":0,"texture":"#0","tintindex":0},"north":{"uv":[11.75,0.75,12.125,1.0],"rotation":0,"texture":"#0","tintindex":0},"south":{"uv":[2.25,11.75,2.625,12.0],"rotation":0,"texture":"#0","tintindex":0},"up":{"uv":[9.0,10.875,8.625,10.5],"rotation":0,"texture":"#0","tintindex":0},"west":{"uv":[2.625,11.75,3.0,12.0],"rotation":0,"texture":"#0","tintindex":0}}}],"display":{"head":{"translation":[0.0,-6.4,0.0],"rotation":[0.0,0.0,0.0],"scale":[3.8095,3.8095,3.8095]}}}