{"textures":{"0":"modelengine:entity/jackpot_mc"},"elements":[{"name":"cube","from":[7.1,7.4,7.1],"to":[8.9,8.6,8.9],"rotation":{"angle":0.0,"axis":"x","origin":[9.8,6.2,6.05]},"faces":{"down":{"uv":[9.75,10.5,9.375,10.875],"rotation":0,"texture":"#0","tintindex":0},"east":{"uv":[3.375,11.75,3.75,12.0],"rotation":0,"texture":"#0","tintindex":0},"north":{"uv":[3.0,11.75,3.375,12.0],"rotation":0,"texture":"#0","tintindex":0},"south":{"uv":[4.5,11.75,4.875,12.0],"rotation":0,"texture":"#0","tintindex":0},"up":{"uv":[10.875,9.375,10.5,9.0],"rotation":0,"texture":"#0","tintindex":0},"west":{"uv":[11.75,10.375,12.125,10.625],"rotation":0,"texture":"#0","tintindex":0}}}],"display":{"head":{"translation":[0.0,-6.4,0.0],"rotation":[0.0,0.0,0.0],"scale":[3.8095,3.8095,3.8095]}}}