{"textures":{"0":"modelengine:entity/jackpot_mc"},"elements":[{"name":"cube","from":[4.53396,8.028803,6.372485],"to":[6.3339605,9.228803,8.172485],"rotation":{"angle":-22.5,"axis":"z","origin":[7.0839605,11.628802,5.472485]},"faces":{"down":{"uv":[1.5,10.75,1.125,11.125],"rotation":0,"texture":"#0","tintindex":0},"east":{"uv":[1.875,12.0,2.25,12.25],"rotation":0,"texture":"#0","tintindex":0},"north":{"uv":[11.875,11.75,12.25,12.0],"rotation":0,"texture":"#0","tintindex":0},"south":{"uv":[2.25,12.0,2.625,12.25],"rotation":0,"texture":"#0","tintindex":0},"up":{"uv":[1.125,11.125,0.75,10.75],"rotation":0,"texture":"#0","tintindex":0},"west":{"uv":[12.0,2.5,12.375,2.75],"rotation":0,"texture":"#0","tintindex":0}}},{"name":"cube","from":[3.6916764,7.6196146,9.822485],"to":[5.4916763,8.819614,11.622485],"rotation":{"angle":22.5,"axis":"y","origin":[4.591676,8.219614,10.722486]},"faces":{"down":{"uv":[1.875,10.75,1.5,11.125],"rotation":0,"texture":"#0","tintindex":0},"east":{"uv":[3.0,12.0,3.375,12.25],"rotation":0,"texture":"#0","tintindex":0},"north":{"uv":[2.625,12.0,3.0,12.25],"rotation":0,"texture":"#0","tintindex":0},"south":{"uv":[3.375,12.0,3.75,12.25],"rotation":0,"texture":"#0","tintindex":0},"up":{"uv":[11.125,1.625,10.75,1.25],"rotation":0,"texture":"#0","tintindex":0},"west":{"uv":[12.0,4.375,12.375,4.625],"rotation":0,"texture":"#0","tintindex":0}}},{"name":"cube","from":[4.8916764,6.719614,9.822485],"to":[6.691676,7.9196143,11.622485],"rotation":{"angle":0.0,"axis":"x","origin":[7.8916764,-4.080386,8.022485]},"faces":{"down":{"uv":[11.125,2.0,10.75,2.375],"rotation":0,"texture":"#0","tintindex":0},"east":{"uv":[12.0,4.625,12.375,4.875],"rotation":0,"texture":"#0","tintindex":0},"north":{"uv":[4.5,12.0,4.875,12.25],"rotation":0,"texture":"#0","tintindex":0},"south":{"uv":[12.0,4.875,12.375,5.125],"rotation":0,"texture":"#0","tintindex":0},"up":{"uv":[11.125,2.0,10.75,1.625],"rotation":0,"texture":"#0","tintindex":0},"west":{"uv":[12.0,5.125,12.375,5.375],"rotation":0,"texture":"#0","tintindex":0}}},{"name":"cube","from":[7.1416764,7.9196143,9.672485],"to":[8.941677,9.119615,11.472486],"rotation":{"angle":22.5,"axis":"z","origin":[7.5916767,8.519614,10.872486]},"faces":{"down":{"uv":[11.125,3.75,10.75,4.125],"rotation":0,"texture":"#0","tintindex":0},"east":{"uv":[12.0,5.625,12.375,5.875],"rotation":0,"texture":"#0","tintindex":0},"north":{"uv":[12.0,5.375,12.375,5.625],"rotation":0,"texture":"#0","tintindex":0},"south":{"uv":[5.875,12.0,6.25,12.25],"rotation":0,"texture":"#0","tintindex":0},"up":{"uv":[11.125,2.75,10.75,2.375],"rotation":0,"texture":"#0","tintindex":0},"west":{"uv":[12.0,8.125,12.375,8.375],"rotation":0,"texture":"#0","tintindex":0}}},{"name":"cube","from":[8.491676,7.1696143,9.972486],"to":[10.2916765,8.369615,11.772486],"rotation":{"angle":-22.5,"axis":"x","origin":[9.391676,7.3196144,10.722486]},"faces":{"down":{"uv":[5.75,10.75,5.375,11.125],"rotation":0,"texture":"#0","tintindex":0},"east":{"uv":[12.0,8.625,12.375,8.875],"rotation":0,"texture":"#0","tintindex":0},"north":{"uv":[12.0,8.375,12.375,8.625],"rotation":0,"texture":"#0","tintindex":0},"south":{"uv":[12.0,8.875,12.375,9.125],"rotation":0,"texture":"#0","tintindex":0},"up":{"uv":[5.375,11.125,5.0,10.75],"rotation":0,"texture":"#0","tintindex":0},"west":{"uv":[12.0,9.125,12.375,9.375],"rotation":0,"texture":"#0","tintindex":0}}},{"name":"cube","from":[10.2916765,7.9196143,9.822485],"to":[12.091677,9.119615,11.622485],"rotation":{"angle":0.0,"axis":"x","origin":[7.8916764,-4.080386,8.022485]},"faces":{"down":{"uv":[6.5,10.75,6.125,11.125],"rotation":0,"texture":"#0","tintindex":0},"east":{"uv":[12.0,9.625,12.375,9.875],"rotation":0,"texture":"#0","tintindex":0},"north":{"uv":[12.0,9.375,12.375,9.625],"rotation":0,"texture":"#0","tintindex":0},"south":{"uv":[12.0,9.875,12.375,10.125],"rotation":0,"texture":"#0","tintindex":0},"up":{"uv":[6.125,11.125,5.75,10.75],"rotation":0,"texture":"#0","tintindex":0},"west":{"uv":[12.0,10.125,12.375,10.375],"rotation":0,"texture":"#0","tintindex":0}}},{"name":"cube","from":[5.6416764,8.069614,4.422485],"to":[7.4416766,9.269615,6.222485],"rotation":{"angle":-22.5,"axis":"x","origin":[4.591676,9.119615,4.722485]},"faces":{"down":{"uv":[6.875,10.875,6.5,11.25],"rotation":0,"texture":"#0","tintindex":0},"east":{"uv":[10.875,12.0,11.25,12.25],"rotation":0,"texture":"#0","tintindex":0},"north":{"uv":[10.5,12.0,10.875,12.25],"rotation":0,"texture":"#0","tintindex":0},"south":{"uv":[12.0,11.125,12.375,11.375],"rotation":0,"texture":"#0","tintindex":0},"up":{"uv":[11.25,6.625,10.875,6.25],"rotation":0,"texture":"#0","tintindex":0},"west":{"uv":[11.25,12.0,11.625,12.25],"rotation":0,"texture":"#0","tintindex":0}}},{"name":"cube","from":[3.9916763,9.269615,5.622485],"to":[5.7916765,10.469614,7.422485],"rotation":{"angle":22.5,"axis":"z","origin":[5.191676,9.719614,8.922485]},"faces":{"down":{"uv":[7.25,10.875,6.875,11.25],"rotation":0,"texture":"#0","tintindex":0},"east":{"uv":[11.625,12.0,12.0,12.25],"rotation":0,"texture":"#0","tintindex":0},"north":{"uv":[12.0,11.375,12.375,11.625],"rotation":0,"texture":"#0","tintindex":0},"south":{"uv":[12.0,12.0,12.375,12.25],"rotation":0,"texture":"#0","tintindex":0},"up":{"uv":[11.25,7.0,10.875,6.625],"rotation":0,"texture":"#0","tintindex":0},"west":{"uv":[0.0,12.125,0.375,12.375],"rotation":0,"texture":"#0","tintindex":0}}},{"name":"cube","from":[5.941676,9.269615,5.622485],"to":[7.7416763,10.469614,7.422485],"rotation":{"angle":0.0,"axis":"x","origin":[7.8916764,-5.8803864,8.022485]},"faces":{"down":{"uv":[7.625,10.875,7.25,11.25],"rotation":0,"texture":"#0","tintindex":0},"east":{"uv":[12.125,0.25,12.5,0.5],"rotation":0,"texture":"#0","tintindex":0},"north":{"uv":[12.125,0.0,12.5,0.25],"rotation":0,"texture":"#0","tintindex":0},"south":{"uv":[0.375,12.125,0.75,12.375],"rotation":0,"texture":"#0","tintindex":0},"up":{"uv":[11.25,7.375,10.875,7.0],"rotation":0,"texture":"#0","tintindex":0},"west":{"uv":[12.125,0.5,12.5,0.75],"rotation":0,"texture":"#0","tintindex":0}}},{"name":"cube","from":[3.6916764,8.219614,4.122485],"to":[5.4916763,9.419615,5.922485],"rotation":{"angle":-22.5,"axis":"x","origin":[4.591676,9.119615,4.722485]},"faces":{"down":{"uv":[8.0,10.875,7.625,11.25],"rotation":0,"texture":"#0","tintindex":0},"east":{"uv":[12.125,0.75,12.5,1.0],"rotation":0,"texture":"#0","tintindex":0},"north":{"uv":[0.75,12.125,1.125,12.375],"rotation":0,"texture":"#0","tintindex":0},"south":{"uv":[1.125,12.125,1.5,12.375],"rotation":0,"texture":"#0","tintindex":0},"up":{"uv":[11.25,7.75,10.875,7.375],"rotation":0,"texture":"#0","tintindex":0},"west":{"uv":[1.5,12.125,1.875,12.375],"rotation":0,"texture":"#0","tintindex":0}}},{"name":"cube","from":[8.491676,8.069614,4.722485],"to":[10.2916765,9.269615,6.522485],"rotation":{"angle":-22.5,"axis":"x","origin":[4.591676,9.119615,4.722485]},"faces":{"down":{"uv":[8.375,10.875,8.0,11.25],"rotation":0,"texture":"#0","tintindex":0},"east":{"uv":[12.125,3.0,12.5,3.25],"rotation":0,"texture":"#0","tintindex":0},"north":{"uv":[12.125,2.75,12.5,3.0],"rotation":0,"texture":"#0","tintindex":0},"south":{"uv":[12.125,3.25,12.5,3.5],"rotation":0,"texture":"#0","tintindex":0},"up":{"uv":[11.25,8.125,10.875,7.75],"rotation":0,"texture":"#0","tintindex":0},"west":{"uv":[12.125,3.5,12.5,3.75],"rotation":0,"texture":"#0","tintindex":0}}},{"name":"cube","from":[9.991676,7.769614,4.722485],"to":[11.7916765,8.969614,6.522485],"rotation":{"angle":-22.5,"axis":"x","origin":[4.591676,9.119615,4.722485]},"faces":{"down":{"uv":[8.75,10.875,8.375,11.25],"rotation":0,"texture":"#0","tintindex":0},"east":{"uv":[12.125,3.75,12.5,4.0],"rotation":0,"texture":"#0","tintindex":0},"north":{"uv":[3.75,12.125,4.125,12.375],"rotation":0,"texture":"#0","tintindex":0},"south":{"uv":[12.125,4.0,12.5,4.25],"rotation":0,"texture":"#0","tintindex":0},"up":{"uv":[11.25,8.5,10.875,8.125],"rotation":0,"texture":"#0","tintindex":0},"west":{"uv":[4.125,12.125,4.5,12.375],"rotation":0,"texture":"#0","tintindex":0}}},{"name":"cube","from":[7.8916764,9.119615,5.922485],"to":[9.691677,10.319614,7.722485],"rotation":{"angle":22.5,"axis":"y","origin":[9.991676,9.719614,7.122485]},"faces":{"down":{"uv":[11.25,8.75,10.875,9.125],"rotation":0,"texture":"#0","tintindex":0},"east":{"uv":[12.125,6.125,12.5,6.375],"rotation":0,"texture":"#0","tintindex":0},"north":{"uv":[12.125,5.875,12.5,6.125],"rotation":0,"texture":"#0","tintindex":0},"south":{"uv":[6.25,12.125,6.625,12.375],"rotation":0,"texture":"#0","tintindex":0},"up":{"uv":[9.125,11.25,8.75,10.875],"rotation":0,"texture":"#0","tintindex":0},"west":{"uv":[12.125,6.375,12.5,6.625],"rotation":0,"texture":"#0","tintindex":0}}},{"name":"cube","from":[6.691676,9.719614,6.222485],"to":[8.491676,10.919615,8.022485],"rotation":{"angle":0.0,"axis":"x","origin":[7.8916764,-5.8803864,8.022485]},"faces":{"down":{"uv":[11.25,9.125,10.875,9.5],"rotation":0,"texture":"#0","tintindex":0},"east":{"uv":[12.125,6.625,12.5,6.875],"rotation":0,"texture":"#0","tintindex":0},"north":{"uv":[6.625,12.125,7.0,12.375],"rotation":0,"texture":"#0","tintindex":0},"south":{"uv":[12.125,6.875,12.5,7.125],"rotation":0,"texture":"#0","tintindex":0},"up":{"uv":[9.5,11.25,9.125,10.875],"rotation":0,"texture":"#0","tintindex":0},"west":{"uv":[7.0,12.125,7.375,12.375],"rotation":0,"texture":"#0","tintindex":0}}},{"name":"cube","from":[4.7416763,9.119615,8.022485],"to":[6.5416765,10.319614,9.822485],"rotation":{"angle":22.5,"axis":"z","origin":[5.191676,9.719614,8.922485]},"faces":{"down":{"uv":[11.25,9.5,10.875,9.875],"rotation":0,"texture":"#0","tintindex":0},"east":{"uv":[7.375,12.125,7.75,12.375],"rotation":0,"texture":"#0","tintindex":0},"north":{"uv":[12.125,7.125,12.5,7.375],"rotation":0,"texture":"#0","tintindex":0},"south":{"uv":[12.125,7.375,12.5,7.625],"rotation":0,"texture":"#0","tintindex":0},"up":{"uv":[9.875,11.25,9.5,10.875],"rotation":0,"texture":"#0","tintindex":0},"west":{"uv":[12.125,7.625,12.5,7.875],"rotation":0,"texture":"#0","tintindex":0}}},{"name":"cube","from":[4.2916765,8.219614,9.522486],"to":[6.0916767,9.419615,11.322486],"rotation":{"angle":22.5,"axis":"x","origin":[4.591676,9.119615,11.322486]},"faces":{"down":{"uv":[11.25,9.875,10.875,10.25],"rotation":0,"texture":"#0","tintindex":0},"east":{"uv":[12.125,10.375,12.5,10.625],"rotation":0,"texture":"#0","tintindex":0},"north":{"uv":[12.125,7.875,12.5,8.125],"rotation":0,"texture":"#0","tintindex":0},"south":{"uv":[12.125,10.625,12.5,10.875],"rotation":0,"texture":"#0","tintindex":0},"up":{"uv":[10.25,11.25,9.875,10.875],"rotation":0,"texture":"#0","tintindex":0},"west":{"uv":[12.125,10.875,12.5,11.125],"rotation":0,"texture":"#0","tintindex":0}}},{"name":"cube","from":[6.691676,9.119615,8.472485],"to":[8.491676,10.319614,10.272486],"rotation":{"angle":22.5,"axis":"y","origin":[7.5916767,9.719614,8.922485]},"faces":{"down":{"uv":[11.25,10.25,10.875,10.625],"rotation":0,"texture":"#0","tintindex":0},"east":{"uv":[12.25,1.25,12.625,1.5],"rotation":0,"texture":"#0","tintindex":0},"north":{"uv":[12.25,1.0,12.625,1.25],"rotation":0,"texture":"#0","tintindex":0},"south":{"uv":[12.25,1.5,12.625,1.75],"rotation":0,"texture":"#0","tintindex":0},"up":{"uv":[10.625,11.25,10.25,10.875],"rotation":0,"texture":"#0","tintindex":0},"west":{"uv":[12.25,1.75,12.625,2.0],"rotation":0,"texture":"#0","tintindex":0}}},{"name":"cube","from":[6.3916764,8.069614,9.822485],"to":[8.191677,9.269615,11.622485],"rotation":{"angle":22.5,"axis":"x","origin":[4.591676,9.119615,11.322486]},"faces":{"down":{"uv":[11.375,0.0,11.0,0.375],"rotation":0,"texture":"#0","tintindex":0},"east":{"uv":[12.25,2.0,12.625,2.25],"rotation":0,"texture":"#0","tintindex":0},"north":{"uv":[1.875,12.25,2.25,12.5],"rotation":0,"texture":"#0","tintindex":0},"south":{"uv":[2.25,12.25,2.625,12.5],"rotation":0,"texture":"#0","tintindex":0},"up":{"uv":[11.0,11.25,10.625,10.875],"rotation":0,"texture":"#0","tintindex":0},"west":{"uv":[12.25,2.25,12.625,2.5],"rotation":0,"texture":"#0","tintindex":0}}},{"name":"cube","from":[8.491676,7.9196143,9.522486],"to":[10.2916765,9.119615,11.322486],"rotation":{"angle":22.5,"axis":"x","origin":[4.591676,9.119615,11.322486]},"faces":{"down":{"uv":[11.375,0.75,11.0,1.125],"rotation":0,"texture":"#0","tintindex":0},"east":{"uv":[3.0,12.25,3.375,12.5],"rotation":0,"texture":"#0","tintindex":0},"north":{"uv":[2.625,12.25,3.0,12.5],"rotation":0,"texture":"#0","tintindex":0},"south":{"uv":[3.375,12.25,3.75,12.5],"rotation":0,"texture":"#0","tintindex":0},"up":{"uv":[11.375,0.75,11.0,0.375],"rotation":0,"texture":"#0","tintindex":0},"west":{"uv":[4.5,12.25,4.875,12.5],"rotation":0,"texture":"#0","tintindex":0}}},{"name":"cube","from":[10.891676,7.769614,8.772486],"to":[12.691677,8.969614,10.572485],"rotation":{"angle":22.5,"axis":"x","origin":[4.591676,9.119615,11.322486]},"faces":{"down":{"uv":[2.625,11.0,2.25,11.375],"rotation":0,"texture":"#0","tintindex":0},"east":{"uv":[7.75,12.25,8.125,12.5],"rotation":0,"texture":"#0","tintindex":0},"north":{"uv":[5.625,12.25,6.0,12.5],"rotation":0,"texture":"#0","tintindex":0},"south":{"uv":[8.125,12.25,8.5,12.5],"rotation":0,"texture":"#0","tintindex":0},"up":{"uv":[2.25,11.375,1.875,11.0],"rotation":0,"texture":"#0","tintindex":0},"west":{"uv":[8.5,12.25,8.875,12.5],"rotation":0,"texture":"#0","tintindex":0}}},{"name":"cube","from":[9.241676,8.669615,8.022485],"to":[11.0416765,9.869615,9.822485],"rotation":{"angle":-22.5,"axis":"z","origin":[10.591677,9.719614,8.922485]},"faces":{"down":{"uv":[3.375,11.0,3.0,11.375],"rotation":0,"texture":"#0","tintindex":0},"east":{"uv":[9.25,12.25,9.625,12.5],"rotation":0,"texture":"#0","tintindex":0},"north":{"uv":[8.875,12.25,9.25,12.5],"rotation":0,"texture":"#0","tintindex":0},"south":{"uv":[9.625,12.25,10.0,12.5],"rotation":0,"texture":"#0","tintindex":0},"up":{"uv":[3.0,11.375,2.625,11.0],"rotation":0,"texture":"#0","tintindex":0},"west":{"uv":[10.0,12.25,10.375,12.5],"rotation":0,"texture":"#0","tintindex":0}}},{"name":"cube","from":[10.891676,9.419615,6.6724854],"to":[12.691677,10.619615,8.472485],"rotation":{"angle":-22.5,"axis":"z","origin":[10.591677,9.719614,8.922485]},"faces":{"down":{"uv":[4.875,11.0,4.5,11.375],"rotation":0,"texture":"#0","tintindex":0},"east":{"uv":[10.75,12.25,11.125,12.5],"rotation":0,"texture":"#0","tintindex":0},"north":{"uv":[10.375,12.25,10.75,12.5],"rotation":0,"texture":"#0","tintindex":0},"south":{"uv":[11.125,12.25,11.5,12.5],"rotation":0,"texture":"#0","tintindex":0},"up":{"uv":[3.75,11.375,3.375,11.0],"rotation":0,"texture":"#0","tintindex":0},"west":{"uv":[11.5,12.25,11.875,12.5],"rotation":0,"texture":"#0","tintindex":0}}},{"name":"cube","from":[1.8916763,10.019615,5.622485],"to":[3.6916764,11.219615,7.422485],"rotation":{"angle":22.5,"axis":"z","origin":[5.191676,11.219615,8.922485]},"faces":{"down":{"uv":[11.375,11.0,11.0,11.375],"rotation":0,"texture":"#0","tintindex":0},"east":{"uv":[11.875,12.25,12.25,12.5],"rotation":0,"texture":"#0","tintindex":0},"north":{"uv":[12.25,11.625,12.625,11.875],"rotation":0,"texture":"#0","tintindex":0},"south":{"uv":[12.25,12.25,12.625,12.5],"rotation":0,"texture":"#0","tintindex":0},"up":{"uv":[11.375,11.0,11.0,10.625],"rotation":0,"texture":"#0","tintindex":0},"west":{"uv":[0.0,12.375,0.375,12.625],"rotation":0,"texture":"#0","tintindex":0}}},{"name":"cube","from":[4.8916764,10.319614,4.722485],"to":[6.691676,11.519614,6.522485],"rotation":{"angle":0.0,"axis":"x","origin":[7.8916764,-4.380386,8.022485]},"faces":{"down":{"uv":[0.75,11.125,0.375,11.5],"rotation":0,"texture":"#0","tintindex":0},"east":{"uv":[0.75,12.375,1.125,12.625],"rotation":0,"texture":"#0","tintindex":0},"north":{"uv":[0.375,12.375,0.75,12.625],"rotation":0,"texture":"#0","tintindex":0},"south":{"uv":[1.125,12.375,1.5,12.625],"rotation":0,"texture":"#0","tintindex":0},"up":{"uv":[0.375,11.5,0.0,11.125],"rotation":0,"texture":"#0","tintindex":0},"west":{"uv":[1.5,12.375,1.875,12.625],"rotation":0,"texture":"#0","tintindex":0}}},{"name":"cube","from":[2.9416764,9.569614,2.9224846],"to":[4.7416763,10.769615,4.722485],"rotation":{"angle":-22.5,"axis":"x","origin":[4.591676,10.619615,4.722485]},"faces":{"down":{"uv":[1.5,11.125,1.125,11.5],"rotation":0,"texture":"#0","tintindex":0},"east":{"uv":[3.75,12.375,4.125,12.625],"rotation":0,"texture":"#0","tintindex":0},"north":{"uv":[12.375,2.5,12.75,2.75],"rotation":0,"texture":"#0","tintindex":0},"south":{"uv":[4.125,12.375,4.5,12.625],"rotation":0,"texture":"#0","tintindex":0},"up":{"uv":[1.125,11.5,0.75,11.125],"rotation":0,"texture":"#0","tintindex":0},"west":{"uv":[12.375,4.25,12.75,4.5],"rotation":0,"texture":"#0","tintindex":0}}},{"name":"cube","from":[6.0916767,9.719614,2.3224845],"to":[7.8916764,10.919615,4.122485],"rotation":{"angle":-22.5,"axis":"x","origin":[4.591676,10.619615,4.722485]},"faces":{"down":{"uv":[1.875,11.125,1.5,11.5],"rotation":0,"texture":"#0","tintindex":0},"east":{"uv":[12.375,4.75,12.75,5.0],"rotation":0,"texture":"#0","tintindex":0},"north":{"uv":[12.375,4.5,12.75,4.75],"rotation":0,"texture":"#0","tintindex":0},"south":{"uv":[12.375,5.0,12.75,5.25],"rotation":0,"texture":"#0","tintindex":0},"up":{"uv":[11.5,1.5,11.125,1.125],"rotation":0,"texture":"#0","tintindex":0},"west":{"uv":[12.375,5.25,12.75,5.5],"rotation":0,"texture":"#0","tintindex":0}}},{"name":"cube","from":[8.0416765,9.293079,4.686349],"to":[9.841677,10.49308,6.486349],"rotation":{"angle":-45.0,"axis":"x","origin":[9.391676,9.89308,4.5363493]},"faces":{"down":{"uv":[11.5,1.875,11.125,2.25],"rotation":0,"texture":"#0","tintindex":0},"east":{"uv":[6.0,12.375,6.375,12.625],"rotation":0,"texture":"#0","tintindex":0},"north":{"uv":[12.375,5.5,12.75,5.75],"rotation":0,"texture":"#0","tintindex":0},"south":{"uv":[6.375,12.375,6.75,12.625],"rotation":0,"texture":"#0","tintindex":0},"up":{"uv":[11.5,1.875,11.125,1.5],"rotation":0,"texture":"#0","tintindex":0},"west":{"uv":[6.75,12.375,7.125,12.625],"rotation":0,"texture":"#0","tintindex":0}}},{"name":"cube","from":[10.891676,9.441509,4.3866615],"to":[12.691677,10.64151,6.1866612],"rotation":{"angle":-45.0,"axis":"x","origin":[11.7916765,10.04151,5.2866616]},"faces":{"down":{"uv":[11.5,3.0,11.125,3.375],"rotation":0,"texture":"#0","tintindex":0},"east":{"uv":[12.375,8.125,12.75,8.375],"rotation":0,"texture":"#0","tintindex":0},"north":{"uv":[7.125,12.375,7.5,12.625],"rotation":0,"texture":"#0","tintindex":0},"south":{"uv":[12.375,8.375,12.75,8.625],"rotation":0,"texture":"#0","tintindex":0},"up":{"uv":[11.5,2.625,11.125,2.25],"rotation":0,"texture":"#0","tintindex":0},"west":{"uv":[12.375,8.625,12.75,8.875],"rotation":0,"texture":"#0","tintindex":0}}},{"name":"cube","from":[9.091677,10.169615,6.222485],"to":[10.891676,11.369615,8.022485],"rotation":{"angle":22.5,"axis":"y","origin":[9.991676,11.219615,7.122485]},"faces":{"down":{"uv":[11.5,3.75,11.125,4.125],"rotation":0,"texture":"#0","tintindex":0},"east":{"uv":[12.375,9.125,12.75,9.375],"rotation":0,"texture":"#0","tintindex":0},"north":{"uv":[12.375,8.875,12.75,9.125],"rotation":0,"texture":"#0","tintindex":0},"south":{"uv":[12.375,9.375,12.75,9.625],"rotation":0,"texture":"#0","tintindex":0},"up":{"uv":[11.5,3.75,11.125,3.375],"rotation":0,"texture":"#0","tintindex":0},"west":{"uv":[12.375,9.625,12.75,9.875],"rotation":0,"texture":"#0","tintindex":0}}},{"name":"cube","from":[6.9916763,10.919615,6.222485],"to":[8.7916765,12.119615,8.022485],"rotation":{"angle":0.0,"axis":"x","origin":[7.8916764,-4.380386,8.022485]},"faces":{"down":{"uv":[11.5,4.5,11.125,4.875],"rotation":0,"texture":"#0","tintindex":0},"east":{"uv":[12.375,10.125,12.75,10.375],"rotation":0,"texture":"#0","tintindex":0},"north":{"uv":[12.375,9.875,12.75,10.125],"rotation":0,"texture":"#0","tintindex":0},"south":{"uv":[12.375,11.125,12.75,11.375],"rotation":0,"texture":"#0","tintindex":0},"up":{"uv":[11.5,4.5,11.125,4.125],"rotation":0,"texture":"#0","tintindex":0},"west":{"uv":[12.375,11.375,12.75,11.625],"rotation":0,"texture":"#0","tintindex":0}}},{"name":"cube","from":[3.2416763,10.619615,8.322485],"to":[5.0416765,11.819614,10.122486],"rotation":{"angle":22.5,"axis":"z","origin":[5.191676,11.219615,8.922485]},"faces":{"down":{"uv":[11.5,4.875,11.125,5.25],"rotation":0,"texture":"#0","tintindex":0},"east":{"uv":[12.5,0.0,12.875,0.25],"rotation":0,"texture":"#0","tintindex":0},"north":{"uv":[12.375,11.875,12.75,12.125],"rotation":0,"texture":"#0","tintindex":0},"south":{"uv":[12.5,0.25,12.875,0.5],"rotation":0,"texture":"#0","tintindex":0},"up":{"uv":[5.25,11.5,4.875,11.125],"rotation":0,"texture":"#0","tintindex":0},"west":{"uv":[12.5,0.5,12.875,0.75],"rotation":0,"texture":"#0","tintindex":0}}},{"name":"cube","from":[2.9416764,8.809453,10.33177],"to":[4.7416763,10.009453,12.131769],"rotation":{"angle":45.0,"axis":"x","origin":[3.8416762,9.859453,11.98177]},"faces":{"down":{"uv":[11.5,5.25,11.125,5.625],"rotation":0,"texture":"#0","tintindex":0},"east":{"uv":[1.875,12.5,2.25,12.75],"rotation":0,"texture":"#0","tintindex":0},"north":{"uv":[12.5,0.75,12.875,1.0],"rotation":0,"texture":"#0","tintindex":0},"south":{"uv":[2.25,12.5,2.625,12.75],"rotation":0,"texture":"#0","tintindex":0},"up":{"uv":[5.625,11.5,5.25,11.125],"rotation":0,"texture":"#0","tintindex":0},"west":{"uv":[2.625,12.5,3.0,12.75],"rotation":0,"texture":"#0","tintindex":0}}},{"name":"cube","from":[6.691676,10.619615,8.472485],"to":[8.491676,11.819614,10.272486],"rotation":{"angle":22.5,"axis":"y","origin":[7.5916767,11.219615,8.922485]},"faces":{"down":{"uv":[6.375,11.125,6.0,11.5],"rotation":0,"texture":"#0","tintindex":0},"east":{"uv":[3.0,12.5,3.375,12.75],"rotation":0,"texture":"#0","tintindex":0},"north":{"uv":[12.5,2.75,12.875,3.0],"rotation":0,"texture":"#0","tintindex":0},"south":{"uv":[12.5,3.0,12.875,3.25],"rotation":0,"texture":"#0","tintindex":0},"up":{"uv":[6.0,11.5,5.625,11.125],"rotation":0,"texture":"#0","tintindex":0},"west":{"uv":[12.5,3.25,12.875,3.5],"rotation":0,"texture":"#0","tintindex":0}}},{"name":"cube","from":[6.0916767,9.569614,10.872486],"to":[7.8916764,10.769615,12.672485],"rotation":{"angle":22.5,"axis":"x","origin":[4.591676,10.619615,11.322486]},"faces":{"down":{"uv":[4.125,11.25,3.75,11.625],"rotation":0,"texture":"#0","tintindex":0},"east":{"uv":[12.5,3.5,12.875,3.75],"rotation":0,"texture":"#0","tintindex":0},"north":{"uv":[3.375,12.5,3.75,12.75],"rotation":0,"texture":"#0","tintindex":0},"south":{"uv":[12.5,3.75,12.875,4.0],"rotation":0,"texture":"#0","tintindex":0},"up":{"uv":[11.625,3.0,11.25,2.625],"rotation":0,"texture":"#0","tintindex":0},"west":{"uv":[12.5,4.0,12.875,4.25],"rotation":0,"texture":"#0","tintindex":0}}},{"name":"cube","from":[8.491676,9.419615,10.872486],"to":[10.2916765,10.619615,12.672485],"rotation":{"angle":22.5,"axis":"x","origin":[4.591676,10.619615,11.322486]},"faces":{"down":{"uv":[11.625,5.625,11.25,6.0],"rotation":0,"texture":"#0","tintindex":0},"east":{"uv":[5.625,12.5,6.0,12.75],"rotation":0,"texture":"#0","tintindex":0},"north":{"uv":[4.5,12.5,4.875,12.75],"rotation":0,"texture":"#0","tintindex":0},"south":{"uv":[12.5,5.75,12.875,6.0],"rotation":0,"texture":"#0","tintindex":0},"up":{"uv":[4.5,11.625,4.125,11.25],"rotation":0,"texture":"#0","tintindex":0},"west":{"uv":[12.5,6.0,12.875,6.25],"rotation":0,"texture":"#0","tintindex":0}}},{"name":"cube","from":[10.891676,9.591509,9.858309],"to":[12.691677,10.79151,11.658309],"rotation":{"angle":45.0,"axis":"x","origin":[11.7916765,10.04151,10.758308]},"faces":{"down":{"uv":[6.75,11.25,6.375,11.625],"rotation":0,"texture":"#0","tintindex":0},"east":{"uv":[12.5,6.5,12.875,6.75],"rotation":0,"texture":"#0","tintindex":0},"north":{"uv":[12.5,6.25,12.875,6.5],"rotation":0,"texture":"#0","tintindex":0},"south":{"uv":[12.5,6.75,12.875,7.0],"rotation":0,"texture":"#0","tintindex":0},"up":{"uv":[11.625,6.375,11.25,6.0],"rotation":0,"texture":"#0","tintindex":0},"west":{"uv":[12.5,7.0,12.875,7.25],"rotation":0,"texture":"#0","tintindex":0}}},{"name":"cube","from":[10.2916765,10.619615,8.022485],"to":[12.091677,11.819614,9.822485],"rotation":{"angle":-22.5,"axis":"z","origin":[10.591677,11.219615,8.922485]},"faces":{"down":{"uv":[7.125,11.25,6.75,11.625],"rotation":0,"texture":"#0","tintindex":0},"east":{"uv":[7.5,12.5,7.875,12.75],"rotation":0,"texture":"#0","tintindex":0},"north":{"uv":[12.5,7.25,12.875,7.5],"rotation":0,"texture":"#0","tintindex":0},"south":{"uv":[12.5,7.5,12.875,7.75],"rotation":0,"texture":"#0","tintindex":0},"up":{"uv":[11.625,6.75,11.25,6.375],"rotation":0,"texture":"#0","tintindex":0},"west":{"uv":[12.5,7.75,12.875,8.0],"rotation":0,"texture":"#0","tintindex":0}}},{"name":"cube","from":[11.908988,9.701175,5.922485],"to":[13.708988,10.901175,7.722485],"rotation":{"angle":-45.0,"axis":"z","origin":[12.808989,10.301174,6.522485]},"faces":{"down":{"uv":[7.5,11.25,7.125,11.625],"rotation":0,"texture":"#0","tintindex":0},"east":{"uv":[8.25,12.5,8.625,12.75],"rotation":0,"texture":"#0","tintindex":0},"north":{"uv":[7.875,12.5,8.25,12.75],"rotation":0,"texture":"#0","tintindex":0},"south":{"uv":[8.625,12.5,9.0,12.75],"rotation":0,"texture":"#0","tintindex":0},"up":{"uv":[11.625,7.125,11.25,6.75],"rotation":0,"texture":"#0","tintindex":0},"west":{"uv":[9.0,12.5,9.375,12.75],"rotation":0,"texture":"#0","tintindex":0}}},{"name":"cube","from":[8.941677,7.4696145,8.472485],"to":[10.741676,8.669615,10.272486],"rotation":{"angle":22.5,"axis":"z","origin":[7.5916767,8.519614,10.872486]},"faces":{"down":{"uv":[7.875,11.25,7.5,11.625],"rotation":0,"texture":"#0","tintindex":0},"east":{"uv":[9.75,12.5,10.125,12.75],"rotation":0,"texture":"#0","tintindex":0},"north":{"uv":[9.375,12.5,9.75,12.75],"rotation":0,"texture":"#0","tintindex":0},"south":{"uv":[10.125,12.5,10.5,12.75],"rotation":0,"texture":"#0","tintindex":0},"up":{"uv":[11.625,7.5,11.25,7.125],"rotation":0,"texture":"#0","tintindex":0},"west":{"uv":[12.5,10.375,12.875,10.625],"rotation":0,"texture":"#0","tintindex":0}}},{"name":"cube","from":[10.741676,6.719614,7.722485],"to":[12.5416765,7.9196143,9.522486],"rotation":{"angle":22.5,"axis":"z","origin":[11.191677,7.3196144,8.922485]},"faces":{"down":{"uv":[8.25,11.25,7.875,11.625],"rotation":0,"texture":"#0","tintindex":0},"east":{"uv":[12.5,10.625,12.875,10.875],"rotation":0,"texture":"#0","tintindex":0},"north":{"uv":[10.5,12.5,10.875,12.75],"rotation":0,"texture":"#0","tintindex":0},"south":{"uv":[10.875,12.5,11.25,12.75],"rotation":0,"texture":"#0","tintindex":0},"up":{"uv":[11.625,7.875,11.25,7.5],"rotation":0,"texture":"#0","tintindex":0},"west":{"uv":[12.5,10.875,12.875,11.125],"rotation":0,"texture":"#0","tintindex":0}}},{"name":"cube","from":[9.091677,7.9196143,6.372485],"to":[10.891676,9.119615,8.172485],"rotation":{"angle":-22.5,"axis":"y","origin":[9.391676,8.519614,7.2724853]},"faces":{"down":{"uv":[8.625,11.25,8.25,11.625],"rotation":0,"texture":"#0","tintindex":0},"east":{"uv":[11.625,12.5,12.0,12.75],"rotation":0,"texture":"#0","tintindex":0},"north":{"uv":[11.25,12.5,11.625,12.75],"rotation":0,"texture":"#0","tintindex":0},"south":{"uv":[12.0,12.5,12.375,12.75],"rotation":0,"texture":"#0","tintindex":0},"up":{"uv":[11.625,8.25,11.25,7.875],"rotation":0,"texture":"#0","tintindex":0},"west":{"uv":[12.375,12.5,12.75,12.75],"rotation":0,"texture":"#0","tintindex":0}}},{"name":"cube","from":[10.2916765,6.719614,6.222485],"to":[12.091677,7.9196143,8.022485],"rotation":{"angle":-22.5,"axis":"y","origin":[11.191677,7.3196144,7.122485]},"faces":{"down":{"uv":[9.0,11.25,8.625,11.625],"rotation":0,"texture":"#0","tintindex":0},"east":{"uv":[0.375,12.625,0.75,12.875],"rotation":0,"texture":"#0","tintindex":0},"north":{"uv":[0.0,12.625,0.375,12.875],"rotation":0,"texture":"#0","tintindex":0},"south":{"uv":[0.75,12.625,1.125,12.875],"rotation":0,"texture":"#0","tintindex":0},"up":{"uv":[11.625,8.625,11.25,8.25],"rotation":0,"texture":"#0","tintindex":0},"west":{"uv":[12.625,1.0,13.0,1.25],"rotation":0,"texture":"#0","tintindex":0}}},{"name":"cube","from":[10.2916765,6.719614,4.422485],"to":[12.091677,7.9196143,6.222485],"rotation":{"angle":0.0,"axis":"x","origin":[7.8916764,-4.080386,8.022485]},"faces":{"down":{"uv":[9.375,11.25,9.0,11.625],"rotation":0,"texture":"#0","tintindex":0},"east":{"uv":[12.625,1.25,13.0,1.5],"rotation":0,"texture":"#0","tintindex":0},"north":{"uv":[1.125,12.625,1.5,12.875],"rotation":0,"texture":"#0","tintindex":0},"south":{"uv":[1.5,12.625,1.875,12.875],"rotation":0,"texture":"#0","tintindex":0},"up":{"uv":[11.625,9.0,11.25,8.625],"rotation":0,"texture":"#0","tintindex":0},"west":{"uv":[12.625,1.5,13.0,1.75],"rotation":0,"texture":"#0","tintindex":0}}},{"name":"cube","from":[9.241676,8.519614,4.572485],"to":[11.0416765,9.719614,6.372485],"rotation":{"angle":-45.0,"axis":"z","origin":[9.841677,9.719614,5.472485]},"faces":{"down":{"uv":[9.75,11.25,9.375,11.625],"rotation":0,"texture":"#0","tintindex":0},"east":{"uv":[12.625,2.0,13.0,2.25],"rotation":0,"texture":"#0","tintindex":0},"north":{"uv":[12.625,1.75,13.0,2.0],"rotation":0,"texture":"#0","tintindex":0},"south":{"uv":[12.625,2.25,13.0,2.5],"rotation":0,"texture":"#0","tintindex":0},"up":{"uv":[11.625,9.375,11.25,9.0],"rotation":0,"texture":"#0","tintindex":0},"west":{"uv":[3.75,12.625,4.125,12.875],"rotation":0,"texture":"#0","tintindex":0}}},{"name":"cube","from":[7.1416764,7.9196143,4.572485],"to":[8.941677,9.119615,6.372485],"rotation":{"angle":0.0,"axis":"x","origin":[6.0916767,-2.8803859,8.172485]},"faces":{"down":{"uv":[10.125,11.25,9.75,11.625],"rotation":0,"texture":"#0","tintindex":0},"east":{"uv":[4.875,12.625,5.25,12.875],"rotation":0,"texture":"#0","tintindex":0},"north":{"uv":[4.125,12.625,4.5,12.875],"rotation":0,"texture":"#0","tintindex":0},"south":{"uv":[5.25,12.625,5.625,12.875],"rotation":0,"texture":"#0","tintindex":0},"up":{"uv":[11.625,9.75,11.25,9.375],"rotation":0,"texture":"#0","tintindex":0},"west":{"uv":[6.0,12.625,6.375,12.875],"rotation":0,"texture":"#0","tintindex":0}}},{"name":"cube","from":[6.691676,8.369615,7.572485],"to":[8.491676,9.569614,9.372486],"rotation":{"angle":-22.5,"axis":"x","origin":[7.5916767,7.3196144,8.922485]},"faces":{"down":{"uv":[10.5,11.25,10.125,11.625],"rotation":0,"texture":"#0","tintindex":0},"east":{"uv":[6.75,12.625,7.125,12.875],"rotation":0,"texture":"#0","tintindex":0},"north":{"uv":[6.375,12.625,6.75,12.875],"rotation":0,"texture":"#0","tintindex":0},"south":{"uv":[7.125,12.625,7.5,12.875],"rotation":0,"texture":"#0","tintindex":0},"up":{"uv":[11.625,10.125,11.25,9.75],"rotation":0,"texture":"#0","tintindex":0},"west":{"uv":[12.625,11.625,13.0,11.875],"rotation":0,"texture":"#0","tintindex":0}}},{"name":"cube","from":[6.691676,7.1696143,8.172485],"to":[8.491676,8.369615,9.972486],"rotation":{"angle":-22.5,"axis":"x","origin":[7.5916767,7.3196144,8.922485]},"faces":{"down":{"uv":[10.875,11.25,10.5,11.625],"rotation":0,"texture":"#0","tintindex":0},"east":{"uv":[1.875,12.75,2.25,13.0],"rotation":0,"texture":"#0","tintindex":0},"north":{"uv":[12.625,12.125,13.0,12.375],"rotation":0,"texture":"#0","tintindex":0},"south":{"uv":[2.25,12.75,2.625,13.0],"rotation":0,"texture":"#0","tintindex":0},"up":{"uv":[11.625,10.5,11.25,10.125],"rotation":0,"texture":"#0","tintindex":0},"west":{"uv":[12.75,2.5,13.125,2.75],"rotation":0,"texture":"#0","tintindex":0}}},{"name":"cube","from":[4.8916764,8.369615,8.322485],"to":[6.691676,9.569614,10.122486],"rotation":{"angle":-22.5,"axis":"x","origin":[5.7916765,8.519614,9.072485]},"faces":{"down":{"uv":[11.75,0.375,11.375,0.75],"rotation":0,"texture":"#0","tintindex":0},"east":{"uv":[3.0,12.75,3.375,13.0],"rotation":0,"texture":"#0","tintindex":0},"north":{"uv":[2.625,12.75,3.0,13.0],"rotation":0,"texture":"#0","tintindex":0},"south":{"uv":[3.375,12.75,3.75,13.0],"rotation":0,"texture":"#0","tintindex":0},"up":{"uv":[11.75,0.375,11.375,0.0],"rotation":0,"texture":"#0","tintindex":0},"west":{"uv":[12.75,4.25,13.125,4.5],"rotation":0,"texture":"#0","tintindex":0}}},{"name":"cube","from":[3.2416763,7.3196144,7.872485],"to":[5.0416765,8.519614,9.672485],"rotation":{"angle":22.5,"axis":"z","origin":[3.9916763,8.519614,9.072485]},"faces":{"down":{"uv":[2.25,11.375,1.875,11.75],"rotation":0,"texture":"#0","tintindex":0},"east":{"uv":[12.75,4.5,13.125,4.75],"rotation":0,"texture":"#0","tintindex":0},"north":{"uv":[4.5,12.75,4.875,13.0],"rotation":0,"texture":"#0","tintindex":0},"south":{"uv":[12.75,4.75,13.125,5.0],"rotation":0,"texture":"#0","tintindex":0},"up":{"uv":[11.75,1.125,11.375,0.75],"rotation":0,"texture":"#0","tintindex":0},"west":{"uv":[12.75,5.0,13.125,5.25],"rotation":0,"texture":"#0","tintindex":0}}},{"name":"cube","from":[5.3416767,7.9196143,6.072485],"to":[7.1416764,9.119615,7.872485],"rotation":{"angle":22.5,"axis":"z","origin":[5.7916765,8.519614,7.2724853]},"faces":{"down":{"uv":[3.0,11.375,2.625,11.75],"rotation":0,"texture":"#0","tintindex":0},"east":{"uv":[12.75,5.5,13.125,5.75],"rotation":0,"texture":"#0","tintindex":0},"north":{"uv":[12.75,5.25,13.125,5.5],"rotation":0,"texture":"#0","tintindex":0},"south":{"uv":[5.625,12.75,6.0,13.0],"rotation":0,"texture":"#0","tintindex":0},"up":{"uv":[2.625,11.75,2.25,11.375],"rotation":0,"texture":"#0","tintindex":0},"west":{"uv":[7.5,12.75,7.875,13.0],"rotation":0,"texture":"#0","tintindex":0}}},{"name":"cube","from":[3.8416762,7.3196144,4.572485],"to":[5.0416765,9.119615,6.372485],"rotation":{"angle":0.0,"axis":"x","origin":[6.691676,-5.8803864,8.172485]},"faces":{"down":{"uv":[8.625,12.75,8.375,13.125],"rotation":0,"texture":"#0","tintindex":0},"east":{"uv":[3.0,11.375,3.375,11.75],"rotation":0,"texture":"#0","tintindex":0},"north":{"uv":[7.875,12.75,8.125,13.125],"rotation":0,"texture":"#0","tintindex":0},"south":{"uv":[12.75,8.0,13.0,8.375],"rotation":0,"texture":"#0","tintindex":0},"up":{"uv":[8.375,13.125,8.125,12.75],"rotation":0,"texture":"#0","tintindex":0},"west":{"uv":[3.375,11.375,3.75,11.75],"rotation":0,"texture":"#0","tintindex":0}}},{"name":"cube","from":[4.8916764,6.719614,4.422485],"to":[6.691676,7.9196143,6.222485],"rotation":{"angle":22.5,"axis":"y","origin":[5.7916765,7.3196144,5.322485]},"faces":{"down":{"uv":[11.75,10.5,11.375,10.875],"rotation":0,"texture":"#0","tintindex":0},"east":{"uv":[8.625,12.75,9.0,13.0],"rotation":0,"texture":"#0","tintindex":0},"north":{"uv":[12.75,8.375,13.125,8.625],"rotation":0,"texture":"#0","tintindex":0},"south":{"uv":[12.75,8.625,13.125,8.875],"rotation":0,"texture":"#0","tintindex":0},"up":{"uv":[4.875,11.75,4.5,11.375],"rotation":0,"texture":"#0","tintindex":0},"west":{"uv":[12.75,8.875,13.125,9.125],"rotation":0,"texture":"#0","tintindex":0}}},{"name":"cube","from":[10.2916765,6.719614,9.822485],"to":[12.091677,7.9196143,11.622485],"rotation":{"angle":0.0,"axis":"x","origin":[7.8916764,-4.080386,8.022485]},"faces":{"down":{"uv":[11.75,10.875,11.375,11.25],"rotation":0,"texture":"#0","tintindex":0},"east":{"uv":[12.75,9.125,13.125,9.375],"rotation":0,"texture":"#0","tintindex":0},"north":{"uv":[9.0,12.75,9.375,13.0],"rotation":0,"texture":"#0","tintindex":0},"south":{"uv":[9.375,12.75,9.75,13.0],"rotation":0,"texture":"#0","tintindex":0},"up":{"uv":[11.25,11.75,10.875,11.375],"rotation":0,"texture":"#0","tintindex":0},"west":{"uv":[12.75,9.375,13.125,9.625],"rotation":0,"texture":"#0","tintindex":0}}},{"name":"cube","from":[8.491676,6.719614,8.022485],"to":[10.2916765,7.9196143,9.822485],"rotation":{"angle":0.0,"axis":"x","origin":[7.8916764,-4.080386,8.022485]},"faces":{"down":{"uv":[0.375,11.5,0.0,11.875],"rotation":0,"texture":"#0","tintindex":0},"east":{"uv":[9.75,12.75,10.125,13.0],"rotation":0,"texture":"#0","tintindex":0},"north":{"uv":[12.75,9.625,13.125,9.875],"rotation":0,"texture":"#0","tintindex":0},"south":{"uv":[12.75,9.875,13.125,10.125],"rotation":0,"texture":"#0","tintindex":0},"up":{"uv":[11.625,11.75,11.25,11.375],"rotation":0,"texture":"#0","tintindex":0},"west":{"uv":[10.125,12.75,10.5,13.0],"rotation":0,"texture":"#0","tintindex":0}}},{"name":"cube","from":[7.1416764,6.719614,9.522486],"to":[8.941677,7.9196143,11.322486],"rotation":{"angle":22.5,"axis":"z","origin":[7.5916767,7.3196144,10.722486]},"faces":{"down":{"uv":[1.125,11.5,0.75,11.875],"rotation":0,"texture":"#0","tintindex":0},"east":{"uv":[10.5,12.75,10.875,13.0],"rotation":0,"texture":"#0","tintindex":0},"north":{"uv":[12.75,10.125,13.125,10.375],"rotation":0,"texture":"#0","tintindex":0},"south":{"uv":[10.875,12.75,11.25,13.0],"rotation":0,"texture":"#0","tintindex":0},"up":{"uv":[0.75,11.875,0.375,11.5],"rotation":0,"texture":"#0","tintindex":0},"west":{"uv":[12.75,11.125,13.125,11.375],"rotation":0,"texture":"#0","tintindex":0}}},{"name":"cube","from":[8.491676,7.1696143,6.372485],"to":[10.2916765,8.369615,8.172485],"rotation":{"angle":-22.5,"axis":"x","origin":[9.391676,7.3196144,7.122485]},"faces":{"down":{"uv":[11.875,1.125,11.5,1.5],"rotation":0,"texture":"#0","tintindex":0},"east":{"uv":[12.75,11.375,13.125,11.625],"rotation":0,"texture":"#0","tintindex":0},"north":{"uv":[11.25,12.75,11.625,13.0],"rotation":0,"texture":"#0","tintindex":0},"south":{"uv":[11.625,12.75,12.0,13.0],"rotation":0,"texture":"#0","tintindex":0},"up":{"uv":[1.5,11.875,1.125,11.5],"rotation":0,"texture":"#0","tintindex":0},"west":{"uv":[12.75,11.875,13.125,12.125],"rotation":0,"texture":"#0","tintindex":0}}},{"name":"cube","from":[7.1416764,6.719614,5.922485],"to":[8.941677,7.9196143,7.722485],"rotation":{"angle":22.5,"axis":"z","origin":[7.5916767,7.3196144,7.122485]},"faces":{"down":{"uv":[11.875,1.5,11.5,1.875],"rotation":0,"texture":"#0","tintindex":0},"east":{"uv":[12.375,12.75,12.75,13.0],"rotation":0,"texture":"#0","tintindex":0},"north":{"uv":[12.0,12.75,12.375,13.0],"rotation":0,"texture":"#0","tintindex":0},"south":{"uv":[12.75,12.375,13.125,12.625],"rotation":0,"texture":"#0","tintindex":0},"up":{"uv":[1.875,11.875,1.5,11.5],"rotation":0,"texture":"#0","tintindex":0},"west":{"uv":[12.75,12.625,13.125,12.875],"rotation":0,"texture":"#0","tintindex":0}}},{"name":"cube","from":[5.3416767,6.719614,7.722485],"to":[7.1416764,7.9196143,9.522486],"rotation":{"angle":22.5,"axis":"z","origin":[5.7916765,7.3196144,8.922485]},"faces":{"down":{"uv":[11.875,2.25,11.5,2.625],"rotation":0,"texture":"#0","tintindex":0},"east":{"uv":[12.875,0.0,13.25,0.25],"rotation":0,"texture":"#0","tintindex":0},"north":{"uv":[0.0,12.875,0.375,13.125],"rotation":0,"texture":"#0","tintindex":0},"south":{"uv":[12.875,0.25,13.25,0.5],"rotation":0,"texture":"#0","tintindex":0},"up":{"uv":[11.875,2.25,11.5,1.875],"rotation":0,"texture":"#0","tintindex":0},"west":{"uv":[0.375,12.875,0.75,13.125],"rotation":0,"texture":"#0","tintindex":0}}},{"name":"cube","from":[8.941677,6.719614,4.122485],"to":[10.741676,7.9196143,5.922485],"rotation":{"angle":22.5,"axis":"z","origin":[9.391676,7.3196144,5.322485]},"faces":{"down":{"uv":[11.875,3.375,11.5,3.75],"rotation":0,"texture":"#0","tintindex":0},"east":{"uv":[0.75,12.875,1.125,13.125],"rotation":0,"texture":"#0","tintindex":0},"north":{"uv":[12.875,0.5,13.25,0.75],"rotation":0,"texture":"#0","tintindex":0},"south":{"uv":[12.875,0.75,13.25,1.0],"rotation":0,"texture":"#0","tintindex":0},"up":{"uv":[11.875,3.375,11.5,3.0],"rotation":0,"texture":"#0","tintindex":0},"west":{"uv":[1.125,12.875,1.5,13.125],"rotation":0,"texture":"#0","tintindex":0}}},{"name":"cube","from":[6.691676,6.719614,4.422485],"to":[8.491676,7.9196143,6.222485],"rotation":{"angle":0.0,"axis":"x","origin":[7.8916764,-4.080386,8.022485]},"faces":{"down":{"uv":[11.875,4.125,11.5,4.5],"rotation":0,"texture":"#0","tintindex":0},"east":{"uv":[12.875,2.75,13.25,3.0],"rotation":0,"texture":"#0","tintindex":0},"north":{"uv":[1.5,12.875,1.875,13.125],"rotation":0,"texture":"#0","tintindex":0},"south":{"uv":[12.875,3.0,13.25,3.25],"rotation":0,"texture":"#0","tintindex":0},"up":{"uv":[11.875,4.125,11.5,3.75],"rotation":0,"texture":"#0","tintindex":0},"west":{"uv":[12.875,3.25,13.25,3.5],"rotation":0,"texture":"#0","tintindex":0}}},{"name":"cube","from":[3.0916762,9.119615,4.572485],"to":[4.8916764,10.319614,6.372485],"rotation":{"angle":22.5,"axis":"y","origin":[3.9916763,8.519614,5.472485]},"faces":{"down":{"uv":[5.25,11.5,4.875,11.875],"rotation":0,"texture":"#0","tintindex":0},"east":{"uv":[3.75,12.875,4.125,13.125],"rotation":0,"texture":"#0","tintindex":0},"north":{"uv":[12.875,3.5,13.25,3.75],"rotation":0,"texture":"#0","tintindex":0},"south":{"uv":[12.875,3.75,13.25,4.0],"rotation":0,"texture":"#0","tintindex":0},"up":{"uv":[11.875,4.875,11.5,4.5],"rotation":0,"texture":"#0","tintindex":0},"west":{"uv":[12.875,4.0,13.25,4.25],"rotation":0,"texture":"#0","tintindex":0}}},{"name":"cube","from":[3.2416763,9.119615,6.972485],"to":[5.0416765,10.319614,8.772486],"rotation":{"angle":-22.5,"axis":"z","origin":[3.9916763,9.719614,7.872485]},"faces":{"down":{"uv":[5.625,11.5,5.25,11.875],"rotation":0,"texture":"#0","tintindex":0},"east":{"uv":[4.875,12.875,5.25,13.125],"rotation":0,"texture":"#0","tintindex":0},"north":{"uv":[4.125,12.875,4.5,13.125],"rotation":0,"texture":"#0","tintindex":0},"south":{"uv":[5.25,12.875,5.625,13.125],"rotation":0,"texture":"#0","tintindex":0},"up":{"uv":[11.875,5.25,11.5,4.875],"rotation":0,"texture":"#0","tintindex":0},"west":{"uv":[12.875,5.75,13.25,6.0],"rotation":0,"texture":"#0","tintindex":0}}},{"name":"cube","from":[4.8916764,6.719614,6.222485],"to":[6.691676,7.9196143,8.022485],"rotation":{"angle":0.0,"axis":"x","origin":[7.8916764,-4.080386,8.022485]},"faces":{"down":{"uv":[6.0,11.5,5.625,11.875],"rotation":0,"texture":"#0","tintindex":0},"east":{"uv":[12.875,6.0,13.25,6.25],"rotation":0,"texture":"#0","tintindex":0},"north":{"uv":[6.0,12.875,6.375,13.125],"rotation":0,"texture":"#0","tintindex":0},"south":{"uv":[12.875,6.25,13.25,6.5],"rotation":0,"texture":"#0","tintindex":0},"up":{"uv":[11.875,5.625,11.5,5.25],"rotation":0,"texture":"#0","tintindex":0},"west":{"uv":[6.375,12.875,6.75,13.125],"rotation":0,"texture":"#0","tintindex":0}}}],"display":{"head":{"translation":[0.0,-6.4,0.0],"rotation":[0.0,0.0,0.0],"scale":[3.8095,3.8095,3.8095]}}}