{"textures":{"0":"modelengine:entity/jackpot_mc"},"elements":[{"name":"cube","from":[7.1,7.4,7.1],"to":[8.9,8.6,8.9],"rotation":{"angle":0.0,"axis":"x","origin":[9.8,6.2,6.05]},"faces":{"down":{"uv":[8.25,10.5,7.875,10.875],"rotation":0,"texture":"#0","tintindex":0},"east":{"uv":[11.625,10.125,12.0,10.375],"rotation":0,"texture":"#0","tintindex":0},"north":{"uv":[10.0,11.625,10.375,11.875],"rotation":0,"texture":"#0","tintindex":0},"south":{"uv":[10.375,11.625,10.75,11.875],"rotation":0,"texture":"#0","tintindex":0},"up":{"uv":[10.875,8.125,10.5,7.75],"rotation":0,"texture":"#0","tintindex":0},"west":{"uv":[11.625,11.25,12.0,11.5],"rotation":0,"texture":"#0","tintindex":0}}}],"display":{"head":{"translation":[0.0,-6.4,0.0],"rotation":[0.0,0.0,0.0],"scale":[3.8095,3.8095,3.8095]}}}