{"textures":{"0":"modelengine:entity/jackpot_mc"},"elements":[{"name":"cube","from":[7.1,7.4,7.1],"to":[8.9,8.6,8.9],"rotation":{"angle":0.0,"axis":"x","origin":[9.8,6.2,6.05]},"faces":{"down":{"uv":[10.5,10.5,10.125,10.875],"rotation":0,"texture":"#0","tintindex":0},"east":{"uv":[0.0,11.875,0.375,12.125],"rotation":0,"texture":"#0","tintindex":0},"north":{"uv":[11.5,11.75,11.875,12.0],"rotation":0,"texture":"#0","tintindex":0},"south":{"uv":[0.375,11.875,0.75,12.125],"rotation":0,"texture":"#0","tintindex":0},"up":{"uv":[10.875,10.125,10.5,9.75],"rotation":0,"texture":"#0","tintindex":0},"west":{"uv":[0.75,11.875,1.125,12.125],"rotation":0,"texture":"#0","tintindex":0}}}],"display":{"head":{"translation":[0.0,-6.4,0.0],"rotation":[0.0,0.0,0.0],"scale":[3.8095,3.8095,3.8095]}}}