{"textures":{"0":"modelengine:entity/jackpot_mc"},"elements":[{"name":"cube","from":[6.8,6.3199997,7.46],"to":[7.7599998,9.68,8.54],"rotation":{"angle":0.0,"axis":"x","origin":[18.68,7.4,7.7]},"faces":{"down":{"uv":[13.375,4.25,13.125,4.5],"rotation":0,"texture":"#0","tintindex":0},"east":{"uv":[5.5,9.75,5.75,10.5],"rotation":0,"texture":"#0","tintindex":0},"north":{"uv":[9.75,5.0,10.0,5.75],"rotation":0,"texture":"#0","tintindex":0},"south":{"uv":[5.75,9.75,6.0,10.5],"rotation":0,"texture":"#0","tintindex":0},"up":{"uv":[4.375,13.375,4.125,13.125],"rotation":0,"texture":"#0","tintindex":0},"west":{"uv":[6.0,9.75,6.25,10.5],"rotation":0,"texture":"#0","tintindex":0}}},{"name":"cube","from":[7.7599998,8.719999,7.46],"to":[8.24,9.68,8.54],"rotation":{"angle":0.0,"axis":"x","origin":[19.04,7.4,7.7]},"faces":{"down":{"uv":[3.5,13.5,3.375,13.75],"rotation":0,"texture":"#0","tintindex":0},"east":{"uv":[13.125,4.5,13.375,4.75],"rotation":0,"texture":"#0","tintindex":0},"north":{"uv":[3.125,13.5,3.25,13.75],"rotation":0,"texture":"#0","tintindex":0},"south":{"uv":[13.5,3.125,13.625,3.375],"rotation":0,"texture":"#0","tintindex":0},"up":{"uv":[3.375,13.75,3.25,13.5],"rotation":0,"texture":"#0","tintindex":0},"west":{"uv":[4.75,13.125,5.0,13.375],"rotation":0,"texture":"#0","tintindex":0}}},{"name":"cube","from":[8.24,6.3199997,7.46],"to":[9.2,9.68,8.54],"rotation":{"angle":0.0,"axis":"x","origin":[19.04,7.4,7.7]},"faces":{"down":{"uv":[5.25,13.125,5.0,13.375],"rotation":0,"texture":"#0","tintindex":0},"east":{"uv":[6.75,9.75,7.0,10.5],"rotation":0,"texture":"#0","tintindex":0},"north":{"uv":[9.75,6.25,10.0,7.0],"rotation":0,"texture":"#0","tintindex":0},"south":{"uv":[7.0,9.75,7.25,10.5],"rotation":0,"texture":"#0","tintindex":0},"up":{"uv":[13.375,5.0,13.125,4.75],"rotation":0,"texture":"#0","tintindex":0},"west":{"uv":[9.75,7.0,10.0,7.75],"rotation":0,"texture":"#0","tintindex":0}}},{"name":"cube","from":[8.0906,6.1706,7.4606004],"to":[9.3494005,9.8294,8.5394],"rotation":{"angle":0.0,"axis":"x","origin":[19.04,7.4,7.7]},"faces":{"down":{"uv":[5.5,13.125,5.25,13.375],"rotation":0,"texture":"#0","tintindex":0},"east":{"uv":[7.5,9.75,7.75,10.5],"rotation":0,"texture":"#0","tintindex":0},"north":{"uv":[7.25,9.75,7.5,10.5],"rotation":0,"texture":"#0","tintindex":0},"south":{"uv":[7.75,9.75,8.0,10.5],"rotation":0,"texture":"#0","tintindex":0},"up":{"uv":[13.375,5.25,13.125,5.0],"rotation":0,"texture":"#0","tintindex":0},"west":{"uv":[8.0,9.75,8.25,10.5],"rotation":0,"texture":"#0","tintindex":0}}},{"name":"cube","from":[6.6506004,6.1706,7.4606004],"to":[7.9094005,9.8294,8.5394],"rotation":{"angle":0.0,"axis":"x","origin":[19.1,7.55,7.7]},"faces":{"down":{"uv":[13.375,5.5,13.125,5.75],"rotation":0,"texture":"#0","tintindex":0},"east":{"uv":[8.5,9.75,8.75,10.5],"rotation":0,"texture":"#0","tintindex":0},"north":{"uv":[8.25,9.75,8.5,10.5],"rotation":0,"texture":"#0","tintindex":0},"south":{"uv":[8.75,9.75,9.0,10.5],"rotation":0,"texture":"#0","tintindex":0},"up":{"uv":[13.375,5.5,13.125,5.25],"rotation":0,"texture":"#0","tintindex":0},"west":{"uv":[9.0,9.75,9.25,10.5],"rotation":0,"texture":"#0","tintindex":0}}},{"name":"cube","from":[7.7599998,6.3199997,7.46],"to":[8.24,7.28,8.54],"rotation":{"angle":0.0,"axis":"x","origin":[19.04,7.4,7.7]},"faces":{"down":{"uv":[4.5,13.5,4.375,13.75],"rotation":0,"texture":"#0","tintindex":0},"east":{"uv":[5.875,13.125,6.125,13.375],"rotation":0,"texture":"#0","tintindex":0},"north":{"uv":[13.5,3.375,13.625,3.625],"rotation":0,"texture":"#0","tintindex":0},"south":{"uv":[13.5,3.625,13.625,3.875],"rotation":0,"texture":"#0","tintindex":0},"up":{"uv":[13.625,4.125,13.5,3.875],"rotation":0,"texture":"#0","tintindex":0},"west":{"uv":[6.125,13.125,6.375,13.375],"rotation":0,"texture":"#0","tintindex":0}}},{"name":"cube","from":[7.9105997,6.1706,7.4606004],"to":[8.0894,7.4294,8.5394],"rotation":{"angle":0.0,"axis":"x","origin":[19.04,7.4,7.7]},"faces":{"down":{"uv":[13.625,5.75,13.5,6.0],"rotation":0,"texture":"#0","tintindex":0},"east":{"uv":[6.375,13.125,6.625,13.375],"rotation":0,"texture":"#0","tintindex":0},"north":{"uv":[4.5,13.5,4.625,13.75],"rotation":0,"texture":"#0","tintindex":0},"south":{"uv":[5.5,13.5,5.625,13.75],"rotation":0,"texture":"#0","tintindex":0},"up":{"uv":[5.75,13.75,5.625,13.5],"rotation":0,"texture":"#0","tintindex":0},"west":{"uv":[13.125,6.5,13.375,6.75],"rotation":0,"texture":"#0","tintindex":0}}},{"name":"cube","from":[7.9105997,8.5706005,7.4606004],"to":[8.0894,9.8294,8.5394],"rotation":{"angle":0.0,"axis":"x","origin":[19.04,7.4,7.7]},"faces":{"down":{"uv":[7.625,13.5,7.5,13.75],"rotation":0,"texture":"#0","tintindex":0},"east":{"uv":[6.625,13.125,6.875,13.375],"rotation":0,"texture":"#0","tintindex":0},"north":{"uv":[13.5,6.0,13.625,6.25],"rotation":0,"texture":"#0","tintindex":0},"south":{"uv":[13.5,6.25,13.625,6.5],"rotation":0,"texture":"#0","tintindex":0},"up":{"uv":[7.5,13.75,7.375,13.5],"rotation":0,"texture":"#0","tintindex":0},"west":{"uv":[13.125,6.75,13.375,7.0],"rotation":0,"texture":"#0","tintindex":0}}}],"display":{"head":{"translation":[0.0,-6.4,0.0],"rotation":[0.0,0.0,0.0],"scale":[3.8095,3.8095,3.8095]}}}