{"textures":{"0":"modelengine:entity/jackpot_mc"},"elements":[{"name":"cube","from":[7.3399997,8.36,7.4599996],"to":[8.3,9.32,8.54],"rotation":{"angle":0.0,"axis":"x","origin":[16.94,7.04,7.7]},"faces":{"down":{"uv":[8.0,13.125,7.75,13.375],"rotation":0,"texture":"#0","tintindex":0},"east":{"uv":[13.125,7.0,13.375,7.25],"rotation":0,"texture":"#0","tintindex":0},"north":{"uv":[6.875,13.125,7.125,13.375],"rotation":0,"texture":"#0","tintindex":0},"south":{"uv":[7.125,13.125,7.375,13.375],"rotation":0,"texture":"#0","tintindex":0},"up":{"uv":[13.375,7.75,13.125,7.5],"rotation":0,"texture":"#0","tintindex":0},"west":{"uv":[13.125,7.25,13.375,7.5],"rotation":0,"texture":"#0","tintindex":0}}},{"name":"cube","from":[7.1906,8.2106,7.4605994],"to":[8.1494,9.4694,8.5394],"rotation":{"angle":0.0,"axis":"x","origin":[16.94,7.04,7.7]},"faces":{"down":{"uv":[13.375,8.75,13.125,9.0],"rotation":0,"texture":"#0","tintindex":0},"east":{"uv":[8.0,13.125,8.25,13.375],"rotation":0,"texture":"#0","tintindex":0},"north":{"uv":[13.125,7.75,13.375,8.0],"rotation":0,"texture":"#0","tintindex":0},"south":{"uv":[8.25,13.125,8.5,13.375],"rotation":0,"texture":"#0","tintindex":0},"up":{"uv":[13.375,8.75,13.125,8.5],"rotation":0,"texture":"#0","tintindex":0},"west":{"uv":[13.125,8.25,13.375,8.5],"rotation":0,"texture":"#0","tintindex":0}}},{"name":"cube","from":[8.3,5.9599996,7.4599996],"to":[9.26,9.32,8.54],"rotation":{"angle":0.0,"axis":"x","origin":[16.94,7.04,7.7]},"faces":{"down":{"uv":[13.375,9.25,13.125,9.5],"rotation":0,"texture":"#0","tintindex":0},"east":{"uv":[9.25,9.75,9.5,10.5],"rotation":0,"texture":"#0","tintindex":0},"north":{"uv":[9.75,9.0,10.0,9.75],"rotation":0,"texture":"#0","tintindex":0},"south":{"uv":[9.5,9.75,9.75,10.5],"rotation":0,"texture":"#0","tintindex":0},"up":{"uv":[13.375,9.25,13.125,9.0],"rotation":0,"texture":"#0","tintindex":0},"west":{"uv":[9.75,9.75,10.0,10.5],"rotation":0,"texture":"#0","tintindex":0}}},{"name":"cube","from":[8.1506,5.8105993,7.4605994],"to":[9.4094,9.4694,8.5394],"rotation":{"angle":0.0,"axis":"x","origin":[16.94,7.04,7.7]},"faces":{"down":{"uv":[13.375,9.75,13.125,10.0],"rotation":0,"texture":"#0","tintindex":0},"east":{"uv":[0.25,10.0,0.5,10.75],"rotation":0,"texture":"#0","tintindex":0},"north":{"uv":[0.0,10.0,0.25,10.75],"rotation":0,"texture":"#0","tintindex":0},"south":{"uv":[0.5,10.0,0.75,10.75],"rotation":0,"texture":"#0","tintindex":0},"up":{"uv":[13.375,9.75,13.125,9.5],"rotation":0,"texture":"#0","tintindex":0},"west":{"uv":[0.75,10.0,1.0,10.75],"rotation":0,"texture":"#0","tintindex":0}}},{"name":"cube","from":[7.3399997,6.92,7.4599996],"to":[8.3,7.88,8.54],"rotation":{"angle":0.0,"axis":"x","origin":[16.94,7.04,7.7]},"faces":{"down":{"uv":[13.375,11.25,13.125,11.5],"rotation":0,"texture":"#0","tintindex":0},"east":{"uv":[13.125,10.25,13.375,10.5],"rotation":0,"texture":"#0","tintindex":0},"north":{"uv":[13.125,10.0,13.375,10.25],"rotation":0,"texture":"#0","tintindex":0},"south":{"uv":[13.125,10.5,13.375,10.75],"rotation":0,"texture":"#0","tintindex":0},"up":{"uv":[13.375,11.25,13.125,11.0],"rotation":0,"texture":"#0","tintindex":0},"west":{"uv":[13.125,10.75,13.375,11.0],"rotation":0,"texture":"#0","tintindex":0}}},{"name":"cube","from":[7.1906,6.7706,7.4605994],"to":[8.1494,8.0294,8.5394],"rotation":{"angle":0.0,"axis":"x","origin":[16.94,7.04,7.7]},"faces":{"down":{"uv":[13.375,13.125,13.125,13.375],"rotation":0,"texture":"#0","tintindex":0},"east":{"uv":[13.125,12.375,13.375,12.625],"rotation":0,"texture":"#0","tintindex":0},"north":{"uv":[13.125,11.875,13.375,12.125],"rotation":0,"texture":"#0","tintindex":0},"south":{"uv":[12.625,13.125,12.875,13.375],"rotation":0,"texture":"#0","tintindex":0},"up":{"uv":[13.125,13.375,12.875,13.125],"rotation":0,"texture":"#0","tintindex":0},"west":{"uv":[13.125,12.625,13.375,12.875],"rotation":0,"texture":"#0","tintindex":0}}},{"name":"cube","from":[7.3399997,7.88,7.4599996],"to":[7.8199997,8.36,8.54],"rotation":{"angle":0.0,"axis":"x","origin":[16.94,7.04,7.7]},"faces":{"down":{"uv":[8.75,13.5,8.625,13.75],"rotation":0,"texture":"#0","tintindex":0},"east":{"uv":[13.5,4.125,13.75,4.25],"rotation":0,"texture":"#0","tintindex":0},"north":{"uv":[11.125,5.625,11.25,5.75],"rotation":0,"texture":"#0","tintindex":0},"south":{"uv":[6.375,11.125,6.5,11.25],"rotation":0,"texture":"#0","tintindex":0},"up":{"uv":[8.625,13.75,8.5,13.5],"rotation":0,"texture":"#0","tintindex":0},"west":{"uv":[13.5,8.0,13.75,8.125],"rotation":0,"texture":"#0","tintindex":0}}},{"name":"cube","from":[7.1906,8.030601,7.4605994],"to":[7.9694,8.209399,8.5394],"rotation":{"angle":0.0,"axis":"x","origin":[16.94,7.04,7.7]},"faces":{"down":{"uv":[9.25,13.5,9.125,13.75],"rotation":0,"texture":"#0","tintindex":0},"east":{"uv":[13.5,8.125,13.75,8.25],"rotation":0,"texture":"#0","tintindex":0},"north":{"uv":[11.25,10.5,11.375,10.625],"rotation":0,"texture":"#0","tintindex":0},"south":{"uv":[10.875,11.25,11.0,11.375],"rotation":0,"texture":"#0","tintindex":0},"up":{"uv":[9.125,13.75,9.0,13.5],"rotation":0,"texture":"#0","tintindex":0},"west":{"uv":[8.75,13.5,9.0,13.625],"rotation":0,"texture":"#0","tintindex":0}}}],"display":{"head":{"translation":[0.0,-6.4,0.0],"rotation":[0.0,0.0,0.0],"scale":[3.8095,3.8095,3.8095]}}}