{"textures":{"0":"modelengine:entity/jackpot_mc"},"elements":[{"name":"cube","from":[6.433777,8.36,7.425434],"to":[9.313776,9.32,8.505434],"rotation":{"angle":22.5,"axis":"y","origin":[8.023777,8.0,7.665434]},"faces":{"down":{"uv":[11.125,4.5,10.5,4.75],"rotation":0,"texture":"#0","tintindex":0},"east":{"uv":[0.5,13.125,0.75,13.375],"rotation":0,"texture":"#0","tintindex":0},"north":{"uv":[10.5,3.0,11.125,3.25],"rotation":0,"texture":"#0","tintindex":0},"south":{"uv":[10.5,3.25,11.125,3.5],"rotation":0,"texture":"#0","tintindex":0},"up":{"uv":[11.125,4.5,10.5,4.25],"rotation":0,"texture":"#0","tintindex":0},"west":{"uv":[0.75,13.125,1.0,13.375],"rotation":0,"texture":"#0","tintindex":0}}},{"name":"cube","from":[7.393777,5.9599996,7.425434],"to":[8.353777,8.36,8.505434],"rotation":{"angle":22.5,"axis":"y","origin":[8.023777,8.0,7.665434]},"faces":{"down":{"uv":[1.5,13.125,1.25,13.375],"rotation":0,"texture":"#0","tintindex":0},"east":{"uv":[6.0,11.5,6.25,12.0],"rotation":0,"texture":"#0","tintindex":0},"north":{"uv":[6.5,7.75,6.75,8.25],"rotation":0,"texture":"#0","tintindex":0},"south":{"uv":[3.75,11.625,4.0,12.125],"rotation":0,"texture":"#0","tintindex":0},"up":{"uv":[1.25,13.375,1.0,13.125],"rotation":0,"texture":"#0","tintindex":0},"west":{"uv":[4.0,11.625,4.25,12.125],"rotation":0,"texture":"#0","tintindex":0}}},{"name":"cube","from":[6.284377,8.2106,7.426034],"to":[9.463177,9.4694,8.504833],"rotation":{"angle":22.5,"axis":"y","origin":[8.023777,8.0,7.665434]},"faces":{"down":{"uv":[6.125,10.5,5.5,10.75],"rotation":0,"texture":"#0","tintindex":0},"east":{"uv":[1.5,13.125,1.75,13.375],"rotation":0,"texture":"#0","tintindex":0},"north":{"uv":[10.5,4.75,11.125,5.0],"rotation":0,"texture":"#0","tintindex":0},"south":{"uv":[10.5,5.0,11.125,5.25],"rotation":0,"texture":"#0","tintindex":0},"up":{"uv":[11.125,5.5,10.5,5.25],"rotation":0,"texture":"#0","tintindex":0},"west":{"uv":[13.125,2.5,13.375,2.75],"rotation":0,"texture":"#0","tintindex":0}}},{"name":"cube","from":[7.2443767,5.8105993,7.426034],"to":[8.503177,8.209399,8.504833],"rotation":{"angle":22.5,"axis":"y","origin":[8.023777,8.0,7.665434]},"faces":{"down":{"uv":[4.125,13.125,3.875,13.375],"rotation":0,"texture":"#0","tintindex":0},"east":{"uv":[11.625,5.625,11.875,6.125],"rotation":0,"texture":"#0","tintindex":0},"north":{"uv":[4.25,11.625,4.5,12.125],"rotation":0,"texture":"#0","tintindex":0},"south":{"uv":[11.625,6.125,11.875,6.625],"rotation":0,"texture":"#0","tintindex":0},"up":{"uv":[3.875,13.375,3.625,13.125],"rotation":0,"texture":"#0","tintindex":0},"west":{"uv":[6.25,11.625,6.5,12.125],"rotation":0,"texture":"#0","tintindex":0}}}],"display":{"head":{"translation":[0.0,-6.4,0.0],"rotation":[0.0,0.0,0.0],"scale":[3.8095,3.8095,3.8095]}}}