{"textures":{"0":"modelengine:entity/nocsy_pikachu_mouse","1":"modelengine:entity/nocsy_pikachu_cheeks","2":"modelengine:entity/nocsy_pikachu_full"},"elements":[{"name":"cube","from":[6.1759996,4.1239996,6.332],"to":[9.823999,9.139999,9.524],"rotation":{"angle":0.0,"axis":"x","origin":[7.0880003,2.2999997,7.7]},"faces":{"down":{"uv":[6.0,9.0,4.5,10.375],"rotation":0,"texture":"#2","tintindex":0},"east":{"uv":[4.5,6.75,5.875,8.875],"rotation":0,"texture":"#2","tintindex":0},"north":{"uv":[4.5,4.5,6.0,6.625],"rotation":0,"texture":"#2","tintindex":0},"south":{"uv":[6.0,0.0,7.5,2.125],"rotation":0,"texture":"#2","tintindex":0},"up":{"uv":[4.5,10.375,3.0,9.0],"rotation":0,"texture":"#2","tintindex":0},"west":{"uv":[6.0,7.5,7.375,9.625],"rotation":0,"texture":"#2","tintindex":0}}},{"name":"cube","from":[6.17144,3.8002396,6.1906395],"to":[9.82856,9.281361,8.02376],"rotation":{"angle":0.0,"axis":"x","origin":[7.0880003,2.2999997,7.7]},"faces":{"down":{"uv":[11.0,5.75,9.5,6.5],"rotation":0,"texture":"#2","tintindex":0},"east":{"uv":[9.5,3.5,10.25,5.75],"rotation":0,"texture":"#2","tintindex":0},"north":{"uv":[4.5,0.0,6.0,2.25],"rotation":0,"texture":"#2","tintindex":0},"south":{"uv":[4.5,2.25,6.0,4.5],"rotation":0,"texture":"#2","tintindex":0},"up":{"uv":[11.0,1.75,9.5,1.0],"rotation":0,"texture":"#2","tintindex":0},"west":{"uv":[9.0,9.5,9.75,11.75],"rotation":0,"texture":"#2","tintindex":0}}},{"name":"cube","from":[6.18056,3.5813599,6.79256],"to":[9.819441,7.67624,9.975441],"rotation":{"angle":-22.5,"axis":"x","origin":[8.0,6.632,7.928]},"faces":{"down":{"uv":[9.0,9.25,7.5,10.625],"rotation":0,"texture":"#2","tintindex":0},"east":{"uv":[0.0,9.0,1.375,10.75],"rotation":0,"texture":"#2","tintindex":0},"north":{"uv":[8.0,3.5,9.5,5.25],"rotation":0,"texture":"#2","tintindex":0},"south":{"uv":[8.0,5.25,9.5,7.0],"rotation":0,"texture":"#2","tintindex":0},"up":{"uv":[10.75,8.375,9.25,7.0],"rotation":0,"texture":"#2","tintindex":0},"west":{"uv":[1.5,9.0,2.875,10.75],"rotation":0,"texture":"#2","tintindex":0}}}],"display":{"head":{"translation":[0.0,-6.4,0.0],"rotation":[0.0,0.0,0.0],"scale":[3.8095,3.8095,3.8095]}}}