{"textures":{"0":"modelengine:entity/nocsy_pikachu_mouse","1":"modelengine:entity/nocsy_pikachu_cheeks","2":"modelengine:entity/nocsy_pikachu_full"},"elements":[{"name":"cube","from":[5.6288,7.6763563,5.756036],"to":[10.371201,11.962757,10.042436],"rotation":{"angle":0.0,"axis":"x","origin":[6.632,1.3835562,8.127235]},"faces":{"down":{"uv":[9.375,0.0,7.5,1.625],"rotation":0,"texture":"#2","tintindex":0},"east":{"uv":[7.5,7.5,9.125,9.125],"rotation":0,"texture":"#2","tintindex":0},"north":{"uv":[6.0,2.25,7.875,3.875],"rotation":0,"texture":"#2","tintindex":0},"south":{"uv":[7.875,4.0,6.0,5.625],"rotation":0,"texture":"#2","tintindex":0},"up":{"uv":[7.875,7.375,6.0,5.75],"rotation":0,"texture":"#2","tintindex":0},"west":{"uv":[8.0,1.75,9.625,3.375],"rotation":0,"texture":"#2","tintindex":0}}},{"name":"cube","from":[10.3172,7.7273564,5.7620354],"to":[10.5452,9.6617565,9.436436],"rotation":{"angle":0.0,"axis":"x","origin":[9.368,1.3835562,8.127235]},"faces":{"down":{"uv":[0.5,7.5,1.0,13.0],"rotation":0,"texture":"#1","tintindex":0},"east":{"uv":[0.0,0.0,5.5,3.5],"rotation":0,"texture":"#1","tintindex":0},"north":{"uv":[5.5,0.0,6.0,3.5],"rotation":0,"texture":"#1","tintindex":0},"south":{"uv":[6.0,0.0,6.5,3.5],"rotation":0,"texture":"#1","tintindex":0},"up":{"uv":[0.0,13.0,0.5,7.5],"rotation":0,"texture":"#1","tintindex":0},"west":{"uv":[0.0,4.0,5.5,7.5],"rotation":0,"texture":"#1","tintindex":0}}},{"name":"cube","from":[5.4547997,7.7273564,5.7620354],"to":[5.6828,9.6617565,9.436436],"rotation":{"angle":0.0,"axis":"x","origin":[6.632,1.3835562,8.127235]},"faces":{"down":{"uv":[1.0,7.5,0.5,13.0],"rotation":0,"texture":"#1","tintindex":0},"east":{"uv":[5.5,4.0,0.0,7.5],"rotation":0,"texture":"#1","tintindex":0},"north":{"uv":[6.0,0.0,5.5,3.5],"rotation":0,"texture":"#1","tintindex":0},"south":{"uv":[6.5,0.0,6.0,3.5],"rotation":0,"texture":"#1","tintindex":0},"up":{"uv":[0.5,13.0,0.0,7.5],"rotation":0,"texture":"#1","tintindex":0},"west":{"uv":[5.5,0.0,0.0,3.5],"rotation":0,"texture":"#1","tintindex":0}}},{"name":"cube","from":[8.456699,9.340023,5.696478],"to":[10.28838,11.171703,5.696478],"rotation":{"angle":0.0,"axis":"x","origin":[6.6079235,1.3834779,8.129475]},"faces":{"down":{"uv":[0.75,0.0,0.0,0.0],"rotation":0,"texture":"#2","tintindex":0},"east":{"uv":[0.0,0.0,0.0,0.75],"rotation":0,"texture":"#2","tintindex":0},"north":{"uv":[11.75,2.0,11.0,2.75],"rotation":0,"texture":"#2","tintindex":0},"south":{"uv":[11.75,5.75,11.0,6.5],"rotation":0,"texture":"#2","tintindex":0},"up":{"uv":[0.75,0.0,0.0,0.0],"rotation":0,"texture":"#2","tintindex":0},"west":{"uv":[0.0,0.0,0.0,0.75],"rotation":0,"texture":"#2","tintindex":0}}},{"name":"cube","from":[6.016901,9.340023,5.696478],"to":[7.8485813,11.171703,5.696478],"rotation":{"angle":0.0,"axis":"x","origin":[9.3920765,1.3834779,8.129475]},"faces":{"down":{"uv":[0.75,0.0,0.0,0.0],"rotation":0,"texture":"#2","tintindex":0},"east":{"uv":[0.0,0.0,0.0,0.75],"rotation":0,"texture":"#2","tintindex":0},"north":{"uv":[11.0,9.5,11.75,10.25],"rotation":0,"texture":"#2","tintindex":0},"south":{"uv":[11.25,0.0,12.0,0.75],"rotation":0,"texture":"#2","tintindex":0},"up":{"uv":[0.75,0.0,0.0,0.0],"rotation":0,"texture":"#2","tintindex":0},"west":{"uv":[0.0,0.0,0.0,0.75],"rotation":0,"texture":"#2","tintindex":0}}},{"name":"cube","from":[6.383237,9.828472,5.6812143],"to":[6.9937973,10.439032,5.6812143],"rotation":{"angle":0.0,"axis":"x","origin":[9.3920765,1.3834779,8.129475]},"faces":{"down":{"uv":[0.25,0.0,0.0,0.0],"rotation":0,"texture":"#2","tintindex":0},"east":{"uv":[0.0,0.0,0.0,0.25],"rotation":0,"texture":"#2","tintindex":0},"north":{"uv":[9.0,9.25,9.25,9.5],"rotation":0,"texture":"#2","tintindex":0},"south":{"uv":[11.0,10.25,11.25,10.5],"rotation":0,"texture":"#2","tintindex":0},"up":{"uv":[0.25,0.0,0.0,0.0],"rotation":0,"texture":"#2","tintindex":0},"west":{"uv":[0.0,0.0,0.0,0.25],"rotation":0,"texture":"#2","tintindex":0}}},{"name":"cube","from":[8.517755,9.828472,5.6812143],"to":[9.128315,10.439032,5.6812143],"rotation":{"angle":0.0,"axis":"x","origin":[6.6079235,1.3834779,8.129475]},"faces":{"down":{"uv":[0.25,0.0,0.0,0.0],"rotation":0,"texture":"#2","tintindex":0},"east":{"uv":[0.0,0.0,0.0,0.25],"rotation":0,"texture":"#2","tintindex":0},"north":{"uv":[6.5,12.0,6.75,12.25],"rotation":0,"texture":"#2","tintindex":0},"south":{"uv":[12.0,11.25,12.25,11.5],"rotation":0,"texture":"#2","tintindex":0},"up":{"uv":[0.25,0.0,0.0,0.0],"rotation":0,"texture":"#2","tintindex":0},"west":{"uv":[0.0,0.0,0.0,0.25],"rotation":0,"texture":"#2","tintindex":0}}},{"name":"cube","from":[5.948,7.6307564,5.2088356],"to":[10.052,9.610756,6.120836],"rotation":{"angle":0.0,"axis":"x","origin":[8.228001,8.907557,5.619236]},"faces":{"down":{"uv":[12.5,8.0,10.75,8.375],"rotation":0,"texture":"#2","tintindex":0},"east":{"uv":[5.0,12.0,5.375,13.0],"rotation":0,"texture":"#2","tintindex":0},"north":{"uv":[9.25,8.5,11.0,9.5],"rotation":0,"texture":"#2","tintindex":0},"south":{"uv":[9.5,0.0,11.25,1.0],"rotation":0,"texture":"#2","tintindex":0},"up":{"uv":[12.0,5.625,10.25,5.25],"rotation":0,"texture":"#2","tintindex":0},"west":{"uv":[5.5,12.0,5.875,13.0],"rotation":0,"texture":"#2","tintindex":0}}},{"name":"cube","from":[6.23528,7.9147706,5.1066985],"to":[9.764721,9.87557,5.1066985],"rotation":{"angle":0.0,"axis":"x","origin":[8.19608,7.8548183,5.9525423]},"faces":{"down":{"uv":[7.0,0.0,0.0,0.0],"rotation":0,"texture":"#0","tintindex":0},"east":{"uv":[0.0,0.0,0.0,4.0],"rotation":0,"texture":"#0","tintindex":0},"north":{"uv":[0.0,0.0,7.0,4.0],"rotation":0,"texture":"#0","tintindex":0},"south":{"uv":[7.0,0.0,0.0,4.0],"rotation":0,"texture":"#0","tintindex":0},"up":{"uv":[7.0,0.0,0.0,0.0],"rotation":0,"texture":"#0","tintindex":0},"west":{"uv":[0.0,0.0,0.0,4.0],"rotation":0,"texture":"#0","tintindex":0}}},{"name":"cube","from":[7.7984,9.320356,5.026436],"to":[8.2016,9.567556,5.3936357],"rotation":{"angle":0.0,"axis":"x","origin":[9.524,8.607556,5.619236]},"faces":{"down":{"uv":[8.125,12.5,8.0,12.625],"rotation":0,"texture":"#2","tintindex":0},"east":{"uv":[12.5,7.25,12.625,7.375],"rotation":0,"texture":"#2","tintindex":0},"north":{"uv":[0.5,12.5,0.625,12.625],"rotation":0,"texture":"#2","tintindex":0},"south":{"uv":[8.0,12.5,8.125,12.625],"rotation":0,"texture":"#2","tintindex":0},"up":{"uv":[12.875,3.625,12.75,3.5],"rotation":0,"texture":"#2","tintindex":0},"west":{"uv":[0.5,12.75,0.625,12.875],"rotation":0,"texture":"#2","tintindex":0}}},{"name":"cube","from":[7.9334,9.245357,5.026436],"to":[8.1566,9.432556,5.3936357],"rotation":{"angle":22.5,"axis":"z","origin":[8.0,9.383957,5.2100353]},"faces":{"down":{"uv":[8.125,12.5,8.0,12.625],"rotation":0,"texture":"#2","tintindex":0},"east":{"uv":[12.5,7.25,12.625,7.375],"rotation":0,"texture":"#2","tintindex":0},"north":{"uv":[0.5,12.5,0.625,12.625],"rotation":0,"texture":"#2","tintindex":0},"south":{"uv":[8.0,12.5,8.125,12.625],"rotation":0,"texture":"#2","tintindex":0},"up":{"uv":[12.875,3.625,12.75,3.5],"rotation":0,"texture":"#2","tintindex":0},"west":{"uv":[0.5,12.75,0.625,12.875],"rotation":0,"texture":"#2","tintindex":0}}},{"name":"cube","from":[7.8434,9.245357,5.026436],"to":[8.0666,9.432556,5.3936357],"rotation":{"angle":-22.5,"axis":"z","origin":[8.0,9.383957,5.2100353]},"faces":{"down":{"uv":[8.0,12.5,8.125,12.625],"rotation":0,"texture":"#2","tintindex":0},"east":{"uv":[0.625,12.75,0.5,12.875],"rotation":0,"texture":"#2","tintindex":0},"north":{"uv":[0.625,12.5,0.5,12.625],"rotation":0,"texture":"#2","tintindex":0},"south":{"uv":[8.125,12.5,8.0,12.625],"rotation":0,"texture":"#2","tintindex":0},"up":{"uv":[12.75,3.625,12.875,3.5],"rotation":0,"texture":"#2","tintindex":0},"west":{"uv":[12.625,7.25,12.5,7.375],"rotation":0,"texture":"#2","tintindex":0}}}],"display":{"head":{"translation":[0.0,-6.4,0.0],"rotation":[0.0,0.0,0.0],"scale":[3.8095,3.8095,3.8095]}}}