{"textures":{"0":"modelengine:entity/nocsy_pikachu_mouse","1":"modelengine:entity/nocsy_pikachu_cheeks","2":"modelengine:entity/nocsy_pikachu_full"},"elements":[{"name":"cube","from":[9.77384,6.088399,6.285821],"to":[11.150961,8.377519,9.030941],"rotation":{"angle":0.0,"axis":"x","origin":[10.4624,7.688959,7.6583805]},"faces":{"down":{"uv":[2.125,10.75,1.5,11.875],"rotation":0,"texture":"#2","tintindex":0},"east":{"uv":[9.75,1.75,10.875,2.75],"rotation":0,"texture":"#2","tintindex":0},"north":{"uv":[8.25,10.75,8.875,11.75],"rotation":0,"texture":"#2","tintindex":0},"south":{"uv":[11.0,1.0,11.625,2.0],"rotation":0,"texture":"#2","tintindex":0},"up":{"uv":[1.375,11.875,0.75,10.75],"rotation":0,"texture":"#2","tintindex":0},"west":{"uv":[6.0,9.75,7.125,10.75],"rotation":0,"texture":"#2","tintindex":0}}},{"name":"cube","from":[9.7784,5.4655848,6.6592503],"to":[11.1464,6.559985,7.5712504],"rotation":{"angle":-45.0,"axis":"x","origin":[10.4624,5.875985,7.04685]},"faces":{"down":{"uv":[13.375,0.0,12.75,0.375],"rotation":0,"texture":"#2","tintindex":0},"east":{"uv":[7.5,1.75,7.875,2.25],"rotation":0,"texture":"#2","tintindex":0},"north":{"uv":[8.0,7.0,8.625,7.5],"rotation":0,"texture":"#2","tintindex":0},"south":{"uv":[9.5,6.5,10.125,7.0],"rotation":0,"texture":"#2","tintindex":0},"up":{"uv":[13.125,11.125,12.5,10.75],"rotation":0,"texture":"#2","tintindex":0},"west":{"uv":[8.75,7.0,9.125,7.5],"rotation":0,"texture":"#2","tintindex":0}}},{"name":"cube","from":[9.7784,5.257283,8.035491],"to":[11.1464,6.3516836,8.947491],"rotation":{"angle":22.5,"axis":"x","origin":[10.4624,6.021084,8.320492]},"faces":{"down":{"uv":[13.375,1.0,12.75,1.375],"rotation":0,"texture":"#2","tintindex":0},"east":{"uv":[9.75,2.75,10.125,3.25],"rotation":0,"texture":"#2","tintindex":0},"north":{"uv":[11.0,4.75,11.625,5.25],"rotation":0,"texture":"#2","tintindex":0},"south":{"uv":[12.0,7.5,12.625,8.0],"rotation":0,"texture":"#2","tintindex":0},"up":{"uv":[13.375,0.875,12.75,0.5],"rotation":0,"texture":"#2","tintindex":0},"west":{"uv":[10.25,6.5,10.625,7.0],"rotation":0,"texture":"#2","tintindex":0}}},{"name":"cube","from":[9.77384,5.1763988,6.7874203],"to":[11.150961,6.097519,8.620541],"rotation":{"angle":0.0,"axis":"x","origin":[10.4624,7.688959,7.6583805]},"faces":{"down":{"uv":[11.875,7.25,11.25,8.0],"rotation":0,"texture":"#2","tintindex":0},"east":{"uv":[12.5,6.25,13.25,6.625],"rotation":0,"texture":"#2","tintindex":0},"north":{"uv":[12.75,1.5,13.375,1.875],"rotation":0,"texture":"#2","tintindex":0},"south":{"uv":[12.75,2.0,13.375,2.375],"rotation":0,"texture":"#2","tintindex":0},"up":{"uv":[11.875,7.25,11.25,6.5],"rotation":0,"texture":"#2","tintindex":0},"west":{"uv":[12.5,6.75,13.25,7.125],"rotation":0,"texture":"#2","tintindex":0}}},{"name":"cube","from":[10.04744,4.784261,5.4421525],"to":[11.150961,5.2493815,8.643272],"rotation":{"angle":0.0,"axis":"x","origin":[10.508,4.8344216,6.8603125]},"faces":{"down":{"uv":[7.25,10.75,6.75,12.125],"rotation":0,"texture":"#2","tintindex":0},"east":{"uv":[11.75,9.75,13.125,10.0],"rotation":0,"texture":"#2","tintindex":0},"north":{"uv":[9.75,3.25,10.25,3.5],"rotation":0,"texture":"#2","tintindex":0},"south":{"uv":[11.25,0.75,11.75,1.0],"rotation":0,"texture":"#2","tintindex":0},"up":{"uv":[11.25,7.875,10.75,6.5],"rotation":0,"texture":"#2","tintindex":0},"west":{"uv":[11.75,10.0,13.125,10.25],"rotation":0,"texture":"#2","tintindex":0}}},{"name":"cube","from":[4.8490396,4.784261,5.4421525],"to":[5.9525595,5.2493815,8.643272],"rotation":{"angle":0.0,"axis":"x","origin":[5.492,4.8344216,6.8603125]},"faces":{"down":{"uv":[8.25,10.75,7.75,12.125],"rotation":0,"texture":"#2","tintindex":0},"east":{"uv":[12.0,5.25,13.375,5.5],"rotation":0,"texture":"#2","tintindex":0},"north":{"uv":[12.25,9.5,12.75,9.75],"rotation":0,"texture":"#2","tintindex":0},"south":{"uv":[12.75,7.75,13.25,8.0],"rotation":0,"texture":"#2","tintindex":0},"up":{"uv":[7.75,12.125,7.25,10.75],"rotation":0,"texture":"#2","tintindex":0},"west":{"uv":[12.0,5.5,13.375,5.75],"rotation":0,"texture":"#2","tintindex":0}}},{"name":"cube","from":[4.84784,5.175199,6.7862206],"to":[6.22736,6.098719,8.62174],"rotation":{"angle":0.0,"axis":"x","origin":[5.5375996,7.688959,7.6583805]},"faces":{"down":{"uv":[11.875,11.0,11.25,11.75],"rotation":0,"texture":"#2","tintindex":0},"east":{"uv":[12.5,8.0,13.25,8.375],"rotation":0,"texture":"#2","tintindex":0},"north":{"uv":[12.75,8.5,13.375,8.875],"rotation":0,"texture":"#2","tintindex":0},"south":{"uv":[12.75,9.0,13.375,9.375],"rotation":0,"texture":"#2","tintindex":0},"up":{"uv":[11.875,11.0,11.25,10.25],"rotation":0,"texture":"#2","tintindex":0},"west":{"uv":[12.5,10.25,13.25,10.625],"rotation":0,"texture":"#2","tintindex":0}}},{"name":"cube","from":[4.8536,5.257283,8.035491],"to":[6.2216,6.3516836,8.947491],"rotation":{"angle":22.5,"axis":"x","origin":[5.5375996,6.021084,8.320492]},"faces":{"down":{"uv":[13.375,7.25,12.75,7.625],"rotation":0,"texture":"#2","tintindex":0},"east":{"uv":[12.75,12.25,13.125,12.75],"rotation":0,"texture":"#2","tintindex":0},"north":{"uv":[12.5,4.75,13.125,5.25],"rotation":0,"texture":"#2","tintindex":0},"south":{"uv":[12.5,5.75,13.125,6.25],"rotation":0,"texture":"#2","tintindex":0},"up":{"uv":[4.875,13.125,4.25,12.75],"rotation":0,"texture":"#2","tintindex":0},"west":{"uv":[12.75,12.75,13.125,13.25],"rotation":0,"texture":"#2","tintindex":0}}},{"name":"cube","from":[4.8536,5.4655848,6.6592503],"to":[6.2216,6.559985,7.5712504],"rotation":{"angle":-45.0,"axis":"x","origin":[5.5375996,5.875985,7.04685]},"faces":{"down":{"uv":[13.375,3.0,12.75,3.375],"rotation":0,"texture":"#2","tintindex":0},"east":{"uv":[12.75,11.25,13.125,11.75],"rotation":0,"texture":"#2","tintindex":0},"north":{"uv":[12.25,3.75,12.875,4.25],"rotation":0,"texture":"#2","tintindex":0},"south":{"uv":[12.5,4.25,13.125,4.75],"rotation":0,"texture":"#2","tintindex":0},"up":{"uv":[13.375,2.875,12.75,2.5],"rotation":0,"texture":"#2","tintindex":0},"west":{"uv":[12.75,11.75,13.125,12.25],"rotation":0,"texture":"#2","tintindex":0}}},{"name":"cube","from":[4.8490396,6.088399,6.285821],"to":[6.22616,8.377519,9.030941],"rotation":{"angle":0.0,"axis":"x","origin":[5.5375996,7.688959,7.6583805]},"faces":{"down":{"uv":[6.625,10.75,6.0,11.875],"rotation":0,"texture":"#2","tintindex":0},"east":{"uv":[9.75,9.5,10.875,10.5],"rotation":0,"texture":"#2","tintindex":0},"north":{"uv":[11.0,3.75,11.625,4.75],"rotation":0,"texture":"#2","tintindex":0},"south":{"uv":[11.0,8.5,11.625,9.5],"rotation":0,"texture":"#2","tintindex":0},"up":{"uv":[2.875,11.875,2.25,10.75],"rotation":0,"texture":"#2","tintindex":0},"west":{"uv":[10.25,2.75,11.375,3.75],"rotation":0,"texture":"#2","tintindex":0}}}],"display":{"head":{"translation":[0.0,-6.4,0.0],"rotation":[0.0,0.0,0.0],"scale":[3.8095,3.8095,3.8095]}}}