{"credit":"MadewithBlockbench","texture_size":[48,48],"textures":{"3":"halloween_pack:cosmetic/hats/13_friday"},"elements":[{"from":[7,21.4,4],"to":[9,21.5,13],"faces":{"north":{"uv":[2.66667,9.66667,3.33333,10],"texture":"#3"},"east":{"uv":[0,8.33333,3,8.66667],"texture":"#3"},"south":{"uv":[3.66667,9.66667,4.33333,10],"texture":"#3"},"west":{"uv":[8.33333,3,11.33333,3.33333],"texture":"#3"},"up":{"uv":[7.33333,3,6.66667,0],"texture":"#3"},"down":{"uv":[7.33333,3.33333,6.66667,6.33333],"texture":"#3"}}},{"from":[3.5,12,3],"to":[12.5,22,4],"faces":{"north":{"uv":[0,0,3,3.33333],"texture":"#3"},"east":{"uv":[7.66667,3,8,6.33333],"texture":"#3"},"south":{"uv":[3.33333,0,6.33333,3.33333],"texture":"#3"},"west":{"uv":[6.66667,7.66667,7,11],"texture":"#3"},"up":{"uv":[6.33333,8.66667,3.33333,8.33333],"texture":"#3"},"down":{"uv":[11.33333,3.66667,8.33333,4],"texture":"#3"}}},{"from":[12.4,15.5,4],"to":[12.5,17.5,13],"faces":{"north":{"uv":[4.66667,9.66667,5,10.33333],"texture":"#3"},"east":{"uv":[6.66667,6.66667,9.66667,7.33333],"texture":"#3"},"south":{"uv":[10,6.33333,10.33333,7],"texture":"#3"},"west":{"uv":[0,7.33333,3,8],"texture":"#3"},"up":{"uv":[9,10.66667,8.66667,7.66667],"texture":"#3"},"down":{"uv":[0.33333,9,0,12],"texture":"#3"}}},{"from":[3.5,15.5,4],"to":[3.6,17.5,13],"rotation":{"angle":0,"axis":"y","origin":[16,0,0]},"faces":{"north":{"uv":[10,9.33333,10.33333,10],"texture":"#3"},"east":{"uv":[3.33333,7.33333,6.33333,8],"texture":"#3"},"south":{"uv":[2.66667,10.33333,3,11],"texture":"#3"},"west":{"uv":[7.66667,0,10.66667,0.66667],"texture":"#3"},"up":{"uv":[1,12,0.66667,9],"texture":"#3"},"down":{"uv":[1.66667,9,1.33333,12],"texture":"#3"}}},{"from":[7,17.5,12.9],"to":[9,21.5,13],"faces":{"north":{"uv":[5.33333,9,6,10.33333],"texture":"#3"},"east":{"uv":[9.33333,9.33333,9.66667,10.66667],"texture":"#3"},"south":{"uv":[9.33333,7.66667,10,9],"texture":"#3"},"west":{"uv":[2,9.66667,2.33333,11],"texture":"#3"},"up":{"uv":[4,10.66667,3.33333,10.33333],"texture":"#3"},"down":{"uv":[11,7.33333,10.33333,7.66667],"texture":"#3"}}},{"from":[3.5,15.5,12.9],"to":[12.5,17.5,13],"faces":{"north":{"uv":[7.66667,1,10.66667,1.66667],"texture":"#3"},"east":{"uv":[10.33333,8,10.66667,8.66667],"texture":"#3"},"south":{"uv":[7.66667,2,10.66667,2.66667],"texture":"#3"},"west":{"uv":[10,10.33333,10.33333,11],"texture":"#3"},"up":{"uv":[11.33333,4.66667,8.33333,4.33333],"texture":"#3"},"down":{"uv":[11.33333,5,8.33333,5.33333],"texture":"#3"}}},{"from":[3.5,12.4,2.7],"to":[12.5,22.4,2.8],"faces":{"north":{"uv":[0,3.66667,3,7],"texture":"#3"},"east":{"uv":[7.33333,7.66667,7.66667,11],"texture":"#3"},"south":{"uv":[3.33333,3.66667,6.33333,7],"texture":"#3"},"west":{"uv":[8,7.66667,8.33333,11],"texture":"#3"},"up":{"uv":[11.33333,6,8.33333,5.66667],"texture":"#3"},"down":{"uv":[5,9,2,9.33333],"texture":"#3"}}}],"display":{"thirdperson_righthand":{"translation":[0,-5.25,1.25],"scale":[0.5,0.5,0.5]},"thirdperson_lefthand":{"translation":[0,-5.25,1.25],"scale":[0.5,0.5,0.5]},"firstperson_righthand":{"rotation":[0,120,0],"translation":[0,0,2.5],"scale":[0.5,0.5,0.5]},"firstperson_lefthand":{"rotation":[0,120,0],"translation":[0,0,2.5],"scale":[0.5,0.5,0.5]},"ground":{"translation":[0,-6.75,0]},"gui":{"rotation":[0,-180,0],"translation":[0,-13.5,0],"scale":[1.5,1.5,1.5]},"head":{"translation":[0,-15,0],"scale":[1.7,1.7,1.7]},"fixed":{"translation":[0,-13.25,6],"scale":[1.5,1.5,1.5]}},"groups":[{"name":"13.Friday","origin":[0,0,0],"color":0,"nbt":"{}","armAnimationEnabled":false,"children":[0,1,2,3,4,5,6]}]}