{"credit":"MadewithBlockbench","texture_size":[32,32],"textures":{"1":"halloween_pack:cosmetic/hats/angel_hat"},"elements":[{"from":[3,10.9,3],"to":[13,11,13],"faces":{"north":{"uv":[5.5,0,10.5,0.5],"texture":"#1"},"east":{"uv":[5.5,1,10.5,1.5],"texture":"#1"},"south":{"uv":[5.5,2,10.5,2.5],"texture":"#1"},"west":{"uv":[5.5,3,10.5,3.5],"texture":"#1"},"up":{"uv":[5,5,0,0],"texture":"#1"},"down":{"uv":[5,5.5,0,10.5],"texture":"#1"}}}],"display":{"thirdperson_righthand":{"translation":[0,-2.5,0],"scale":[0.5,0.5,0.5]},"thirdperson_lefthand":{"translation":[0,-2.5,0],"scale":[0.5,0.5,0.5]},"firstperson_righthand":{"rotation":[25.75,0,0]},"firstperson_lefthand":{"rotation":[25.75,0,0]},"ground":{"translation":[0,-3.75,0]},"gui":{"rotation":[-90,0,0],"scale":[1.5,1.5,1.5]},"head":{"translation":[0,3.75,0],"scale":[1.7,1.7,1.7]},"fixed":{"rotation":[-90.25,0,0],"translation":[0,-0.25,4],"scale":[1.5,1.5,1.5]}}}