{"credit":"MadewithBlockbench","texture_size":[48,48],"textures":{"1":"halloween_pack:cosmetic/hats/green_mask"},"elements":[{"from":[3.5,12,3],"to":[12.5,22,4],"faces":{"north":{"uv":[0,0,3,3.33333],"texture":"#1"},"east":{"uv":[0,9.66667,0.33333,13],"texture":"#1"},"south":{"uv":[3.33333,0,6.33333,3.33333],"texture":"#1"},"west":{"uv":[0.66667,9.66667,1,13],"texture":"#1"},"up":{"uv":[13,1.33333,10,1],"texture":"#1"},"down":{"uv":[13,1.66667,10,2],"texture":"#1"}}},{"from":[3.5,22.1,0],"to":[12.5,22.2,9],"faces":{"north":{"uv":[10.66667,6.66667,13.66667,7],"texture":"#1"},"east":{"uv":[10.66667,7.33333,13.66667,7.66667],"texture":"#1"},"south":{"uv":[11,9,14,9.33333],"texture":"#1"},"west":{"uv":[11,9.66667,14,10],"texture":"#1"},"up":{"uv":[3,6.66667,0,3.66667],"texture":"#1"},"down":{"uv":[6.33333,3.66667,3.33333,6.66667],"texture":"#1"}}},{"from":[4.9,22.1,1.5],"to":[11.1,26.1,7.5],"faces":{"north":{"uv":[6.66667,4.66667,8.66667,6],"texture":"#1"},"east":{"uv":[6.66667,6.33333,8.66667,7.66667],"texture":"#1"},"south":{"uv":[0,7,2,8.33333],"texture":"#1"},"west":{"uv":[2.33333,7,4.33333,8.33333],"texture":"#1"},"up":{"uv":[8.66667,2,6.66667,0],"texture":"#1"},"down":{"uv":[8.66667,2.33333,6.66667,4.33333],"texture":"#1"}}},{"from":[8.2,20.3,2.6],"to":[11.7,21.3,3.6],"rotation":{"angle":22.5,"axis":"z","origin":[10.25,20.5,3.1]},"faces":{"north":{"uv":[13.33333,0,14.66667,0.33333],"texture":"#1"},"east":{"uv":[5.33333,14.66667,5.66667,15],"texture":"#1"},"south":{"uv":[13.33333,0.66667,14.66667,1],"texture":"#1"},"west":{"uv":[6,14.66667,6.33333,15],"texture":"#1"},"up":{"uv":[14.66667,1.66667,13.33333,1.33333],"texture":"#1"},"down":{"uv":[14.66667,2,13.33333,2.33333],"texture":"#1"}}},{"from":[4.3,20.3,2.6],"to":[7.8,21.3,3.6],"rotation":{"angle":-22.5,"axis":"z","origin":[5.75,20.5,3.1]},"faces":{"north":{"uv":[13.33333,2.66667,14.66667,3],"texture":"#1"},"east":{"uv":[14.66667,6,15,6.33333],"texture":"#1"},"south":{"uv":[13.33333,3.33333,14.66667,3.66667],"texture":"#1"},"west":{"uv":[6.66667,14.66667,7,15],"texture":"#1"},"up":{"uv":[14.66667,4.33333,13.33333,4],"texture":"#1"},"down":{"uv":[14.66667,4.66667,13.33333,5],"texture":"#1"}}},{"from":[12.4,15.5,4],"to":[12.5,17.5,13],"faces":{"north":{"uv":[7.66667,13.66667,8,14.33333],"texture":"#1"},"east":{"uv":[4.66667,8,7.66667,8.66667],"texture":"#1"},"south":{"uv":[10.33333,13.66667,10.66667,14.33333],"texture":"#1"},"west":{"uv":[8,8,11,8.66667],"texture":"#1"},"up":{"uv":[1.66667,12.66667,1.33333,9.66667],"texture":"#1"},"down":{"uv":[2.33333,9.66667,2,12.66667],"texture":"#1"}}},{"from":[3.5,15.5,12.9],"to":[12.5,17.5,13],"faces":{"north":{"uv":[0,8.66667,3,9.33333],"texture":"#1"},"east":{"uv":[11,13.66667,11.33333,14.33333],"texture":"#1"},"south":{"uv":[9,0,12,0.66667],"texture":"#1"},"west":{"uv":[11.66667,13.66667,12,14.33333],"texture":"#1"},"up":{"uv":[13,2.66667,10,2.33333],"texture":"#1"},"down":{"uv":[13,3,10,3.33333],"texture":"#1"}}},{"from":[7,17.5,12.9],"to":[9,21.5,13],"faces":{"north":{"uv":[5.66667,10.66667,6.33333,12],"texture":"#1"},"east":{"uv":[4.33333,12,4.66667,13.33333],"texture":"#1"},"south":{"uv":[6.66667,10.66667,7.33333,12],"texture":"#1"},"west":{"uv":[5,12,5.33333,13.33333],"texture":"#1"},"up":{"uv":[14.33333,6.33333,13.66667,6],"texture":"#1"},"down":{"uv":[13,13.66667,12.33333,14],"texture":"#1"}}},{"from":[7,21.4,4],"to":[9,21.5,13],"faces":{"north":{"uv":[13.66667,12.33333,14.33333,12.66667],"texture":"#1"},"east":{"uv":[10,3.66667,13,4],"texture":"#1"},"south":{"uv":[13.66667,13,14.33333,13.33333],"texture":"#1"},"west":{"uv":[4.33333,10,7.33333,10.33333],"texture":"#1"},"up":{"uv":[4,11.66667,3.33333,8.66667],"texture":"#1"},"down":{"uv":[9.66667,1,9,4],"texture":"#1"}}},{"from":[3.5,15.5,4],"to":[3.6,17.5,13],"rotation":{"angle":0,"axis":"y","origin":[16,0,0]},"faces":{"north":{"uv":[13.33333,13.66667,13.66667,14.33333],"texture":"#1"},"east":{"uv":[4.33333,9,7.33333,9.66667],"texture":"#1"},"south":{"uv":[14,6.66667,14.33333,7.33333],"texture":"#1"},"west":{"uv":[9,4.33333,12,5],"texture":"#1"},"up":{"uv":[3,12.66667,2.66667,9.66667],"texture":"#1"},"down":{"uv":[8,10.33333,7.66667,13.33333],"texture":"#1"}}},{"from":[7,15.4,3.6],"to":[9,19.4,5.6],"rotation":{"angle":22.5,"axis":"x","origin":[8,20,3.5]},"faces":{"north":{"uv":[11,10.33333,11.66667,11.66667],"texture":"#1"},"east":{"uv":[8.33333,11.66667,9,13],"texture":"#1"},"south":{"uv":[9.33333,11.66667,10,13],"texture":"#1"},"west":{"uv":[3.33333,12,4,13.33333],"texture":"#1"},"up":{"uv":[12.66667,11,12,10.33333],"texture":"#1"},"down":{"uv":[12.66667,11.33333,12,12],"texture":"#1"}}},{"from":[2.36244,14.9571,2.9],"to":[5.36244,18.2571,3.9],"rotation":{"angle":22.5,"axis":"z","origin":[8,15.86766,3.3]},"faces":{"north":{"uv":[4.33333,10.66667,5.33333,11.66667],"texture":"#1"},"east":{"uv":[2.66667,13.66667,3,14.66667],"texture":"#1"},"south":{"uv":[10.66667,5.33333,11.66667,6.33333],"texture":"#1"},"west":{"uv":[3.33333,13.66667,3.66667,14.66667],"texture":"#1"},"up":{"uv":[5,14,4,13.66667],"texture":"#1"},"down":{"uv":[14.66667,5.33333,13.66667,5.66667],"texture":"#1"}}},{"from":[2.74831,13.99516,2.7],"to":[6.74831,16.99516,3.7],"rotation":{"angle":-22.5,"axis":"z","origin":[8,15.86766,3.3]},"faces":{"north":{"uv":[7.66667,9,9,10],"texture":"#1"},"east":{"uv":[7,13.33333,7.33333,14.33333],"texture":"#1"},"south":{"uv":[9.33333,9,10.66667,10],"texture":"#1"},"west":{"uv":[9.66667,13.33333,10,14.33333],"texture":"#1"},"up":{"uv":[14.33333,12,13,11.66667],"texture":"#1"},"down":{"uv":[13.33333,13,12,13.33333],"texture":"#1"}}},{"from":[9.25169,13.99516,2.7],"to":[13.25169,16.99516,3.7],"rotation":{"angle":22.5,"axis":"z","origin":[8,15.86766,3.3]},"faces":{"north":{"uv":[9,5.33333,10.33333,6.33333],"texture":"#1"},"east":{"uv":[0,13.33333,0.33333,14.33333],"texture":"#1"},"south":{"uv":[9,6.66667,10.33333,7.66667],"texture":"#1"},"west":{"uv":[0.66667,13.33333,1,14.33333],"texture":"#1"},"up":{"uv":[14.33333,10.66667,13,10.33333],"texture":"#1"},"down":{"uv":[14.33333,11,13,11.33333],"texture":"#1"}}},{"from":[10.63756,14.9571,2.9],"to":[13.63756,18.2571,3.9],"rotation":{"angle":-22.5,"axis":"z","origin":[8,15.86766,3.3]},"faces":{"north":{"uv":[8.33333,10.33333,9.33333,11.33333],"texture":"#1"},"east":{"uv":[5.66667,13.33333,6,14.33333],"texture":"#1"},"south":{"uv":[9.66667,10.33333,10.66667,11.33333],"texture":"#1"},"west":{"uv":[6.33333,13.33333,6.66667,14.33333],"texture":"#1"},"up":{"uv":[9.33333,13.66667,8.33333,13.33333],"texture":"#1"},"down":{"uv":[2.33333,13.66667,1.33333,14],"texture":"#1"}}},{"from":[8.43798,10.85841,2.5],"to":[12.43798,12.85841,3.5],"rotation":{"angle":22.5,"axis":"z","origin":[8,14.24252,3.4]},"faces":{"north":{"uv":[12,5.33333,13.33333,6],"texture":"#1"},"east":{"uv":[0,14.66667,0.33333,15.33333],"texture":"#1"},"south":{"uv":[10.33333,12,11.66667,12.66667],"texture":"#1"},"west":{"uv":[0.66667,14.66667,1,15.33333],"texture":"#1"},"up":{"uv":[14.33333,8.33333,13,8],"texture":"#1"},"down":{"uv":[11.66667,13,10.33333,13.33333],"texture":"#1"}}},{"from":[5.87496,10.79616,2.4],"to":[7.87496,12.79616,3.4],"rotation":{"angle":45,"axis":"z","origin":[8,14.24252,3.4]},"faces":{"north":{"uv":[12.33333,0,13,0.66667],"texture":"#1"},"east":{"uv":[8.33333,14,8.66667,14.66667],"texture":"#1"},"south":{"uv":[12.33333,4.33333,13,5],"texture":"#1"},"west":{"uv":[9,14,9.33333,14.66667],"texture":"#1"},"up":{"uv":[14.66667,14,14,13.66667],"texture":"#1"},"down":{"uv":[2,14.33333,1.33333,14.66667],"texture":"#1"}}},{"from":[8.12504,10.79616,2.4],"to":[10.12504,12.79616,3.4],"rotation":{"angle":-45,"axis":"z","origin":[8,14.24252,3.4]},"faces":{"north":{"uv":[5.66667,12.33333,6.33333,13],"texture":"#1"},"east":{"uv":[4,14.33333,4.33333,15],"texture":"#1"},"south":{"uv":[6.66667,12.33333,7.33333,13],"texture":"#1"},"west":{"uv":[4.66667,14.33333,5,15],"texture":"#1"},"up":{"uv":[15,9,14.33333,8.66667],"texture":"#1"},"down":{"uv":[15,9.33333,14.33333,9.66667],"texture":"#1"}}},{"from":[3.56202,10.85841,2.5],"to":[7.56202,12.85841,3.5],"rotation":{"angle":-22.5,"axis":"z","origin":[8,14.24252,3.4]},"faces":{"north":{"uv":[4.66667,7,6,7.66667],"texture":"#1"},"east":{"uv":[12.33333,14.33333,12.66667,15],"texture":"#1"},"south":{"uv":[11.33333,8,12.66667,8.66667],"texture":"#1"},"west":{"uv":[14,14.33333,14.33333,15],"texture":"#1"},"up":{"uv":[13.33333,12.66667,12,12.33333],"texture":"#1"},"down":{"uv":[2.66667,13,1.33333,13.33333],"texture":"#1"}}}],"display":{"thirdperson_righthand":{"translation":[0,-5.25,1.2],"scale":[0.5,0.5,0.5]},"thirdperson_lefthand":{"translation":[0,-5.25,1.2],"scale":[0.5,0.5,0.5]},"firstperson_righthand":{"rotation":[0,120,0],"translation":[0,0,1.2],"scale":[0.5,0.5,0.5]},"firstperson_lefthand":{"rotation":[0,120,0],"translation":[0,0,1.2],"scale":[0.5,0.5,0.5]},"gui":{"rotation":[0,-180,0],"translation":[0,-10.25,0]},"head":{"translation":[0,-15,0],"scale":[1.7,1.7,1.7]},"fixed":{"translation":[0,-9.5,1.75]}},"groups":[0,1,2,3,4,5,6,7,8,9,10,{"name":"group","origin":[8,12.34501,2.5],"color":0,"children":[11,12,13,14]},{"name":"group","origin":[8,14.24252,2.9],"color":0,"children":[15,16,17,18]}]}