{"credit":"MadewithBlockbench","texture_size":[64,64],"textures":{"2":"halloween_pack:cosmetic/hats/pennywise_mask"},"elements":[{"from":[3.5,12,3],"to":[12.5,22,4],"faces":{"north":{"uv":[0,2.75,2.25,5.25],"texture":"#2"},"east":{"uv":[7.5,9,7.75,11.5],"texture":"#2"},"south":{"uv":[2.5,2.75,4.75,5.25],"texture":"#2"},"west":{"uv":[8,9,8.25,11.5],"texture":"#2"},"up":{"uv":[12.25,0.75,10,0.5],"texture":"#2"},"down":{"uv":[12.25,1,10,1.25],"texture":"#2"}}},{"from":[3.5,12,2.7],"to":[12.5,22,2.8],"faces":{"north":{"uv":[0,0,2.25,2.5],"texture":"#2"},"east":{"uv":[6.5,9,6.75,11.5],"texture":"#2"},"south":{"uv":[2.5,0,4.75,2.5],"texture":"#2"},"west":{"uv":[7,9,7.25,11.5],"texture":"#2"},"up":{"uv":[4.75,10,2.5,9.75],"texture":"#2"},"down":{"uv":[12.25,0,10,0.25],"texture":"#2"}}},{"from":[8.6,18.8,2.6],"to":[12.1,19.8,3.6],"rotation":{"angle":22.5,"axis":"z","origin":[10.25,18.5,3.1]},"faces":{"north":{"uv":[10.5,6,11.5,6.25],"texture":"#2"},"east":{"uv":[11.75,11.75,12,12],"texture":"#2"},"south":{"uv":[11.25,10.75,12.25,11],"texture":"#2"},"west":{"uv":[2.5,12,2.75,12.25],"texture":"#2"},"up":{"uv":[12.25,11.5,11.25,11.25],"texture":"#2"},"down":{"uv":[3.5,11.5,2.5,11.75],"texture":"#2"}}},{"from":[3.9,18.8,2.6],"to":[7.4,19.8,3.6],"rotation":{"angle":-22.5,"axis":"z","origin":[5.75,18.5,3.1]},"faces":{"north":{"uv":[3.75,11.5,4.75,11.75],"texture":"#2"},"east":{"uv":[3,12,3.25,12.25],"texture":"#2"},"south":{"uv":[5,11.5,6,11.75],"texture":"#2"},"west":{"uv":[3.5,12,3.75,12.25],"texture":"#2"},"up":{"uv":[12.75,6.25,11.75,6],"texture":"#2"},"down":{"uv":[7.25,11.75,6.25,12],"texture":"#2"}}},{"from":[8.5,21,3.7],"to":[17.5,31,3.8],"rotation":{"angle":-22.5,"axis":"z","origin":[8,27,3.7]},"faces":{"north":{"uv":[5,5.5,7.25,8],"texture":"#2"},"east":{"uv":[0.5,9.75,0.75,12.25],"texture":"#2"},"south":{"uv":[7.5,0,9.75,2.5],"texture":"#2"},"west":{"uv":[1,9.75,1.25,12.25],"texture":"#2"},"up":{"uv":[12.75,3.25,10.5,3],"texture":"#2"},"down":{"uv":[12.75,3.5,10.5,3.75],"texture":"#2"}}},{"from":[-1.5,21,4],"to":[7.5,31,4.1],"rotation":{"angle":22.5,"axis":"z","origin":[8,27,3.7]},"faces":{"north":{"uv":[7.5,2.75,9.75,5.25],"texture":"#2"},"east":{"uv":[1.5,9.75,1.75,12.25],"texture":"#2"},"south":{"uv":[7.5,5.5,9.75,8],"texture":"#2"},"west":{"uv":[2,9.75,2.25,12.25],"texture":"#2"},"up":{"uv":[12.75,4.25,10.5,4],"texture":"#2"},"down":{"uv":[12.75,4.5,10.5,4.75],"texture":"#2"}}},{"from":[10.5,14,3.5],"to":[19.5,24,3.6],"faces":{"north":{"uv":[5,0,7.25,2.5],"texture":"#2"},"east":{"uv":[8.5,9,8.75,11.5],"texture":"#2"},"south":{"uv":[5,2.75,7.25,5.25],"texture":"#2"},"west":{"uv":[9,9,9.25,11.5],"texture":"#2"},"up":{"uv":[4.75,10.5,2.5,10.25],"texture":"#2"},"down":{"uv":[12.75,1.5,10.5,1.75],"texture":"#2"}}},{"from":[-3.5,14,3.5],"to":[5.5,24,3.6],"rotation":{"angle":0,"axis":"y","origin":[16,0,0]},"faces":{"north":{"uv":[0,5.5,2.25,8],"texture":"#2"},"east":{"uv":[9.5,9,9.75,11.5],"texture":"#2"},"south":{"uv":[2.5,5.5,4.75,8],"texture":"#2"},"west":{"uv":[0,9.75,0.25,12.25],"texture":"#2"},"up":{"uv":[12.75,2.25,10.5,2],"texture":"#2"},"down":{"uv":[12.75,2.5,10.5,2.75],"texture":"#2"}}},{"from":[7,15,4.1],"to":[9,17,6.1],"rotation":{"angle":22.5,"axis":"x","origin":[8,20,3.5]},"faces":{"north":{"uv":[10.5,10,11,10.5],"texture":"#2"},"east":{"uv":[2.5,10.75,3,11.25],"texture":"#2"},"south":{"uv":[3.25,10.75,3.75,11.25],"texture":"#2"},"west":{"uv":[4,10.75,4.5,11.25],"texture":"#2"},"up":{"uv":[11,11.25,10.5,10.75],"texture":"#2"},"down":{"uv":[11.75,7.5,11.25,8],"texture":"#2"}}},{"from":[12.4,15.5,4],"to":[12.5,17.5,13],"faces":{"north":{"uv":[10.5,11.5,10.75,12],"texture":"#2"},"east":{"uv":[0,8.25,2.25,8.75],"texture":"#2"},"south":{"uv":[7.5,11.75,7.75,12.25],"texture":"#2"},"west":{"uv":[2.5,8.25,4.75,8.75],"texture":"#2"},"up":{"uv":[10.25,3.75,10,1.5],"texture":"#2"},"down":{"uv":[10.25,4,10,6.25],"texture":"#2"}}},{"from":[3.5,15.5,12.9],"to":[12.5,17.5,13],"faces":{"north":{"uv":[5,8.25,7.25,8.75],"texture":"#2"},"east":{"uv":[8,11.75,8.25,12.25],"texture":"#2"},"south":{"uv":[7.5,8.25,9.75,8.75],"texture":"#2"},"west":{"uv":[11.75,8.25,12,8.75],"texture":"#2"},"up":{"uv":[12.25,6.75,10,6.5],"texture":"#2"},"down":{"uv":[12.25,7,10,7.25],"texture":"#2"}}},{"from":[7,17.5,12.9],"to":[9,21.5,13],"faces":{"north":{"uv":[10.5,7.5,11,8.5],"texture":"#2"},"east":{"uv":[11.25,8.25,11.5,9.25],"texture":"#2"},"south":{"uv":[10.5,8.75,11,9.75],"texture":"#2"},"west":{"uv":[11.25,9.5,11.5,10.5],"texture":"#2"},"up":{"uv":[9,12,8.5,11.75],"texture":"#2"},"down":{"uv":[12.25,9,11.75,9.25],"texture":"#2"}}},{"from":[3.5,15.5,4],"to":[3.6,17.5,13],"rotation":{"angle":0,"axis":"y","origin":[16,0,0]},"faces":{"north":{"uv":[9.25,11.75,9.5,12.25],"texture":"#2"},"east":{"uv":[0,9,2.25,9.5],"texture":"#2"},"south":{"uv":[11.75,9.5,12,10],"texture":"#2"},"west":{"uv":[2.5,9,4.75,9.5],"texture":"#2"},"up":{"uv":[10.25,9.75,10,7.5],"texture":"#2"},"down":{"uv":[10.25,10,10,12.25],"texture":"#2"}}},{"from":[7,21.4,4],"to":[9,21.5,13],"faces":{"north":{"uv":[11.75,10.25,12.25,10.5],"texture":"#2"},"east":{"uv":[10.5,5,12.75,5.25],"texture":"#2"},"south":{"uv":[11,11.75,11.5,12],"texture":"#2"},"west":{"uv":[10.5,5.5,12.75,5.75],"texture":"#2"},"up":{"uv":[5.5,11.25,5,9],"texture":"#2"},"down":{"uv":[6.25,9,5.75,11.25],"texture":"#2"}}}],"display":{"thirdperson_righthand":{"translation":[0,-5.25,1.2],"scale":[0.5,0.5,0.5]},"thirdperson_lefthand":{"translation":[0,-5.25,1.2],"scale":[0.5,0.5,0.5]},"firstperson_righthand":{"rotation":[0,120,0],"translation":[0,0,2.5],"scale":[0.5,0.5,0.5]},"firstperson_lefthand":{"rotation":[0,120,0],"translation":[0,0,2.5],"scale":[0.5,0.5,0.5]},"ground":{"translation":[0,-6,0]},"gui":{"rotation":[0,-180,0],"translation":[0,-11.25,0]},"head":{"translation":[0,-15,0],"scale":[1.7,1.7,1.7]},"fixed":{"translation":[0,-15.5,4.5],"scale":[1.5,1.5,1.5]}}}