{"credit":"MadewithBlockbench","texture_size":[112,112],"textures":{"2":"halloween_pack:cosmetic/hats/ufo_hat"},"elements":[{"from":[-1,16,-1],"to":[17,18,17],"rotation":{"angle":0,"axis":"y","origin":[0,-4,0]},"faces":{"north":{"uv":[11,3.57143,13.57143,3.85714],"texture":"#2"},"east":{"uv":[11,4,13.57143,4.28571],"texture":"#2"},"south":{"uv":[11,4.42857,13.57143,4.71429],"texture":"#2"},"west":{"uv":[11,4.85714,13.57143,5.14286],"texture":"#2"},"up":{"uv":[7.42857,9.14286,4.85714,6.57143],"texture":"#2"},"down":{"uv":[9.85714,0,7.28571,2.57143],"texture":"#2"}}},{"from":[2,26.9,2],"to":[14,27,14],"rotation":{"angle":0,"axis":"y","origin":[0,-4,0]},"faces":{"north":{"uv":[11.85714,7.14286,13.57143,7.28571],"texture":"#2"},"east":{"uv":[11.85714,7.42857,13.57143,7.57143],"texture":"#2"},"south":{"uv":[11.85714,7.71429,13.57143,7.85714],"texture":"#2"},"west":{"uv":[11.85714,8,13.57143,8.14286],"texture":"#2"},"up":{"uv":[9,4.42857,7.28571,2.71429],"texture":"#2"},"down":{"uv":[9,4.57143,7.28571,6.28571],"texture":"#2"}}},{"from":[2,18,2],"to":[14,27,2.1],"rotation":{"angle":0,"axis":"y","origin":[0,-4,0]},"faces":{"north":{"uv":[9.14286,2.71429,10.85714,4],"texture":"#2"},"east":{"uv":[6.14286,11.71429,6.28571,13],"texture":"#2"},"south":{"uv":[9.14286,4.14286,10.85714,5.42857],"texture":"#2"},"west":{"uv":[6.42857,12.42857,6.57143,13.71429],"texture":"#2"},"up":{"uv":[13.57143,8.42857,11.85714,8.28571],"texture":"#2"},"down":{"uv":[13.57143,8.57143,11.85714,8.71429],"texture":"#2"}}},{"from":[2,18,13.9],"to":[14,27,14],"rotation":{"angle":0,"axis":"y","origin":[0,-4,0]},"faces":{"north":{"uv":[4.85714,9.28571,6.57143,10.57143],"texture":"#2"},"east":{"uv":[6.71429,12.42857,6.85714,13.71429],"texture":"#2"},"south":{"uv":[9.42857,5.57143,11.14286,6.85714],"texture":"#2"},"west":{"uv":[11.42857,12.42857,11.57143,13.71429],"texture":"#2"},"up":{"uv":[13.57143,9,11.85714,8.85714],"texture":"#2"},"down":{"uv":[13.57143,9.14286,11.85714,9.28571],"texture":"#2"}}},{"from":[13.9,18,2],"to":[14,27,14],"rotation":{"angle":0,"axis":"y","origin":[0,-4,0]},"faces":{"north":{"uv":[11.71429,12.42857,11.85714,13.71429],"texture":"#2"},"east":{"uv":[9.42857,7,11.14286,8.28571],"texture":"#2"},"south":{"uv":[12,12.42857,12.14286,13.71429],"texture":"#2"},"west":{"uv":[9.42857,8.42857,11.14286,9.71429],"texture":"#2"},"up":{"uv":[1.85714,13.42857,1.71429,11.71429],"texture":"#2"},"down":{"uv":[2.14286,11.71429,2,13.42857],"texture":"#2"}}},{"from":[2,18,2],"to":[2.1,27,14],"rotation":{"angle":0,"axis":"y","origin":[0,-4,0]},"faces":{"north":{"uv":[12.28571,12.42857,12.42857,13.71429],"texture":"#2"},"east":{"uv":[0,9.85714,1.71429,11.14286],"texture":"#2"},"south":{"uv":[3.57143,12.57143,3.71429,13.85714],"texture":"#2"},"west":{"uv":[1.85714,9.85714,3.57143,11.14286],"texture":"#2"},"up":{"uv":[2.42857,13.42857,2.28571,11.71429],"texture":"#2"},"down":{"uv":[5.28571,11.71429,5.14286,13.42857],"texture":"#2"}}},{"from":[3,18,3],"to":[13,20,13],"rotation":{"angle":0,"axis":"y","origin":[0,-4,0]},"faces":{"north":{"uv":[1.14286,11.28571,2.57143,11.57143],"texture":"#2"},"east":{"uv":[11.28571,5.28571,12.71429,5.57143],"texture":"#2"},"south":{"uv":[11.28571,5.71429,12.71429,6],"texture":"#2"},"west":{"uv":[11.28571,6.14286,12.71429,6.42857],"texture":"#2"},"up":{"uv":[10.85714,11.28571,9.42857,9.85714],"texture":"#2"},"down":{"uv":[11.42857,0,10,1.42857],"texture":"#2"}}},{"from":[3.5,20,4],"to":[12.5,26,12],"rotation":{"angle":0,"axis":"y","origin":[0,-4,0]},"faces":{"north":{"uv":[10,1.57143,11.28571,2.42857],"texture":"#2"},"east":{"uv":[8.14286,10.14286,9.28571,11],"texture":"#2"},"south":{"uv":[5.14286,10.71429,6.42857,11.57143],"texture":"#2"},"west":{"uv":[11,2.57143,12.14286,3.42857],"texture":"#2"},"up":{"uv":[8,11.28571,6.71429,10.14286],"texture":"#2"},"down":{"uv":[5,10.71429,3.71429,11.85714],"texture":"#2"}}},{"from":[2,14,2],"to":[14,16,14],"rotation":{"angle":0,"axis":"y","origin":[0,-4,0]},"faces":{"north":{"uv":[11,9.85714,12.71429,10.14286],"texture":"#2"},"east":{"uv":[11,10.28571,12.71429,10.57143],"texture":"#2"},"south":{"uv":[11,10.71429,12.71429,11],"texture":"#2"},"west":{"uv":[11,11.14286,12.71429,11.42857],"texture":"#2"},"up":{"uv":[9.28571,8.14286,7.57143,6.42857],"texture":"#2"},"down":{"uv":[9.28571,8.28571,7.57143,10],"texture":"#2"}}},{"from":[6,13,11],"to":[10,16,15],"rotation":{"angle":0,"axis":"y","origin":[0,-4,0]},"faces":{"north":{"uv":[5.42857,11.71429,6,12.14286],"texture":"#2"},"east":{"uv":[11.42857,11.85714,12,12.28571],"texture":"#2"},"south":{"uv":[12,1.42857,12.57143,1.85714],"texture":"#2"},"west":{"uv":[12,2,12.57143,2.42857],"texture":"#2"},"up":{"uv":[7.28571,9.85714,6.71429,9.28571],"texture":"#2"},"down":{"uv":[4.28571,9.85714,3.71429,10.42857],"texture":"#2"}}},{"from":[6,13,1],"to":[10,16,5],"rotation":{"angle":0,"axis":"y","origin":[0,-4,16]},"faces":{"north":{"uv":[3.57143,12,4.14286,12.42857],"texture":"#2"},"east":{"uv":[4.28571,12,4.85714,12.42857],"texture":"#2"},"south":{"uv":[7.14286,12.14286,7.71429,12.57143],"texture":"#2"},"west":{"uv":[9.28571,12.14286,9.85714,12.57143],"texture":"#2"},"up":{"uv":[7.71429,12,7.14286,11.42857],"texture":"#2"},"down":{"uv":[9.85714,11.42857,9.28571,12],"texture":"#2"}}},{"from":[11,13,6],"to":[15,16,10],"rotation":{"angle":0,"axis":"y","origin":[0,-4,0]},"faces":{"north":{"uv":[10,12.14286,10.57143,12.57143],"texture":"#2"},"east":{"uv":[12.14286,11.85714,12.71429,12.28571],"texture":"#2"},"south":{"uv":[12.28571,0,12.85714,0.42857],"texture":"#2"},"west":{"uv":[12.28571,0.57143,12.85714,1],"texture":"#2"},"up":{"uv":[10.57143,12,10,11.42857],"texture":"#2"},"down":{"uv":[12.14286,0,11.57143,0.57143],"texture":"#2"}}},{"from":[1,13,6],"to":[5,16,10],"rotation":{"angle":0,"axis":"y","origin":[16,-4,0]},"faces":{"north":{"uv":[2.57143,12.28571,3.14286,12.71429],"texture":"#2"},"east":{"uv":[12.28571,2.57143,12.85714,3],"texture":"#2"},"south":{"uv":[5.42857,12.28571,6,12.71429],"texture":"#2"},"west":{"uv":[10.71429,12.28571,11.28571,12.71429],"texture":"#2"},"up":{"uv":[12.14286,1.28571,11.57143,0.71429],"texture":"#2"},"down":{"uv":[11.28571,11.57143,10.71429,12.14286],"texture":"#2"}}},{"from":[15.9,-6,0],"to":[16,16,16],"rotation":{"angle":0,"axis":"y","origin":[0,-4,0]},"faces":{"north":{"uv":[8.14286,11.14286,8.28571,14.28571],"texture":"#2"},"east":{"uv":[0,0,2.28571,3.14286],"texture":"#2"},"south":{"uv":[8.42857,11.14286,8.57143,14.28571],"texture":"#2"},"west":{"uv":[2.42857,0,4.71429,3.14286],"texture":"#2"},"up":{"uv":[3.42857,13.57143,3.28571,11.28571],"texture":"#2"},"down":{"uv":[8,11.42857,7.85714,13.71429],"texture":"#2"}}},{"from":[0,-6,15.9],"to":[16,16,16],"rotation":{"angle":0,"axis":"y","origin":[0,-4,0]},"faces":{"north":{"uv":[0,3.28571,2.28571,6.42857],"texture":"#2"},"east":{"uv":[8.71429,11.14286,8.85714,14.28571],"texture":"#2"},"south":{"uv":[2.42857,3.28571,4.71429,6.42857],"texture":"#2"},"west":{"uv":[9,11.14286,9.14286,14.28571],"texture":"#2"},"up":{"uv":[13.57143,9.71429,11.28571,9.57143],"texture":"#2"},"down":{"uv":[13.71429,11.57143,11.42857,11.71429],"texture":"#2"}}},{"from":[0,-6,0],"to":[16,16,0.1],"rotation":{"angle":0,"axis":"y","origin":[0,-4,0]},"faces":{"north":{"uv":[4.85714,0,7.14286,3.14286],"texture":"#2"},"east":{"uv":[0,11.28571,0.14286,14.42857],"texture":"#2"},"south":{"uv":[4.85714,3.28571,7.14286,6.42857],"texture":"#2"},"west":{"uv":[0.28571,11.28571,0.42857,14.42857],"texture":"#2"},"up":{"uv":[14.14286,6.71429,11.85714,6.57143],"texture":"#2"},"down":{"uv":[14.14286,6.85714,11.85714,7],"texture":"#2"}}},{"from":[0,-6,0],"to":[0.1,16,16],"rotation":{"angle":0,"axis":"y","origin":[0,-4,0]},"faces":{"north":{"uv":[0.57143,11.28571,0.71429,14.42857],"texture":"#2"},"east":{"uv":[0,6.57143,2.28571,9.71429],"texture":"#2"},"south":{"uv":[0.85714,11.28571,1,14.42857],"texture":"#2"},"west":{"uv":[2.42857,6.57143,4.71429,9.71429],"texture":"#2"},"up":{"uv":[1.28571,14,1.14286,11.71429],"texture":"#2"},"down":{"uv":[1.57143,11.71429,1.42857,14],"texture":"#2"}}},{"from":[11.9,21,7],"to":[12,27,10],"rotation":{"angle":45,"axis":"y","origin":[12,23,6.1]},"faces":{"north":{"uv":[3.85714,12.57143,4,13.42857],"texture":"#2"},"east":{"uv":[2.71429,11.28571,3.14286,12.14286],"texture":"#2"},"south":{"uv":[4.14286,12.57143,4.28571,13.42857],"texture":"#2"},"west":{"uv":[11.28571,6.57143,11.71429,7.42857],"texture":"#2"},"up":{"uv":[9.28571,6,9.14286,5.57143],"texture":"#2"},"down":{"uv":[4.57143,9.85714,4.42857,10.28571],"texture":"#2"}}},{"from":[4,21,7],"to":[4.1,27,10],"rotation":{"angle":-45,"axis":"y","origin":[4,23,6.1]},"faces":{"north":{"uv":[4.42857,12.57143,4.57143,13.42857],"texture":"#2"},"east":{"uv":[11.28571,7.57143,11.71429,8.42857],"texture":"#2"},"south":{"uv":[4.71429,12.57143,4.85714,13.42857],"texture":"#2"},"west":{"uv":[11.28571,8.57143,11.71429,9.42857],"texture":"#2"},"up":{"uv":[7.14286,13.14286,7,12.71429],"texture":"#2"},"down":{"uv":[7.42857,12.71429,7.28571,13.14286],"texture":"#2"}}},{"from":[6.5,26,8],"to":[9.5,32,8.1],"rotation":{"angle":22.5,"axis":"x","origin":[8,26,8.05]},"faces":{"north":{"uv":[11.42857,1.57143,11.85714,2.42857],"texture":"#2"},"east":{"uv":[12.57143,12.42857,12.71429,13.28571],"texture":"#2"},"south":{"uv":[6.57143,11.42857,7,12.28571],"texture":"#2"},"west":{"uv":[12.71429,1.14286,12.85714,2],"texture":"#2"},"up":{"uv":[12.71429,3.28571,12.28571,3.14286],"texture":"#2"},"down":{"uv":[13.14286,2.14286,12.71429,2.28571],"texture":"#2"}}}],"display":{"thirdperson_righthand":{"scale":[0.5,0.5,0.5]},"thirdperson_lefthand":{"scale":[0.5,0.5,0.5]},"firstperson_righthand":{"rotation":[-180,75,-180],"translation":[0,1,0],"scale":[0.5,0.5,0.5]},"firstperson_lefthand":{"rotation":[-180,75,-180],"translation":[0,1,0],"scale":[0.5,0.5,0.5]},"ground":{"translation":[0,5.5,0],"scale":[0.5,0.5,0.5]},"gui":{"rotation":[0,-180,0],"translation":[0,-1.75,0],"scale":[0.4,0.4,0.4]},"head":{"translation":[0,2.25,0]},"fixed":{"translation":[0,-1.75,0],"scale":[0.5,0.5,0.5]}},"groups":[{"name":"UFO","origin":[8,26,8.05],"color":0,"nbt":"{}","armAnimationEnabled":false,"children":[0,1,2,3,4,5,6,7,8,9,10,11,12,13,14,15,16,17,18,19]}]}