{"credit":"MadewithBlockbench","texture_size":[80,80],"textures":{"2":"halloween_pack:cosmetic/hats/vampire_costume"},"elements":[{"from":[11.9,24,4],"to":[12,32,12],"rotation":{"angle":-22.5,"axis":"z","origin":[12,24,7]},"faces":{"north":{"uv":[8.4,10,8.6,11.6],"texture":"#2"},"east":{"uv":[9,3.6,10.6,5.2],"texture":"#2"},"south":{"uv":[10.8,5.2,11,6.8],"texture":"#2"},"west":{"uv":[9,5.4,10.6,7],"texture":"#2"},"up":{"uv":[11,8.6,10.8,7],"texture":"#2"},"down":{"uv":[9,10.8,8.8,12.4],"texture":"#2"}}},{"from":[4,24,11.89908],"to":[12,32,11.99908],"rotation":{"angle":22.5,"axis":"x","origin":[8,24.00038,11.99908]},"faces":{"north":{"uv":[9,7.2,10.6,8.8],"texture":"#2"},"east":{"uv":[10.8,8.8,11,10.4],"texture":"#2"},"south":{"uv":[9,9,10.6,10.6],"texture":"#2"},"west":{"uv":[9.2,10.8,9.4,12.4],"texture":"#2"},"up":{"uv":[11.2,11,9.6,10.8],"texture":"#2"},"down":{"uv":[12.8,0,11.2,0.2],"texture":"#2"}}},{"name":"body","from":[11.9,0,1],"to":[12,24,15],"rotation":{"angle":22.5,"axis":"z","origin":[12,24,8]},"faces":{"north":{"uv":[3.6,10,3.8,14.8],"texture":"#2"},"east":{"uv":[0,0,2.8,4.8],"texture":"#2"},"south":{"uv":[4,10,4.2,14.8],"texture":"#2"},"west":{"uv":[3,0,5.8,4.8],"texture":"#2"},"up":{"uv":[6.2,12.8,6,10],"texture":"#2"},"down":{"uv":[6.6,10,6.4,12.8],"texture":"#2"}}},{"name":"body","from":[4,0,1],"to":[4.1,24,15],"rotation":{"angle":-22.5,"axis":"z","origin":[4,24,8]},"faces":{"north":{"uv":[5.2,10,5.4,14.8],"texture":"#2"},"east":{"uv":[6,0,8.8,4.8],"texture":"#2"},"south":{"uv":[5.6,10,5.8,14.8],"texture":"#2"},"west":{"uv":[6,5,8.8,9.8],"texture":"#2"},"up":{"uv":[7,12.8,6.8,10],"texture":"#2"},"down":{"uv":[7.4,10,7.2,12.8],"texture":"#2"}}},{"from":[4,24,4],"to":[4.1,32,12],"rotation":{"angle":22.5,"axis":"z","origin":[4,24,7]},"faces":{"north":{"uv":[11.2,0.4,11.4,2],"texture":"#2"},"east":{"uv":[0,10,1.6,11.6],"texture":"#2"},"south":{"uv":[11.2,5.2,11.4,6.8],"texture":"#2"},"west":{"uv":[1.8,10,3.4,11.6],"texture":"#2"},"up":{"uv":[11.4,8.6,11.2,7],"texture":"#2"},"down":{"uv":[11.4,8.8,11.2,10.4],"texture":"#2"}}},{"from":[1,1,9.9],"to":[15,25,10],"rotation":{"angle":-22.5,"axis":"x","origin":[8,24,15]},"faces":{"north":{"uv":[0,5,2.8,9.8],"texture":"#2"},"east":{"uv":[4.4,10,4.6,14.8],"texture":"#2"},"south":{"uv":[3,5,5.8,9.8],"texture":"#2"},"west":{"uv":[4.8,10,5,14.8],"texture":"#2"},"up":{"uv":[13.6,3.8,10.8,3.6],"texture":"#2"},"down":{"uv":[13.6,4,10.8,4.2],"texture":"#2"}}},{"from":[3,21,4],"to":[13,29,4.1],"faces":{"north":{"uv":[9,0,11,1.6],"texture":"#2"},"east":{"uv":[7.6,10,7.8,11.6],"texture":"#2"},"south":{"uv":[9,1.8,11,3.4],"texture":"#2"},"west":{"uv":[8,10,8.2,11.6],"texture":"#2"},"up":{"uv":[12.8,4.6,10.8,4.4],"texture":"#2"},"down":{"uv":[12.8,4.8,10.8,5],"texture":"#2"}}}],"display":{"thirdperson_righthand":{"scale":[0.5,0.5,0.5]},"thirdperson_lefthand":{"scale":[0.5,0.5,0.5]},"firstperson_righthand":{"rotation":[0,90,0],"scale":[0.5,0.5,0.5]},"firstperson_lefthand":{"rotation":[0,90,0],"scale":[0.5,0.5,0.5]},"ground":{"translation":[0,3.25,0],"scale":[0.5,0.5,0.5]},"gui":{"translation":[0,-4,0],"scale":[0.5,0.5,0.5]},"head":{"translation":[0,-32.5,0],"scale":[1.7,1.7,1.7]},"fixed":{"rotation":[0,-90,0],"translation":[0,-3.25,0],"scale":[0.5,0.5,0.5]}}}