{"credit":"MadewithBlockbench","texture_size":[112,112],"textures":{"1":"halloween_pack:cosmetic/hats/wing"},"elements":[{"from":[-16,-16,10.9],"to":[32,32,11],"faces":{"north":{"uv":[0,0,6.85714,6.85714],"texture":"#1"},"east":{"uv":[7,0,7.14286,6.85714],"texture":"#1"},"south":{"uv":[0,7,6.85714,13.85714],"texture":"#1"},"west":{"uv":[7,7,7.14286,13.85714],"texture":"#1"},"up":{"uv":[14.14286,0.14286,7.28571,0],"texture":"#1"},"down":{"uv":[14.14286,0.28571,7.28571,0.42857],"texture":"#1"}}}],"display":{"thirdperson_righthand":{"scale":[0.3,0.3,0.3]},"thirdperson_lefthand":{"scale":[0.3,0.3,0.3]},"firstperson_righthand":{"translation":[0,2,0],"scale":[0.3,0.3,0.3]},"firstperson_lefthand":{"translation":[0,2,0],"scale":[0.3,0.3,0.3]},"ground":{"translation":[0,7.75,0],"scale":[0.5,0.5,0.5]},"gui":{"translation":[0,-0.75,0],"scale":[0.5,0.5,0.5]},"head":{"translation":[0,-15,0],"scale":[1.5,1.5,1.5]},"fixed":{"translation":[0,-0.75,-3.5],"scale":[0.5,0.5,0.5]}}}