{"textures":{"0":"modelengine:entity/herobrine","1":"modelengine:entity/herobrine_bits","2":"modelengine:entity/herobrine_shield","3":"modelengine:entity/herobrine_zombie"},"elements":[{"name":"herobrine_bits_84","from":[7.32614,4.2575874,4.110507],"to":[7.7,5.7530274,7.4752474],"rotation":{"angle":-45.0,"axis":"x","origin":[13.51307,2.1927698,6.267725]},"faces":{"down":{"uv":[12.0,9.25,12.25,11.5],"rotation":180,"texture":"#1","tintindex":0},"east":{"uv":[12.0,11.5,13.0,9.25],"rotation":270,"texture":"#1","tintindex":0},"north":{"uv":[13.0,9.25,12.0,9.5],"rotation":90,"texture":"#1","tintindex":0},"south":{"uv":[12.0,11.25,13.0,11.5],"rotation":270,"texture":"#1","tintindex":0},"up":{"uv":[12.75,9.25,13.0,11.5],"rotation":0,"texture":"#1","tintindex":0},"west":{"uv":[12.0,9.25,13.0,11.5],"rotation":270,"texture":"#1","tintindex":0}}},{"name":"herobrine_bits_88","from":[7.32614,3.8837276,4.484367],"to":[7.7,4.2575874,8.596827],"rotation":{"angle":-45.0,"axis":"x","origin":[13.51307,2.1927698,6.267725]},"faces":{"down":{"uv":[11.75,9.5,12.0,12.25],"rotation":180,"texture":"#1","tintindex":0},"east":{"uv":[11.75,12.25,12.0,9.5],"rotation":270,"texture":"#1","tintindex":0},"north":{"uv":[12.0,9.5,11.75,9.75],"rotation":90,"texture":"#1","tintindex":0},"south":{"uv":[11.75,12.0,12.0,12.25],"rotation":270,"texture":"#1","tintindex":0},"up":{"uv":[11.75,9.5,12.0,12.25],"rotation":0,"texture":"#1","tintindex":0},"west":{"uv":[11.75,9.5,12.0,12.25],"rotation":270,"texture":"#1","tintindex":0}}},{"name":"herobrine_bits_89","from":[7.32614,5.7530274,4.484367],"to":[7.7,6.1268873,7.101387],"rotation":{"angle":-45.0,"axis":"x","origin":[13.51307,2.1927698,6.267725]},"faces":{"down":{"uv":[13.0,9.5,13.25,11.25],"rotation":180,"texture":"#1","tintindex":0},"east":{"uv":[13.0,11.25,13.25,9.5],"rotation":270,"texture":"#1","tintindex":0},"north":{"uv":[13.25,9.5,13.0,9.75],"rotation":90,"texture":"#1","tintindex":0},"south":{"uv":[13.0,11.0,13.25,11.25],"rotation":270,"texture":"#1","tintindex":0},"up":{"uv":[13.0,9.5,13.25,11.25],"rotation":0,"texture":"#1","tintindex":0},"west":{"uv":[13.0,9.5,13.25,11.25],"rotation":270,"texture":"#1","tintindex":0}}},{"name":"herobrine_bits_94","from":[7.32614,3.5098674,4.858227],"to":[7.7,3.8837276,8.596827],"rotation":{"angle":-45.0,"axis":"x","origin":[13.51307,2.1927698,6.267725]},"faces":{"down":{"uv":[11.5,9.75,11.75,12.25],"rotation":180,"texture":"#1","tintindex":0},"east":{"uv":[11.5,12.25,11.75,9.75],"rotation":270,"texture":"#1","tintindex":0},"north":{"uv":[11.75,9.75,11.5,10.0],"rotation":90,"texture":"#1","tintindex":0},"south":{"uv":[11.5,12.0,11.75,12.25],"rotation":270,"texture":"#1","tintindex":0},"up":{"uv":[11.5,9.75,11.75,12.25],"rotation":0,"texture":"#1","tintindex":0},"west":{"uv":[11.5,9.75,11.75,12.25],"rotation":270,"texture":"#1","tintindex":0}}},{"name":"herobrine_bits_95","from":[7.32614,6.1268873,4.858227],"to":[7.7,6.5007477,6.3536673],"rotation":{"angle":-45.0,"axis":"x","origin":[13.51307,2.1927698,6.267725]},"faces":{"down":{"uv":[13.25,9.75,13.5,10.75],"rotation":180,"texture":"#1","tintindex":0},"east":{"uv":[13.25,10.75,13.5,9.75],"rotation":270,"texture":"#1","tintindex":0},"north":{"uv":[13.5,9.75,13.25,10.0],"rotation":90,"texture":"#1","tintindex":0},"south":{"uv":[13.25,10.5,13.5,10.75],"rotation":270,"texture":"#1","tintindex":0},"up":{"uv":[13.25,9.75,13.5,10.75],"rotation":0,"texture":"#1","tintindex":0},"west":{"uv":[13.25,9.75,13.5,10.75],"rotation":270,"texture":"#1","tintindex":0}}},{"name":"herobrine_bits_99","from":[7.32614,3.1360078,5.232087],"to":[7.7,3.5098674,8.596827],"rotation":{"angle":-45.0,"axis":"x","origin":[13.51307,2.1927698,6.267725]},"faces":{"down":{"uv":[11.25,10.0,11.5,12.25],"rotation":180,"texture":"#1","tintindex":0},"east":{"uv":[11.25,12.25,11.5,10.0],"rotation":270,"texture":"#1","tintindex":0},"north":{"uv":[11.5,10.0,11.25,10.25],"rotation":90,"texture":"#1","tintindex":0},"south":{"uv":[11.25,12.0,11.5,12.25],"rotation":270,"texture":"#1","tintindex":0},"up":{"uv":[11.25,10.0,11.5,12.25],"rotation":0,"texture":"#1","tintindex":0},"west":{"uv":[11.25,10.0,11.5,12.25],"rotation":270,"texture":"#1","tintindex":0}}},{"name":"herobrine_bits_105","from":[7.32614,2.3882875,5.605947],"to":[7.7,3.1360078,8.222967],"rotation":{"angle":-45.0,"axis":"x","origin":[13.51307,2.1927698,6.267725]},"faces":{"down":{"uv":[10.75,10.25,11.0,12.0],"rotation":180,"texture":"#1","tintindex":0},"east":{"uv":[10.75,12.0,11.25,10.25],"rotation":270,"texture":"#1","tintindex":0},"north":{"uv":[11.25,10.25,10.75,10.5],"rotation":90,"texture":"#1","tintindex":0},"south":{"uv":[10.75,11.75,11.25,12.0],"rotation":270,"texture":"#1","tintindex":0},"up":{"uv":[11.0,10.25,11.25,12.0],"rotation":0,"texture":"#1","tintindex":0},"west":{"uv":[10.75,10.25,11.25,12.0],"rotation":270,"texture":"#1","tintindex":0}}},{"name":"herobrine_bits_106","from":[7.32614,2.0144272,5.979807],"to":[7.7,2.3882875,8.222967],"rotation":{"angle":-45.0,"axis":"x","origin":[13.51307,2.1927698,6.267725]},"faces":{"down":{"uv":[10.5,10.5,10.75,12.0],"rotation":180,"texture":"#1","tintindex":0},"east":{"uv":[10.5,12.0,10.75,10.5],"rotation":270,"texture":"#1","tintindex":0},"north":{"uv":[10.75,10.5,10.5,10.75],"rotation":90,"texture":"#1","tintindex":0},"south":{"uv":[10.5,11.75,10.75,12.0],"rotation":270,"texture":"#1","tintindex":0},"up":{"uv":[10.5,10.5,10.75,12.0],"rotation":0,"texture":"#1","tintindex":0},"west":{"uv":[10.5,10.5,10.75,12.0],"rotation":270,"texture":"#1","tintindex":0}}},{"name":"herobrine_bits_111","from":[7.32614,1.6405672,6.727527],"to":[7.7,2.0144272,7.4752474],"rotation":{"angle":-45.0,"axis":"x","origin":[13.51307,2.1927698,6.267725]},"faces":{"down":{"uv":[10.25,11.0,10.5,11.5],"rotation":180,"texture":"#1","tintindex":0},"east":{"uv":[10.25,11.5,10.5,11.0],"rotation":270,"texture":"#1","tintindex":0},"north":{"uv":[10.5,11.0,10.25,11.25],"rotation":90,"texture":"#1","tintindex":0},"south":{"uv":[10.25,11.25,10.5,11.5],"rotation":270,"texture":"#1","tintindex":0},"up":{"uv":[10.25,11.0,10.5,11.5],"rotation":0,"texture":"#1","tintindex":0},"west":{"uv":[10.25,11.0,10.5,11.5],"rotation":270,"texture":"#1","tintindex":0}}},{"name":"herobrine_bits_119","from":[7.32614,4.2575874,7.4752474],"to":[7.7,5.0053077,8.222967],"rotation":{"angle":-45.0,"axis":"x","origin":[13.51307,2.1927698,6.267725]},"faces":{"down":{"uv":[12.0,11.5,12.25,12.0],"rotation":180,"texture":"#1","tintindex":0},"east":{"uv":[12.0,12.0,12.5,11.5],"rotation":270,"texture":"#1","tintindex":0},"north":{"uv":[12.5,11.5,12.0,11.75],"rotation":90,"texture":"#1","tintindex":0},"south":{"uv":[12.0,11.75,12.5,12.0],"rotation":270,"texture":"#1","tintindex":0},"up":{"uv":[12.25,11.5,12.5,12.0],"rotation":0,"texture":"#1","tintindex":0},"west":{"uv":[12.0,11.5,12.5,12.0],"rotation":270,"texture":"#1","tintindex":0}}},{"name":"herobrine_bits_120","from":[7.32614,5.0053077,7.4752474],"to":[7.7,5.3791676,7.8491073],"rotation":{"angle":-45.0,"axis":"x","origin":[13.51307,2.1927698,6.267725]},"faces":{"down":{"uv":[12.5,11.5,12.75,11.75],"rotation":180,"texture":"#1","tintindex":0},"east":{"uv":[12.5,11.75,12.75,11.5],"rotation":270,"texture":"#1","tintindex":0},"north":{"uv":[12.75,11.5,12.5,11.75],"rotation":90,"texture":"#1","tintindex":0},"south":{"uv":[12.5,11.5,12.75,11.75],"rotation":270,"texture":"#1","tintindex":0},"up":{"uv":[12.5,11.5,12.75,11.75],"rotation":0,"texture":"#1","tintindex":0},"west":{"uv":[12.5,11.5,12.75,11.75],"rotation":270,"texture":"#1","tintindex":0}}},{"name":"herobrine_bits_121","from":[7.32614,2.7621477,8.222967],"to":[7.7,3.1360078,8.596827],"rotation":{"angle":-45.0,"axis":"x","origin":[13.51307,2.1927698,6.267725]},"faces":{"down":{"uv":[11.0,12.0,11.25,12.25],"rotation":180,"texture":"#1","tintindex":0},"east":{"uv":[11.0,12.25,11.25,12.0],"rotation":270,"texture":"#1","tintindex":0},"north":{"uv":[11.25,12.0,11.0,12.25],"rotation":90,"texture":"#1","tintindex":0},"south":{"uv":[11.0,12.0,11.25,12.25],"rotation":270,"texture":"#1","tintindex":0},"up":{"uv":[11.0,12.0,11.25,12.25],"rotation":0,"texture":"#1","tintindex":0},"west":{"uv":[11.0,12.0,11.25,12.25],"rotation":270,"texture":"#1","tintindex":0}}},{"name":"leftarm","from":[6.8059998,4.3999996,5.6],"to":[9.206,8.0,8.0],"rotation":{"angle":0.0,"axis":"x","origin":[4.3999996,-2.8000002,6.8]},"faces":{"down":{"uv":[6.0,8.0,5.0,9.0],"rotation":0,"texture":"#3","tintindex":0},"east":{"uv":[4.0,6.5,5.0,8.0],"rotation":0,"texture":"#3","tintindex":0},"north":{"uv":[3.0,6.5,4.0,8.0],"rotation":0,"texture":"#3","tintindex":0},"south":{"uv":[5.0,6.5,6.0,8.0],"rotation":0,"texture":"#3","tintindex":0},"up":{"uv":[9.0,5.5,8.0,4.5],"rotation":0,"texture":"#3","tintindex":0},"west":{"uv":[6.0,6.5,7.0,8.0],"rotation":0,"texture":"#3","tintindex":0}}}],"display":{"head":{"translation":[0.0,-6.4,0.0],"rotation":[0.0,0.0,0.0],"scale":[3.8095,3.8095,3.8095]}}}