{"textures":{"0":"modelengine:entity/herobrine","1":"modelengine:entity/herobrine_bits","2":"modelengine:entity/herobrine_shield","3":"modelengine:entity/herobrine_zombie"},"elements":[{"name":"leftarm","from":[6.8059998,4.3999996,5.6],"to":[9.206,8.0,8.0],"rotation":{"angle":0.0,"axis":"x","origin":[4.3999996,-2.8000002,6.8]},"faces":{"down":{"uv":[6.0,8.0,5.0,9.0],"rotation":0,"texture":"#3","tintindex":0},"east":{"uv":[4.0,6.5,5.0,8.0],"rotation":0,"texture":"#3","tintindex":0},"north":{"uv":[3.0,6.5,4.0,8.0],"rotation":0,"texture":"#3","tintindex":0},"south":{"uv":[5.0,6.5,6.0,8.0],"rotation":0,"texture":"#3","tintindex":0},"up":{"uv":[9.0,5.5,8.0,4.5],"rotation":0,"texture":"#3","tintindex":0},"west":{"uv":[6.0,6.5,7.0,8.0],"rotation":0,"texture":"#3","tintindex":0}}},{"name":"herobrine_bits_28","from":[12.354613,-2.6752038,5.1424937],"to":[12.957613,0.33979607,5.745494],"rotation":{"angle":45.0,"axis":"z","origin":[7.147068,-8.575151,19.800556]},"faces":{"down":{"uv":[8.5,5.0,8.25,5.25],"rotation":180,"texture":"#1","tintindex":0},"east":{"uv":[8.25,5.0,8.5,6.25],"rotation":180,"texture":"#1","tintindex":0},"north":{"uv":[8.25,5.0,8.5,6.25],"rotation":180,"texture":"#1","tintindex":0},"south":{"uv":[8.25,6.25,8.5,5.0],"rotation":0,"texture":"#1","tintindex":0},"up":{"uv":[8.25,6.0,8.5,6.25],"rotation":0,"texture":"#1","tintindex":0},"west":{"uv":[8.25,5.0,8.5,6.25],"rotation":180,"texture":"#1","tintindex":0}}},{"name":"herobrine_bits_11","from":[12.354613,-4.484205,5.1424937],"to":[13.560614,-3.8812041,5.745494],"rotation":{"angle":45.0,"axis":"z","origin":[7.147068,-8.575151,19.800556]},"faces":{"down":{"uv":[8.75,4.25,8.25,4.5],"rotation":180,"texture":"#1","tintindex":0},"east":{"uv":[8.5,4.25,8.75,4.5],"rotation":180,"texture":"#1","tintindex":0},"north":{"uv":[8.25,4.25,8.75,4.5],"rotation":180,"texture":"#1","tintindex":0},"south":{"uv":[8.25,4.5,8.75,4.25],"rotation":0,"texture":"#1","tintindex":0},"up":{"uv":[8.25,4.25,8.75,4.5],"rotation":0,"texture":"#1","tintindex":0},"west":{"uv":[8.25,4.25,8.5,4.5],"rotation":180,"texture":"#1","tintindex":0}}},{"name":"herobrine_bits_22","from":[12.957613,-3.2782044,5.1424937],"to":[13.560614,-0.86620426,5.745494],"rotation":{"angle":45.0,"axis":"z","origin":[7.147068,-8.575151,19.800556]},"faces":{"down":{"uv":[8.75,4.75,8.5,5.0],"rotation":180,"texture":"#1","tintindex":0},"east":{"uv":[8.5,4.75,8.75,5.75],"rotation":180,"texture":"#1","tintindex":0},"north":{"uv":[8.5,4.75,8.75,5.75],"rotation":180,"texture":"#1","tintindex":0},"south":{"uv":[8.5,5.75,8.75,4.75],"rotation":0,"texture":"#1","tintindex":0},"up":{"uv":[8.5,5.5,8.75,5.75],"rotation":0,"texture":"#1","tintindex":0},"west":{"uv":[8.5,4.75,8.75,5.75],"rotation":180,"texture":"#1","tintindex":0}}},{"name":"herobrine_bits_17","from":[11.751614,-3.8812041,5.1424937],"to":[12.354613,-2.6752038,5.745494],"rotation":{"angle":45.0,"axis":"z","origin":[7.147068,-8.575151,19.800556]},"faces":{"down":{"uv":[8.25,4.5,8.0,4.75],"rotation":180,"texture":"#1","tintindex":0},"east":{"uv":[8.0,4.5,8.25,5.0],"rotation":180,"texture":"#1","tintindex":0},"north":{"uv":[8.0,4.5,8.25,5.0],"rotation":180,"texture":"#1","tintindex":0},"south":{"uv":[8.0,5.0,8.25,4.5],"rotation":0,"texture":"#1","tintindex":0},"up":{"uv":[8.0,4.75,8.25,5.0],"rotation":0,"texture":"#1","tintindex":0},"west":{"uv":[8.0,4.5,8.25,5.0],"rotation":180,"texture":"#1","tintindex":0}}},{"name":"herobrine_bits_34","from":[11.751614,-2.072204,5.1424937],"to":[12.354613,2.751796,5.745494],"rotation":{"angle":45.0,"axis":"z","origin":[7.147068,-8.575151,19.800556]},"faces":{"down":{"uv":[8.25,5.25,8.0,5.5],"rotation":180,"texture":"#1","tintindex":0},"east":{"uv":[8.0,5.25,8.25,7.25],"rotation":180,"texture":"#1","tintindex":0},"north":{"uv":[8.0,5.25,8.25,7.25],"rotation":180,"texture":"#1","tintindex":0},"south":{"uv":[8.0,7.25,8.25,5.25],"rotation":0,"texture":"#1","tintindex":0},"up":{"uv":[8.0,7.0,8.25,7.25],"rotation":0,"texture":"#1","tintindex":0},"west":{"uv":[8.0,5.25,8.25,7.25],"rotation":180,"texture":"#1","tintindex":0}}},{"name":"herobrine_bits_44","from":[11.148613,-0.86620426,5.1424937],"to":[11.751614,2.751796,5.745494],"rotation":{"angle":45.0,"axis":"z","origin":[7.147068,-8.575151,19.800556]},"faces":{"down":{"uv":[8.0,5.75,7.75,6.0],"rotation":180,"texture":"#1","tintindex":0},"east":{"uv":[7.75,5.75,8.0,7.25],"rotation":180,"texture":"#1","tintindex":0},"north":{"uv":[7.75,5.75,8.0,7.25],"rotation":180,"texture":"#1","tintindex":0},"south":{"uv":[7.75,7.25,8.0,5.75],"rotation":0,"texture":"#1","tintindex":0},"up":{"uv":[7.75,7.0,8.0,7.25],"rotation":0,"texture":"#1","tintindex":0},"west":{"uv":[7.75,5.75,8.0,7.25],"rotation":180,"texture":"#1","tintindex":0}}},{"name":"herobrine_bits_62","from":[10.545614,1.5457963,5.1424937],"to":[11.148613,2.1487958,5.745494],"rotation":{"angle":45.0,"axis":"z","origin":[7.147068,-8.575151,19.800556]},"faces":{"down":{"uv":[7.75,6.75,7.5,7.0],"rotation":180,"texture":"#1","tintindex":0},"east":{"uv":[7.5,6.75,7.75,7.0],"rotation":180,"texture":"#1","tintindex":0},"north":{"uv":[7.5,6.75,7.75,7.0],"rotation":180,"texture":"#1","tintindex":0},"south":{"uv":[7.5,7.0,7.75,6.75],"rotation":0,"texture":"#1","tintindex":0},"up":{"uv":[7.5,6.75,7.75,7.0],"rotation":0,"texture":"#1","tintindex":0},"west":{"uv":[7.5,6.75,7.75,7.0],"rotation":180,"texture":"#1","tintindex":0}}},{"name":"herobrine_bits_63","from":[12.354613,1.5457963,5.1424937],"to":[12.957613,2.1487958,5.745494],"rotation":{"angle":45.0,"axis":"z","origin":[7.147068,-8.575151,19.800556]},"faces":{"down":{"uv":[8.5,6.75,8.25,7.0],"rotation":180,"texture":"#1","tintindex":0},"east":{"uv":[8.25,6.75,8.5,7.0],"rotation":180,"texture":"#1","tintindex":0},"north":{"uv":[8.25,6.75,8.5,7.0],"rotation":180,"texture":"#1","tintindex":0},"south":{"uv":[8.25,7.0,8.5,6.75],"rotation":0,"texture":"#1","tintindex":0},"up":{"uv":[8.25,6.75,8.5,7.0],"rotation":0,"texture":"#1","tintindex":0},"west":{"uv":[8.25,6.75,8.5,7.0],"rotation":180,"texture":"#1","tintindex":0}}},{"name":"herobrine_bits_54","from":[13.560614,0.33979607,5.1424937],"to":[14.163614,0.94279575,5.745494],"rotation":{"angle":45.0,"axis":"z","origin":[7.147068,-8.575151,19.800556]},"faces":{"down":{"uv":[9.0,6.25,8.75,6.5],"rotation":180,"texture":"#1","tintindex":0},"east":{"uv":[8.75,6.25,9.0,6.5],"rotation":180,"texture":"#1","tintindex":0},"north":{"uv":[8.75,6.25,9.0,6.5],"rotation":180,"texture":"#1","tintindex":0},"south":{"uv":[8.75,6.5,9.0,6.25],"rotation":0,"texture":"#1","tintindex":0},"up":{"uv":[8.75,6.25,9.0,6.5],"rotation":0,"texture":"#1","tintindex":0},"west":{"uv":[8.75,6.25,9.0,6.5],"rotation":180,"texture":"#1","tintindex":0}}},{"name":"herobrine_bits_59","from":[12.957613,0.94279575,5.1424937],"to":[13.560614,1.5457963,5.745494],"rotation":{"angle":45.0,"axis":"z","origin":[7.147068,-8.575151,19.800556]},"faces":{"down":{"uv":[8.75,6.5,8.5,6.75],"rotation":180,"texture":"#1","tintindex":0},"east":{"uv":[8.5,6.5,8.75,6.75],"rotation":180,"texture":"#1","tintindex":0},"north":{"uv":[8.5,6.5,8.75,6.75],"rotation":180,"texture":"#1","tintindex":0},"south":{"uv":[8.5,6.75,8.75,6.5],"rotation":0,"texture":"#1","tintindex":0},"up":{"uv":[8.5,6.5,8.75,6.75],"rotation":0,"texture":"#1","tintindex":0},"west":{"uv":[8.5,6.5,8.75,6.75],"rotation":180,"texture":"#1","tintindex":0}}},{"name":"herobrine_bits_12","from":[14.163614,-4.484205,5.1424937],"to":[15.369614,0.33979607,5.745494],"rotation":{"angle":45.0,"axis":"z","origin":[7.147068,-8.575151,19.800556]},"faces":{"down":{"uv":[9.5,4.25,9.0,4.5],"rotation":180,"texture":"#1","tintindex":0},"east":{"uv":[9.25,4.25,9.5,6.25],"rotation":180,"texture":"#1","tintindex":0},"north":{"uv":[9.0,4.25,9.5,6.25],"rotation":180,"texture":"#1","tintindex":0},"south":{"uv":[9.0,6.25,9.5,4.25],"rotation":0,"texture":"#1","tintindex":0},"up":{"uv":[9.0,6.0,9.5,6.25],"rotation":0,"texture":"#1","tintindex":0},"west":{"uv":[9.0,4.25,9.25,6.25],"rotation":180,"texture":"#1","tintindex":0}}},{"name":"herobrine_bits_18","from":[13.560614,-3.8812041,5.1424937],"to":[14.163614,-0.26320386,5.745494],"rotation":{"angle":45.0,"axis":"z","origin":[7.147068,-8.575151,19.800556]},"faces":{"down":{"uv":[9.0,4.5,8.75,4.75],"rotation":180,"texture":"#1","tintindex":0},"east":{"uv":[8.75,4.5,9.0,6.0],"rotation":180,"texture":"#1","tintindex":0},"north":{"uv":[8.75,4.5,9.0,6.0],"rotation":180,"texture":"#1","tintindex":0},"south":{"uv":[8.75,6.0,9.0,4.5],"rotation":0,"texture":"#1","tintindex":0},"up":{"uv":[8.75,5.75,9.0,6.0],"rotation":0,"texture":"#1","tintindex":0},"west":{"uv":[8.75,4.5,9.0,6.0],"rotation":180,"texture":"#1","tintindex":0}}},{"name":"herobrine_bits_7","from":[15.369614,-5.087204,5.1424937],"to":[17.178614,-3.2782044,5.745494],"rotation":{"angle":45.0,"axis":"z","origin":[7.147068,-8.575151,19.800556]},"faces":{"down":{"uv":[10.25,4.0,9.5,4.25],"rotation":180,"texture":"#1","tintindex":0},"east":{"uv":[10.0,4.0,10.25,4.75],"rotation":180,"texture":"#1","tintindex":0},"north":{"uv":[9.5,4.0,10.25,4.75],"rotation":180,"texture":"#1","tintindex":0},"south":{"uv":[9.5,4.75,10.25,4.0],"rotation":0,"texture":"#1","tintindex":0},"up":{"uv":[9.5,4.5,10.25,4.75],"rotation":0,"texture":"#1","tintindex":0},"west":{"uv":[9.5,4.0,9.75,4.75],"rotation":180,"texture":"#1","tintindex":0}}},{"name":"herobrine_bits_2","from":[17.781612,-5.6902037,5.1424937],"to":[18.384613,-3.2782044,5.745494],"rotation":{"angle":45.0,"axis":"z","origin":[7.147068,-8.575151,19.800556]},"faces":{"down":{"uv":[10.75,3.75,10.5,4.0],"rotation":180,"texture":"#1","tintindex":0},"east":{"uv":[10.5,3.75,10.75,4.75],"rotation":180,"texture":"#1","tintindex":0},"north":{"uv":[10.5,3.75,10.75,4.75],"rotation":180,"texture":"#1","tintindex":0},"south":{"uv":[10.5,4.75,10.75,3.75],"rotation":0,"texture":"#1","tintindex":0},"up":{"uv":[10.5,4.5,10.75,4.75],"rotation":0,"texture":"#1","tintindex":0},"west":{"uv":[10.5,3.75,10.75,4.75],"rotation":180,"texture":"#1","tintindex":0}}},{"name":"herobrine_bits_8","from":[17.178614,-5.087204,5.1424937],"to":[17.781612,-3.8812041,5.745494],"rotation":{"angle":45.0,"axis":"z","origin":[7.147068,-8.575151,19.800556]},"faces":{"down":{"uv":[10.5,4.0,10.25,4.25],"rotation":180,"texture":"#1","tintindex":0},"east":{"uv":[10.25,4.0,10.5,4.5],"rotation":180,"texture":"#1","tintindex":0},"north":{"uv":[10.25,4.0,10.5,4.5],"rotation":180,"texture":"#1","tintindex":0},"south":{"uv":[10.25,4.5,10.5,4.0],"rotation":0,"texture":"#1","tintindex":0},"up":{"uv":[10.25,4.25,10.5,4.5],"rotation":0,"texture":"#1","tintindex":0},"west":{"uv":[10.25,4.0,10.5,4.5],"rotation":180,"texture":"#1","tintindex":0}}},{"name":"herobrine_bits_9","from":[18.384613,-5.087204,5.1424937],"to":[18.987614,-3.8812041,5.745494],"rotation":{"angle":45.0,"axis":"z","origin":[7.147068,-8.575151,19.800556]},"faces":{"down":{"uv":[11.0,4.0,10.75,4.25],"rotation":180,"texture":"#1","tintindex":0},"east":{"uv":[10.75,4.0,11.0,4.5],"rotation":180,"texture":"#1","tintindex":0},"north":{"uv":[10.75,4.0,11.0,4.5],"rotation":180,"texture":"#1","tintindex":0},"south":{"uv":[10.75,4.5,11.0,4.0],"rotation":0,"texture":"#1","tintindex":0},"up":{"uv":[10.75,4.25,11.0,4.5],"rotation":0,"texture":"#1","tintindex":0},"west":{"uv":[10.75,4.0,11.0,4.5],"rotation":180,"texture":"#1","tintindex":0}}},{"name":"herobrine_bits_23","from":[17.178614,-3.2782044,5.1424937],"to":[17.781612,-2.6752038,5.745494],"rotation":{"angle":45.0,"axis":"z","origin":[7.147068,-8.575151,19.800556]},"faces":{"down":{"uv":[10.5,4.75,10.25,5.0],"rotation":180,"texture":"#1","tintindex":0},"east":{"uv":[10.25,4.75,10.5,5.0],"rotation":180,"texture":"#1","tintindex":0},"north":{"uv":[10.25,4.75,10.5,5.0],"rotation":180,"texture":"#1","tintindex":0},"south":{"uv":[10.25,5.0,10.5,4.75],"rotation":0,"texture":"#1","tintindex":0},"up":{"uv":[10.25,4.75,10.5,5.0],"rotation":0,"texture":"#1","tintindex":0},"west":{"uv":[10.25,4.75,10.5,5.0],"rotation":180,"texture":"#1","tintindex":0}}},{"name":"herobrine_bits_30","from":[16.575613,-2.6752038,5.1424937],"to":[17.178614,-2.072204,5.745494],"rotation":{"angle":45.0,"axis":"z","origin":[7.147068,-8.575151,19.800556]},"faces":{"down":{"uv":[10.25,5.0,10.0,5.25],"rotation":180,"texture":"#1","tintindex":0},"east":{"uv":[10.0,5.0,10.25,5.25],"rotation":180,"texture":"#1","tintindex":0},"north":{"uv":[10.0,5.0,10.25,5.25],"rotation":180,"texture":"#1","tintindex":0},"south":{"uv":[10.0,5.25,10.25,5.0],"rotation":0,"texture":"#1","tintindex":0},"up":{"uv":[10.0,5.0,10.25,5.25],"rotation":0,"texture":"#1","tintindex":0},"west":{"uv":[10.0,5.0,10.25,5.25],"rotation":180,"texture":"#1","tintindex":0}}},{"name":"herobrine_bits_35","from":[15.972614,-2.072204,5.1424937],"to":[16.575613,2.1487958,5.745494],"rotation":{"angle":45.0,"axis":"z","origin":[7.147068,-8.575151,19.800556]},"faces":{"down":{"uv":[10.0,5.25,9.75,5.5],"rotation":180,"texture":"#1","tintindex":0},"east":{"uv":[9.75,5.25,10.0,7.0],"rotation":180,"texture":"#1","tintindex":0},"north":{"uv":[9.75,5.25,10.0,7.0],"rotation":180,"texture":"#1","tintindex":0},"south":{"uv":[9.75,7.0,10.0,5.25],"rotation":0,"texture":"#1","tintindex":0},"up":{"uv":[9.75,6.75,10.0,7.0],"rotation":0,"texture":"#1","tintindex":0},"west":{"uv":[9.75,5.25,10.0,7.0],"rotation":180,"texture":"#1","tintindex":0}}},{"name":"herobrine_bits_29","from":[15.369614,-2.6752038,5.1424937],"to":[15.972614,1.5457963,5.745494],"rotation":{"angle":45.0,"axis":"z","origin":[7.147068,-8.575151,19.800556]},"faces":{"down":{"uv":[9.75,5.0,9.5,5.25],"rotation":180,"texture":"#1","tintindex":0},"east":{"uv":[9.5,5.0,9.75,6.75],"rotation":180,"texture":"#1","tintindex":0},"north":{"uv":[9.5,5.0,9.75,6.75],"rotation":180,"texture":"#1","tintindex":0},"south":{"uv":[9.5,6.75,9.75,5.0],"rotation":0,"texture":"#1","tintindex":0},"up":{"uv":[9.5,6.5,9.75,6.75],"rotation":0,"texture":"#1","tintindex":0},"west":{"uv":[9.5,5.0,9.75,6.75],"rotation":180,"texture":"#1","tintindex":0}}},{"name":"herobrine_bits_55","from":[14.766614,0.33979607,5.1424937],"to":[15.369614,0.94279575,5.745494],"rotation":{"angle":45.0,"axis":"z","origin":[7.147068,-8.575151,19.800556]},"faces":{"down":{"uv":[9.5,6.25,9.25,6.5],"rotation":180,"texture":"#1","tintindex":0},"east":{"uv":[9.25,6.25,9.5,6.5],"rotation":180,"texture":"#1","tintindex":0},"north":{"uv":[9.25,6.25,9.5,6.5],"rotation":180,"texture":"#1","tintindex":0},"south":{"uv":[9.25,6.5,9.5,6.25],"rotation":0,"texture":"#1","tintindex":0},"up":{"uv":[9.25,6.25,9.5,6.5],"rotation":0,"texture":"#1","tintindex":0},"west":{"uv":[9.25,6.25,9.5,6.5],"rotation":180,"texture":"#1","tintindex":0}}},{"name":"herobrine_bits_40","from":[16.575613,-1.469204,5.1424937],"to":[17.178614,2.1487958,5.745494],"rotation":{"angle":45.0,"axis":"z","origin":[7.147068,-8.575151,19.800556]},"faces":{"down":{"uv":[10.25,5.5,10.0,5.75],"rotation":180,"texture":"#1","tintindex":0},"east":{"uv":[10.0,5.5,10.25,7.0],"rotation":180,"texture":"#1","tintindex":0},"north":{"uv":[10.0,5.5,10.25,7.0],"rotation":180,"texture":"#1","tintindex":0},"south":{"uv":[10.0,7.0,10.25,5.5],"rotation":0,"texture":"#1","tintindex":0},"up":{"uv":[10.0,6.75,10.25,7.0],"rotation":0,"texture":"#1","tintindex":0},"west":{"uv":[10.0,5.5,10.25,7.0],"rotation":180,"texture":"#1","tintindex":0}}},{"name":"herobrine_bits_50","from":[17.781612,-0.26320386,5.1424937],"to":[18.384613,3.354796,5.745494],"rotation":{"angle":45.0,"axis":"z","origin":[7.147068,-8.575151,19.800556]},"faces":{"down":{"uv":[10.75,6.0,10.5,6.25],"rotation":180,"texture":"#1","tintindex":0},"east":{"uv":[10.5,6.0,10.75,7.5],"rotation":180,"texture":"#1","tintindex":0},"north":{"uv":[10.5,6.0,10.75,7.5],"rotation":180,"texture":"#1","tintindex":0},"south":{"uv":[10.5,7.5,10.75,6.0],"rotation":0,"texture":"#1","tintindex":0},"up":{"uv":[10.5,7.25,10.75,7.5],"rotation":0,"texture":"#1","tintindex":0},"west":{"uv":[10.5,6.0,10.75,7.5],"rotation":180,"texture":"#1","tintindex":0}}},{"name":"herobrine_bits_45","from":[17.178614,-0.86620426,5.1424937],"to":[17.781612,2.751796,5.745494],"rotation":{"angle":45.0,"axis":"z","origin":[7.147068,-8.575151,19.800556]},"faces":{"down":{"uv":[10.5,5.75,10.25,6.0],"rotation":180,"texture":"#1","tintindex":0},"east":{"uv":[10.25,5.75,10.5,7.25],"rotation":180,"texture":"#1","tintindex":0},"north":{"uv":[10.25,5.75,10.5,7.25],"rotation":180,"texture":"#1","tintindex":0},"south":{"uv":[10.25,7.25,10.5,5.75],"rotation":0,"texture":"#1","tintindex":0},"up":{"uv":[10.25,7.0,10.5,7.25],"rotation":0,"texture":"#1","tintindex":0},"west":{"uv":[10.25,5.75,10.5,7.25],"rotation":180,"texture":"#1","tintindex":0}}},{"name":"herobrine_bits_60","from":[18.384613,0.94279575,5.1424937],"to":[18.987614,3.957796,5.745494],"rotation":{"angle":45.0,"axis":"z","origin":[7.147068,-8.575151,19.800556]},"faces":{"down":{"uv":[11.0,6.5,10.75,6.75],"rotation":180,"texture":"#1","tintindex":0},"east":{"uv":[10.75,6.5,11.0,7.75],"rotation":180,"texture":"#1","tintindex":0},"north":{"uv":[10.75,6.5,11.0,7.75],"rotation":180,"texture":"#1","tintindex":0},"south":{"uv":[10.75,7.75,11.0,6.5],"rotation":0,"texture":"#1","tintindex":0},"up":{"uv":[10.75,7.5,11.0,7.75],"rotation":0,"texture":"#1","tintindex":0},"west":{"uv":[10.75,6.5,11.0,7.75],"rotation":180,"texture":"#1","tintindex":0}}},{"name":"herobrine_bits_64","from":[18.987614,1.5457963,5.1424937],"to":[19.590614,3.957796,5.745494],"rotation":{"angle":45.0,"axis":"z","origin":[7.147068,-8.575151,19.800556]},"faces":{"down":{"uv":[11.25,6.75,11.0,7.0],"rotation":180,"texture":"#1","tintindex":0},"east":{"uv":[11.0,6.75,11.25,7.75],"rotation":180,"texture":"#1","tintindex":0},"north":{"uv":[11.0,6.75,11.25,7.75],"rotation":180,"texture":"#1","tintindex":0},"south":{"uv":[11.0,7.75,11.25,6.75],"rotation":0,"texture":"#1","tintindex":0},"up":{"uv":[11.0,7.5,11.25,7.75],"rotation":0,"texture":"#1","tintindex":0},"west":{"uv":[11.0,6.75,11.25,7.75],"rotation":180,"texture":"#1","tintindex":0}}},{"name":"herobrine_bits_67","from":[19.590614,2.1487958,5.1424937],"to":[20.193615,3.354796,5.745494],"rotation":{"angle":45.0,"axis":"z","origin":[7.147068,-8.575151,19.800556]},"faces":{"down":{"uv":[11.5,7.0,11.25,7.25],"rotation":180,"texture":"#1","tintindex":0},"east":{"uv":[11.25,7.0,11.5,7.5],"rotation":180,"texture":"#1","tintindex":0},"north":{"uv":[11.25,7.0,11.5,7.5],"rotation":180,"texture":"#1","tintindex":0},"south":{"uv":[11.25,7.5,11.5,7.0],"rotation":0,"texture":"#1","tintindex":0},"up":{"uv":[11.25,7.25,11.5,7.5],"rotation":0,"texture":"#1","tintindex":0},"west":{"uv":[11.25,7.0,11.5,7.5],"rotation":180,"texture":"#1","tintindex":0}}}],"display":{"head":{"translation":[0.0,-6.4,0.0],"rotation":[0.0,0.0,0.0],"scale":[3.8095,3.8095,3.8095]}}}