{"credit":"MadewithBlockbench","texture_size":[32,32],"textures":{"3":"sled_race_pack:sled_race_pack/gift"},"elements":[{"from":[4,4.5,4],"to":[12,6.5,12],"rotation":{"angle":0,"axis":"y","origin":[-3.4,0,-3.5]},"faces":{"north":{"uv":[7,10.5,11,11.5],"texture":"#3","tintindex":0},"east":{"uv":[11,0,15,1],"texture":"#3","tintindex":0},"south":{"uv":[11,1,15,2],"texture":"#3","tintindex":0},"west":{"uv":[11,2,15,3],"texture":"#3","tintindex":0},"up":{"uv":[4,4,0,0],"texture":"#3","tintindex":0},"down":{"uv":[4,4,0,8],"texture":"#3","tintindex":0}}},{"from":[3.8,-0.3,7],"to":[3.8,6.7,9],"rotation":{"angle":0,"axis":"y","origin":[-3.4,0,-3.5]},"faces":{"north":{"uv":[0,0,0,3.5],"texture":"#3"},"east":{"uv":[11,11,12,14.5],"texture":"#3"},"south":{"uv":[0,0,0,3.5],"texture":"#3"},"west":{"uv":[3,11.5,4,15],"texture":"#3"},"up":{"uv":[0,1,0,0],"texture":"#3"},"down":{"uv":[0,0,0,1],"texture":"#3"}}},{"from":[7,-0.1,3.8],"to":[9,6.9,3.8],"rotation":{"angle":0,"axis":"y","origin":[8.1,3.2,8]},"faces":{"north":{"uv":[4,11.5,5,15],"texture":"#3"},"east":{"uv":[0,0,0,3.5],"texture":"#3"},"south":{"uv":[5,11.5,6,15],"texture":"#3"},"west":{"uv":[0,0,0,3.5],"texture":"#3"},"up":{"uv":[1,0,0,0],"texture":"#3"},"down":{"uv":[1,0,0,0],"texture":"#3"}}},{"from":[12.2,-0.3,7],"to":[12.2,6.7,9],"rotation":{"angle":0,"axis":"y","origin":[8.1,3.2,8]},"faces":{"north":{"uv":[0,0,0,3.5],"texture":"#3"},"east":{"uv":[6,11.5,7,15],"texture":"#3"},"south":{"uv":[0,0,0,3.5],"texture":"#3"},"west":{"uv":[7,11.5,8,15],"texture":"#3"},"up":{"uv":[0,1,0,0],"texture":"#3"},"down":{"uv":[0,0,0,1],"texture":"#3"}}},{"from":[7,-0.1,12.2],"to":[9,6.9,12.2],"rotation":{"angle":0,"axis":"y","origin":[8.1,3.2,8]},"faces":{"north":{"uv":[8,11.5,9,15],"texture":"#3"},"east":{"uv":[0,0,0,3.5],"texture":"#3"},"south":{"uv":[9,11.5,10,15],"texture":"#3"},"west":{"uv":[0,0,0,3.5],"texture":"#3"},"up":{"uv":[1,0,0,0],"texture":"#3"},"down":{"uv":[1,0,0,0],"texture":"#3"}}},{"from":[4.6,0,4.5],"to":[11.6,6,11.5],"rotation":{"angle":0,"axis":"y","origin":[-3.4,0,-3.5]},"faces":{"north":{"uv":[4,7,7.5,10],"texture":"#3","tintindex":0},"east":{"uv":[7.5,0,11,3],"texture":"#3","tintindex":0},"south":{"uv":[7.5,3,11,6],"texture":"#3","tintindex":0},"west":{"uv":[7.5,6,11,9],"texture":"#3","tintindex":0},"up":{"uv":[7.5,3.5,4,0],"texture":"#3","tintindex":0},"down":{"uv":[7.5,3.5,4,7],"texture":"#3","tintindex":0}}},{"from":[3.8,6.7,7],"to":[12.2,6.7,9],"rotation":{"angle":0,"axis":"y","origin":[11,13.4,17.5]},"faces":{"north":{"uv":[0,0,4,0],"texture":"#3"},"east":{"uv":[0,0,1,0],"texture":"#3"},"south":{"uv":[0,0,4,0],"texture":"#3"},"west":{"uv":[0,0,1,0],"texture":"#3"},"up":{"uv":[15,4,11,3],"texture":"#3"},"down":{"uv":[15,4,11,5],"texture":"#3"}}},{"from":[3.8,-0.3,7],"to":[12.2,-0.3,9],"rotation":{"angle":0,"axis":"y","origin":[11,13.4,17.5]},"faces":{"north":{"uv":[0,0,4,0],"texture":"#3"},"east":{"uv":[0,0,1,0],"texture":"#3"},"south":{"uv":[0,0,4,0],"texture":"#3"},"west":{"uv":[0,0,1,0],"texture":"#3"},"up":{"uv":[15,6,11,5],"texture":"#3"},"down":{"uv":[15,6,11,7],"texture":"#3"}}},{"from":[7,6.9,3.8],"to":[9,6.9,12.2],"rotation":{"angle":0,"axis":"y","origin":[8,6.7,8]},"faces":{"north":{"uv":[0,0,1,0],"texture":"#3"},"east":{"uv":[0,0,4,0],"texture":"#3"},"south":{"uv":[0,0,1,0],"texture":"#3"},"west":{"uv":[0,0,4,0],"texture":"#3"},"up":{"uv":[1,15,0,11],"texture":"#3"},"down":{"uv":[2,11,1,15],"texture":"#3"}}},{"from":[7,-0.1,3.8],"to":[9,-0.1,12.2],"rotation":{"angle":0,"axis":"y","origin":[8,6.7,8]},"faces":{"north":{"uv":[0,0,1,0],"texture":"#3"},"east":{"uv":[0,0,4,0],"texture":"#3"},"south":{"uv":[0,0,1,0],"texture":"#3"},"west":{"uv":[0,0,4,0],"texture":"#3"},"up":{"uv":[3,15,2,11],"texture":"#3"},"down":{"uv":[12,7,11,11],"texture":"#3"}}},{"from":[4.5,6.901,8],"to":[11.5,9.901,8],"rotation":{"angle":-45,"axis":"y","origin":[8,8.401,8]},"faces":{"north":{"uv":[0,8,3.5,9.5],"texture":"#3"},"east":{"uv":[0,0,0,1.5],"texture":"#3"},"south":{"uv":[7.5,9,11,10.5],"texture":"#3"},"west":{"uv":[0,0,0,1.5],"texture":"#3"},"up":{"uv":[3.5,0,0,0],"texture":"#3"},"down":{"uv":[3.5,0,0,0],"texture":"#3"}}},{"from":[8,6.901,4.5],"to":[8,9.901,11.5],"rotation":{"angle":-45,"axis":"y","origin":[8,8.401,8]},"faces":{"north":{"uv":[0,0,0,1.5],"texture":"#3"},"east":{"uv":[0,9.5,3.5,11],"texture":"#3"},"south":{"uv":[0,0,0,1.5],"texture":"#3"},"west":{"uv":[3.5,10,7,11.5],"texture":"#3"},"up":{"uv":[0,3.5,0,0],"texture":"#3"},"down":{"uv":[0,0,0,3.5],"texture":"#3"}}}],"display":{"thirdperson_righthand":{"rotation":[75,45,0],"translation":[0,2.5,0],"scale":[0.375,0.375,0.375]},"thirdperson_lefthand":{"rotation":[75,45,0],"translation":[0,2.5,0],"scale":[0.375,0.375,0.375]},"firstperson_righthand":{"rotation":[0,45,0],"scale":[0.4,0.4,0.4]},"firstperson_lefthand":{"rotation":[0,225,0],"scale":[0.4,0.4,0.4]},"ground":{"translation":[0,3,0],"scale":[0.25,0.25,0.25]},"gui":{"rotation":[30,225,0],"scale":[0.625,0.625,0.625]},"fixed":{"rotation":[-90,0,0],"translation":[0,0,-16],"scale":[2,2,2]}}}