{"credit":"MadewithBlockbench","texture_size":[64,64],"textures":{"2":"sled_race_pack:sled_race_pack/winter_log_stool","particle":"sled_race_pack:sled_race_pack/winter_log_stool"},"elements":[{"from":[3.5,0,3.5],"to":[12.5,8,12.5],"faces":{"north":{"uv":[2.5,4.5,4.75,6.5],"texture":"#2"},"east":{"uv":[4.75,0,7,2],"texture":"#2"},"south":{"uv":[4.75,2,7,4],"texture":"#2"},"west":{"uv":[4.75,4,7,6],"texture":"#2"},"up":{"uv":[4.75,2.25,2.5,0],"texture":"#2"},"down":{"uv":[4.75,2.25,2.5,4.5],"texture":"#2"}}},{"from":[0.3,4,8],"to":[4.3,7,11],"rotation":{"angle":-22.5,"axis":"z","origin":[2,4.5,9.5]},"faces":{"north":{"uv":[2.5,6.5,3.5,7.25],"texture":"#2"},"east":{"uv":[7.25,5.75,8,6.5],"texture":"#2"},"south":{"uv":[3.5,6.5,4.5,7.25],"texture":"#2"},"west":{"uv":[6,7.25,6.75,8],"texture":"#2"},"up":{"uv":[8,5.75,7,5],"texture":"#2"},"down":{"uv":[6,7.25,5,8],"texture":"#2"}}},{"from":[-2,3,10],"to":[1,6,10],"rotation":{"angle":-22.5,"axis":"z","origin":[-0.5,3.5,10]},"faces":{"north":{"uv":[7.25,6.5,8,7.25],"texture":"#2"},"east":{"uv":[0,0,0,0.75],"texture":"#2"},"south":{"uv":[6.75,7.25,7.5,8],"texture":"#2"},"west":{"uv":[0,0,0,0.75],"texture":"#2"},"up":{"uv":[0.75,0,0,0],"texture":"#2"},"down":{"uv":[0.75,0,0,0],"texture":"#2"}}},{"from":[3,8.5,3],"to":[13,8.5,13],"faces":{"north":{"uv":[0,0,2.5,0],"texture":"#2"},"east":{"uv":[0,0,2.5,0],"texture":"#2"},"south":{"uv":[0,0,2.5,0],"texture":"#2"},"west":{"uv":[0,0,2.5,0],"texture":"#2"},"up":{"uv":[2.5,2.5,0,0],"texture":"#2"},"down":{"uv":[2.5,2.5,0,5],"texture":"#2"}}},{"from":[3,3.5,13],"to":[13,8.5,13],"faces":{"north":{"uv":[7,3.75,9.5,5],"texture":"#2"},"east":{"uv":[0,0,0,1.25],"texture":"#2"},"south":{"uv":[2.5,7.25,5,8.5],"texture":"#2"},"west":{"uv":[0,0,0,1.25],"texture":"#2"},"up":{"uv":[2.5,0,0,0],"texture":"#2"},"down":{"uv":[2.5,0,0,0],"texture":"#2"}}},{"from":[13,3.5,3],"to":[13,8.5,13],"faces":{"north":{"uv":[0,0,0,1.25],"texture":"#2"},"east":{"uv":[7,1.25,9.5,2.5],"texture":"#2"},"south":{"uv":[0,0,0,1.25],"texture":"#2"},"west":{"uv":[7,2.5,9.5,3.75],"texture":"#2"},"up":{"uv":[0,2.5,0,0],"texture":"#2"},"down":{"uv":[0,0,0,2.5],"texture":"#2"}}},{"from":[3,3.5,3],"to":[3,8.5,13],"faces":{"north":{"uv":[0,0,0,1.25],"texture":"#2"},"east":{"uv":[0,6.25,2.5,7.5],"texture":"#2"},"south":{"uv":[0,0,0,1.25],"texture":"#2"},"west":{"uv":[7,0,9.5,1.25],"texture":"#2"},"up":{"uv":[0,2.5,0,0],"texture":"#2"},"down":{"uv":[0,0,0,2.5],"texture":"#2"}}},{"from":[3,3.5,3],"to":[13,8.5,3],"faces":{"north":{"uv":[0,5,2.5,6.25],"texture":"#2"},"east":{"uv":[0,0,0,1.25],"texture":"#2"},"south":{"uv":[4.75,6,7.25,7.25],"texture":"#2"},"west":{"uv":[0,0,0,1.25],"texture":"#2"},"up":{"uv":[2.5,0,0,0],"texture":"#2"},"down":{"uv":[2.5,0,0,0],"texture":"#2"}}}],"display":{"thirdperson_righthand":{"rotation":[75,45,0],"translation":[0,2.5,0],"scale":[0.375,0.375,0.375]},"thirdperson_lefthand":{"rotation":[75,45,0],"translation":[0,2.5,0],"scale":[0.375,0.375,0.375]},"firstperson_righthand":{"rotation":[0,45,0],"scale":[0.4,0.4,0.4]},"firstperson_lefthand":{"rotation":[0,225,0],"scale":[0.4,0.4,0.4]},"ground":{"translation":[0,3,0],"scale":[0.25,0.25,0.25]},"gui":{"rotation":[30,225,0],"scale":[0.625,0.625,0.625]},"fixed":{"rotation":[-90,0,0],"translation":[0,0,-15.5],"scale":[2,2,2]}}}