{"credit":"MadewithBlockbench","texture_size":[256,256],"textures":{"1":"sled_race_pack:sled_race_pack/winter_tree_decorated","particle":"sled_race_pack:sled_race_pack/winter_tree_decorated"},"elements":[{"from":[6,-16,6],"to":[10,14,10],"rotation":{"angle":0,"axis":"y","origin":[0,3,0]},"faces":{"north":{"uv":[0.75,5.6875,1,7.5625],"texture":"#1"},"east":{"uv":[5.125,6.1875,5.375,8.0625],"texture":"#1"},"south":{"uv":[5.375,6.1875,5.625,8.0625],"texture":"#1"},"west":{"uv":[5.625,6.1875,5.875,8.0625],"texture":"#1"},"up":{"uv":[6.5625,5.1875,6.3125,4.9375],"texture":"#1"},"down":{"uv":[0.75,6.4375,0.5,6.6875],"texture":"#1"}}},{"from":[-10,-6,-2],"to":[8,-6,18],"rotation":{"angle":22.5,"axis":"z","origin":[7.5,-6,8]},"faces":{"north":{"uv":[0,0,1.125,0],"texture":"#1"},"east":{"uv":[0,0,1.25,0],"texture":"#1"},"south":{"uv":[0,0,1.125,0],"texture":"#1"},"west":{"uv":[0,0,1.25,0],"texture":"#1"},"up":{"uv":[1.125,1.25,0,0],"texture":"#1"},"down":{"uv":[2.25,0,1.125,1.25],"texture":"#1"}}},{"from":[-9,-1,-1],"to":[8,-1,17],"rotation":{"angle":22.5,"axis":"z","origin":[7.5,-1,8]},"faces":{"north":{"uv":[0,0,1.0625,0],"texture":"#1"},"east":{"uv":[0,0,1.125,0],"texture":"#1"},"south":{"uv":[0,0,1.0625,0],"texture":"#1"},"west":{"uv":[0,0,1.125,0],"texture":"#1"},"up":{"uv":[2.3125,4.5,1.25,3.375],"texture":"#1"},"down":{"uv":[3.375,3.375,2.3125,4.5],"texture":"#1"}}},{"from":[-6,8,1],"to":[8,8,15],"rotation":{"angle":45,"axis":"z","origin":[7.5,8,8]},"faces":{"north":{"uv":[0,0,0.875,0],"texture":"#1"},"east":{"uv":[0,0,0.875,0],"texture":"#1"},"south":{"uv":[0,0,0.875,0],"texture":"#1"},"west":{"uv":[0,0,0.875,0],"texture":"#1"},"up":{"uv":[2.125,3.375,1.25,2.5],"texture":"#1"},"down":{"uv":[5,5.3125,4.125,6.1875],"texture":"#1"}}},{"from":[-8,3,0],"to":[8,3,16],"rotation":{"angle":22.5,"axis":"z","origin":[7.5,3,8]},"faces":{"north":{"uv":[0,0,1,0],"texture":"#1"},"east":{"uv":[0,0,1,0],"texture":"#1"},"south":{"uv":[0,0,1,0],"texture":"#1"},"west":{"uv":[0,0,1,0],"texture":"#1"},"up":{"uv":[5.4375,5.3125,4.4375,4.3125],"texture":"#1"},"down":{"uv":[2.125,4.5,1.125,5.5],"texture":"#1"}}},{"from":[-3,18,3],"to":[8,18,13],"rotation":{"angle":45,"axis":"z","origin":[7.5,18,8]},"faces":{"north":{"uv":[0,0,0.6875,0],"texture":"#1"},"east":{"uv":[0,0,0.625,0],"texture":"#1"},"south":{"uv":[0,0,0.6875,0],"texture":"#1"},"west":{"uv":[0,0,0.625,0],"texture":"#1"},"up":{"uv":[6.3125,3,5.625,2.375],"texture":"#1"},"down":{"uv":[7,2.375,6.3125,3],"texture":"#1"}}},{"from":[-4,13,2],"to":[8,13,14],"rotation":{"angle":45,"axis":"z","origin":[7.5,13,8]},"faces":{"north":{"uv":[0,0,0.75,0],"texture":"#1"},"east":{"uv":[0,0,0.75,0],"texture":"#1"},"south":{"uv":[0,0,0.75,0],"texture":"#1"},"west":{"uv":[0,0,0.75,0],"texture":"#1"},"up":{"uv":[6.3125,3.75,5.5625,3],"texture":"#1"},"down":{"uv":[6.375,0.875,5.625,1.625],"texture":"#1"}}},{"from":[-2,23,4],"to":[8,23,12],"rotation":{"angle":45,"axis":"z","origin":[7.5,23,8]},"faces":{"north":{"uv":[0,0,0.625,0],"texture":"#1"},"east":{"uv":[0,0,0.5,0],"texture":"#1"},"south":{"uv":[0,0,0.625,0],"texture":"#1"},"west":{"uv":[0,0,0.5,0],"texture":"#1"},"up":{"uv":[6.1875,4.25,5.5625,3.75],"texture":"#1"},"down":{"uv":[2.25,6.375,1.625,6.875],"texture":"#1"}}},{"from":[7.5,19.5,5],"to":[7.5,28.5,11],"rotation":{"angle":-22.5,"axis":"z","origin":[7.5,28,8]},"faces":{"north":{"uv":[0,0,0,0.5625],"texture":"#1"},"east":{"uv":[6.625,5.8125,7,6.375],"texture":"#1"},"south":{"uv":[0,0,0,0.5625],"texture":"#1"},"west":{"uv":[6.625,6.375,7,6.9375],"texture":"#1"},"up":{"uv":[0,0.375,0,0],"texture":"#1"},"down":{"uv":[0,0,0,0.375],"texture":"#1"}}},{"from":[8,-6,-2],"to":[26,-6,18],"rotation":{"angle":-22.5,"axis":"z","origin":[8.5,-6,8]},"faces":{"north":{"uv":[0,0,1.125,0],"texture":"#1"},"east":{"uv":[0,0,1.25,0],"texture":"#1"},"south":{"uv":[0,0,1.125,0],"texture":"#1"},"west":{"uv":[0,0,1.25,0],"texture":"#1"},"up":{"uv":[1.125,2.5,0,1.25],"texture":"#1"},"down":{"uv":[2.25,1.25,1.125,2.5],"texture":"#1"}}},{"from":[8,-1,-1],"to":[25,-1,17],"rotation":{"angle":-22.5,"axis":"z","origin":[8.5,-1,8]},"faces":{"north":{"uv":[0,0,1.0625,0],"texture":"#1"},"east":{"uv":[0,0,1.125,0],"texture":"#1"},"south":{"uv":[0,0,1.0625,0],"texture":"#1"},"west":{"uv":[0,0,1.125,0],"texture":"#1"},"up":{"uv":[4.4375,4.5,3.375,3.375],"texture":"#1"},"down":{"uv":[4.5625,0,3.5,1.125],"texture":"#1"}}},{"from":[8,3,0],"to":[24,3,16],"rotation":{"angle":-22.5,"axis":"z","origin":[8.5,3,8]},"faces":{"north":{"uv":[0,0,1,0],"texture":"#1"},"east":{"uv":[0,0,1,0],"texture":"#1"},"south":{"uv":[0,0,1,0],"texture":"#1"},"west":{"uv":[0,0,1,0],"texture":"#1"},"up":{"uv":[3.125,5.5,2.125,4.5],"texture":"#1"},"down":{"uv":[4.125,4.5,3.125,5.5],"texture":"#1"}}},{"from":[8,8,1],"to":[22,8,15],"rotation":{"angle":-45,"axis":"z","origin":[8.5,8,8]},"faces":{"north":{"uv":[0,0,0.875,0],"texture":"#1"},"east":{"uv":[0,0,0.875,0],"texture":"#1"},"south":{"uv":[0,0,0.875,0],"texture":"#1"},"west":{"uv":[0,0,0.875,0],"texture":"#1"},"up":{"uv":[5.875,6.1875,5,5.3125],"texture":"#1"},"down":{"uv":[6.3125,4.3125,5.4375,5.1875],"texture":"#1"}}},{"from":[8,13,2],"to":[20,13,14],"rotation":{"angle":-45,"axis":"z","origin":[8.5,13,8]},"faces":{"north":{"uv":[0,0,0.75,0],"texture":"#1"},"east":{"uv":[0,0,0.75,0],"texture":"#1"},"south":{"uv":[0,0,0.75,0],"texture":"#1"},"west":{"uv":[0,0,0.75,0],"texture":"#1"},"up":{"uv":[6.375,2.375,5.625,1.625],"texture":"#1"},"down":{"uv":[0.75,5.6875,0,6.4375],"texture":"#1"}}},{"from":[8,18,3],"to":[19,18,13],"rotation":{"angle":-45,"axis":"z","origin":[8.5,18,8]},"faces":{"north":{"uv":[0,0,0.6875,0],"texture":"#1"},"east":{"uv":[0,0,0.625,0],"texture":"#1"},"south":{"uv":[0,0,0.6875,0],"texture":"#1"},"west":{"uv":[0,0,0.625,0],"texture":"#1"},"up":{"uv":[7,3.625,6.3125,3],"texture":"#1"},"down":{"uv":[7,3.625,6.3125,4.25],"texture":"#1"}}},{"from":[8.5,19.5,5],"to":[8.5,28.5,11],"rotation":{"angle":22.5,"axis":"z","origin":[8.5,28,8]},"faces":{"north":{"uv":[0,0,0,0.5625],"texture":"#1"},"east":{"uv":[5.875,6.6875,6.25,7.25],"texture":"#1"},"south":{"uv":[0,0,0,0.5625],"texture":"#1"},"west":{"uv":[6.25,6.6875,6.625,7.25],"texture":"#1"},"up":{"uv":[0,0.375,0,0],"texture":"#1"},"down":{"uv":[0,0,0,0.375],"texture":"#1"}}},{"from":[8,23,4],"to":[18,23,12],"rotation":{"angle":-45,"axis":"z","origin":[8.5,23,8]},"faces":{"north":{"uv":[0,0,0.625,0],"texture":"#1"},"east":{"uv":[0,0,0.5,0],"texture":"#1"},"south":{"uv":[0,0,0.625,0],"texture":"#1"},"west":{"uv":[0,0,0.5,0],"texture":"#1"},"up":{"uv":[2.875,6.875,2.25,6.375],"texture":"#1"},"down":{"uv":[3.5,6.375,2.875,6.875],"texture":"#1"}}},{"from":[-2,-4.77907,-15.13805],"to":[18,-4.77907,2.86195],"rotation":{"angle":-22.5,"axis":"x","origin":[8,7.52584,8]},"faces":{"north":{"uv":[0,0,1.25,0],"texture":"#1"},"east":{"uv":[0,0,1.125,0],"texture":"#1"},"south":{"uv":[0,0,1.25,0],"texture":"#1"},"west":{"uv":[0,0,1.125,0],"texture":"#1"},"up":{"uv":[3.5,1.125,2.25,0],"texture":"#1"},"down":{"uv":[3.5,1.125,2.25,2.25],"texture":"#1"}}},{"from":[-1,-0.15967,-12.22464],"to":[17,-0.15967,4.77536],"rotation":{"angle":-22.5,"axis":"x","origin":[8,7.52584,8]},"faces":{"north":{"uv":[0,0,1.125,0],"texture":"#1"},"east":{"uv":[0,0,1.0625,0],"texture":"#1"},"south":{"uv":[0,0,1.125,0],"texture":"#1"},"west":{"uv":[0,0,1.0625,0],"texture":"#1"},"up":{"uv":[4.625,2.1875,3.5,1.125],"texture":"#1"},"down":{"uv":[4.625,2.1875,3.5,3.25],"texture":"#1"}}},{"from":[0,3.53585,-9.6939],"to":[16,3.53585,6.3061],"rotation":{"angle":-22.5,"axis":"x","origin":[8,7.52584,8]},"faces":{"north":{"uv":[0,0,1,0],"texture":"#1"},"east":{"uv":[0,0,1,0],"texture":"#1"},"south":{"uv":[0,0,1,0],"texture":"#1"},"west":{"uv":[0,0,1,0],"texture":"#1"},"up":{"uv":[5.5625,1,4.5625,0],"texture":"#1"},"down":{"uv":[5.625,1,4.625,2],"texture":"#1"}}},{"from":[1,8.21467,-5.51827],"to":[15,8.21467,8.48173],"rotation":{"angle":-45,"axis":"x","origin":[8,7.52584,8]},"faces":{"north":{"uv":[0,0,0.875,0],"texture":"#1"},"east":{"uv":[0,0,0.875,0],"texture":"#1"},"south":{"uv":[0,0,0.875,0],"texture":"#1"},"west":{"uv":[0,0,0.875,0],"texture":"#1"},"up":{"uv":[1.875,6.375,1,5.5],"texture":"#1"},"down":{"uv":[2.75,5.5,1.875,6.375],"texture":"#1"}}},{"from":[2,11.75021,0.01726],"to":[14,11.75021,12.01726],"rotation":{"angle":-45,"axis":"x","origin":[8,7.52584,8]},"faces":{"north":{"uv":[0,0,0.75,0],"texture":"#1"},"east":{"uv":[0,0,0.75,0],"texture":"#1"},"south":{"uv":[0,0,0.75,0],"texture":"#1"},"west":{"uv":[0,0,0.75,0],"texture":"#1"},"up":{"uv":[6.625,5.9375,5.875,5.1875],"texture":"#1"},"down":{"uv":[6.625,5.9375,5.875,6.6875],"texture":"#1"}}},{"from":[3,15.28574,4.5528],"to":[13,15.28574,15.5528],"rotation":{"angle":-45,"axis":"x","origin":[8,7.52584,8]},"faces":{"north":{"uv":[0,0,0.625,0],"texture":"#1"},"east":{"uv":[0,0,0.6875,0],"texture":"#1"},"south":{"uv":[0,0,0.625,0],"texture":"#1"},"west":{"uv":[0,0,0.6875,0],"texture":"#1"},"up":{"uv":[6.9375,4.9375,6.3125,4.25],"texture":"#1"},"down":{"uv":[7,0.875,6.375,1.5625],"texture":"#1"}}},{"from":[5,17.75016,-0.29706],"to":[11,26.75016,-0.29706],"rotation":{"angle":22.5,"axis":"x","origin":[8,7.52584,8]},"faces":{"north":{"uv":[1.625,6.875,2,7.4375],"texture":"#1"},"east":{"uv":[0,0,0,0.5625],"texture":"#1"},"south":{"uv":[2,6.875,2.375,7.4375],"texture":"#1"},"west":{"uv":[0,0,0,0.5625],"texture":"#1"},"up":{"uv":[0.375,0,0,0],"texture":"#1"},"down":{"uv":[0.375,0,0,0],"texture":"#1"}}},{"from":[4,18.82128,9.08833],"to":[12,18.82128,19.08833],"rotation":{"angle":-45,"axis":"x","origin":[8,7.52584,8]},"faces":{"north":{"uv":[0,0,0.5,0],"texture":"#1"},"east":{"uv":[0,0,0.625,0],"texture":"#1"},"south":{"uv":[0,0,0.5,0],"texture":"#1"},"west":{"uv":[0,0,0.625,0],"texture":"#1"},"up":{"uv":[4.125,6.125,3.625,5.5],"texture":"#1"},"down":{"uv":[0.5,6.4375,0,7.0625],"texture":"#1"}}},{"from":[-2,-4.77907,13.13805],"to":[18,-4.77907,31.13805],"rotation":{"angle":22.5,"axis":"x","origin":[8,7.52584,8]},"faces":{"north":{"uv":[0,0,1.25,0],"texture":"#1"},"east":{"uv":[0,0,1.125,0],"texture":"#1"},"south":{"uv":[0,0,1.25,0],"texture":"#1"},"west":{"uv":[0,0,1.125,0],"texture":"#1"},"up":{"uv":[3.5,3.375,2.25,2.25],"texture":"#1"},"down":{"uv":[1.25,2.5,0,3.625],"texture":"#1"}}},{"from":[0,3.53585,9.6939],"to":[16,3.53585,25.6939],"rotation":{"angle":22.5,"axis":"x","origin":[8,7.52584,8]},"faces":{"north":{"uv":[0,0,1,0],"texture":"#1"},"east":{"uv":[0,0,1,0],"texture":"#1"},"south":{"uv":[0,0,1,0],"texture":"#1"},"west":{"uv":[0,0,1,0],"texture":"#1"},"up":{"uv":[5.625,3,4.625,2],"texture":"#1"},"down":{"uv":[1,4.6875,0,5.6875],"texture":"#1"}}},{"from":[-1,-0.15967,11.22464],"to":[17,-0.15967,28.22464],"rotation":{"angle":22.5,"axis":"x","origin":[8,7.52584,8]},"faces":{"north":{"uv":[0,0,1.125,0],"texture":"#1"},"east":{"uv":[0,0,1.0625,0],"texture":"#1"},"south":{"uv":[0,0,1.125,0],"texture":"#1"},"west":{"uv":[0,0,1.0625,0],"texture":"#1"},"up":{"uv":[1.125,4.6875,0,3.625],"texture":"#1"},"down":{"uv":[5.5625,3.25,4.4375,4.3125],"texture":"#1"}}},{"from":[2,11.75021,3.98274],"to":[14,11.75021,15.98274],"rotation":{"angle":45,"axis":"x","origin":[8,7.52584,8]},"faces":{"north":{"uv":[0,0,0.75,0],"texture":"#1"},"east":{"uv":[0,0,0.75,0],"texture":"#1"},"south":{"uv":[0,0,0.75,0],"texture":"#1"},"west":{"uv":[0,0,0.75,0],"texture":"#1"},"up":{"uv":[4.375,6.9375,3.625,6.1875],"texture":"#1"},"down":{"uv":[5.125,6.1875,4.375,6.9375],"texture":"#1"}}},{"from":[1,8.21467,7.51827],"to":[15,8.21467,21.51827],"rotation":{"angle":45,"axis":"x","origin":[8,7.52584,8]},"faces":{"north":{"uv":[0,0,0.875,0],"texture":"#1"},"east":{"uv":[0,0,0.875,0],"texture":"#1"},"south":{"uv":[0,0,0.875,0],"texture":"#1"},"west":{"uv":[0,0,0.875,0],"texture":"#1"},"up":{"uv":[3.625,6.375,2.75,5.5],"texture":"#1"},"down":{"uv":[6.4375,0,5.5625,0.875],"texture":"#1"}}},{"from":[3,15.28574,0.4472],"to":[13,15.28574,11.4472],"rotation":{"angle":45,"axis":"x","origin":[8,7.52584,8]},"faces":{"north":{"uv":[0,0,0.625,0],"texture":"#1"},"east":{"uv":[0,0,0.6875,0],"texture":"#1"},"south":{"uv":[0,0,0.625,0],"texture":"#1"},"west":{"uv":[0,0,0.6875,0],"texture":"#1"},"up":{"uv":[1.625,7.0625,1,6.375],"texture":"#1"},"down":{"uv":[7,1.5625,6.375,2.25],"texture":"#1"}}},{"from":[4,18.82128,-3.08833],"to":[12,18.82128,6.91167],"rotation":{"angle":45,"axis":"x","origin":[8,7.52584,8]},"faces":{"north":{"uv":[0,0,0.5,0],"texture":"#1"},"east":{"uv":[0,0,0.625,0],"texture":"#1"},"south":{"uv":[0,0,0.5,0],"texture":"#1"},"west":{"uv":[0,0,0.625,0],"texture":"#1"},"up":{"uv":[6.9375,0.625,6.4375,0],"texture":"#1"},"down":{"uv":[7.125,4.9375,6.625,5.5625],"texture":"#1"}}},{"from":[5,17.75016,16.29706],"to":[11,26.75016,16.29706],"rotation":{"angle":-22.5,"axis":"x","origin":[8,7.52584,8]},"faces":{"north":{"uv":[2.375,6.875,2.75,7.4375],"texture":"#1"},"east":{"uv":[0,0,0,0.5625],"texture":"#1"},"south":{"uv":[2.75,6.875,3.125,7.4375],"texture":"#1"},"west":{"uv":[0,0,0,0.5625],"texture":"#1"},"up":{"uv":[0.375,0,0,0],"texture":"#1"},"down":{"uv":[0.375,0,0,0],"texture":"#1"}}},{"from":[5.5,27,8],"to":[10.5,32,8],"rotation":{"angle":45,"axis":"y","origin":[8,29.5,8]},"faces":{"north":{"uv":[4.125,4.5,4.4375,4.8125],"texture":"#1"},"east":{"uv":[0,0,0,0.3125],"texture":"#1"},"south":{"uv":[4.125,4.8125,4.4375,5.125],"texture":"#1"},"west":{"uv":[0,0,0,0.3125],"texture":"#1"},"up":{"uv":[0.3125,0,0,0],"texture":"#1"},"down":{"uv":[0.3125,0,0,0],"texture":"#1"}}},{"from":[5.5,27,8],"to":[10.5,32,8],"rotation":{"angle":-45,"axis":"y","origin":[8,29.5,8]},"faces":{"north":{"uv":[6.9375,4.25,7.25,4.5625],"texture":"#1"},"east":{"uv":[0,0,0,0.3125],"texture":"#1"},"south":{"uv":[6.9375,4.5625,7.25,4.875],"texture":"#1"},"west":{"uv":[0,0,0,0.3125],"texture":"#1"},"up":{"uv":[0.3125,0,0,0],"texture":"#1"},"down":{"uv":[0.3125,0,0,0],"texture":"#1"}}},{"from":[1.78178,15.28319,4],"to":[1.78178,19.28319,12],"rotation":{"angle":-22.5,"axis":"z","origin":[1.78178,17.28319,8]},"faces":{"north":{"uv":[0,0,0,0.25],"texture":"#1"},"east":{"uv":[3.75,6.9375,4.25,7.1875],"texture":"#1"},"south":{"uv":[0,0,0,0.25],"texture":"#1"},"west":{"uv":[4.25,6.9375,4.75,7.1875],"texture":"#1"},"up":{"uv":[0,0.5,0,0],"texture":"#1"},"down":{"uv":[0,0,0,0.5],"texture":"#1"}}},{"from":[0.07467,7.57609,3],"to":[0.07467,11.57609,13],"rotation":{"angle":-22.5,"axis":"z","origin":[0.07467,9.57609,8]},"faces":{"north":{"uv":[0,0,0,0.25],"texture":"#1"},"east":{"uv":[6.9375,0.25,7.5625,0.5],"texture":"#1"},"south":{"uv":[0,0,0,0.25],"texture":"#1"},"west":{"uv":[3.125,6.9375,3.75,7.1875],"texture":"#1"},"up":{"uv":[0,0.625,0,0],"texture":"#1"},"down":{"uv":[0,0,0,0.625],"texture":"#1"}}},{"from":[-0.63244,0.86898,2],"to":[-0.63244,4.86898,14],"rotation":{"angle":-22.5,"axis":"z","origin":[-0.63244,2.86898,8]},"faces":{"north":{"uv":[0,0,0,0.25],"texture":"#1"},"east":{"uv":[4.625,3,5.375,3.25],"texture":"#1"},"south":{"uv":[0,0,0,0.25],"texture":"#1"},"west":{"uv":[6.9375,0,7.6875,0.25],"texture":"#1"},"up":{"uv":[0,0.75,0,0],"texture":"#1"},"down":{"uv":[0,0,0,0.75],"texture":"#1"}}},{"from":[-5.82052,-6.93067,0],"to":[-5.82052,-2.93067,16],"rotation":{"angle":-22.5,"axis":"z","origin":[-5.82052,-4.93067,8]},"faces":{"north":{"uv":[0,0,0,0.25],"texture":"#1"},"east":{"uv":[6.4375,0.625,7.4375,0.875],"texture":"#1"},"south":{"uv":[0,0,0,0.25],"texture":"#1"},"west":{"uv":[6.625,5.5625,7.625,5.8125],"texture":"#1"},"up":{"uv":[0,1,0,0],"texture":"#1"},"down":{"uv":[0,0,0,1],"texture":"#1"}}},{"from":[21.82052,-6.93067,0],"to":[21.82052,-2.93067,16],"rotation":{"angle":22.5,"axis":"z","origin":[21.82052,-4.93067,8]},"faces":{"north":{"uv":[0,0,0,0.25],"texture":"#1"},"east":{"uv":[7.625,5.5625,6.625,5.8125],"texture":"#1"},"south":{"uv":[0,0,0,0.25],"texture":"#1"},"west":{"uv":[7.4375,0.625,6.4375,0.875],"texture":"#1"},"up":{"uv":[0,1,0,0],"texture":"#1"},"down":{"uv":[0,0,0,1],"texture":"#1"}}},{"from":[16.63244,0.86898,2],"to":[16.63244,4.86898,14],"rotation":{"angle":22.5,"axis":"z","origin":[16.63244,2.86898,8]},"faces":{"north":{"uv":[0,0,0,0.25],"texture":"#1"},"east":{"uv":[7.6875,0,6.9375,0.25],"texture":"#1"},"south":{"uv":[0,0,0,0.25],"texture":"#1"},"west":{"uv":[5.375,3,4.625,3.25],"texture":"#1"},"up":{"uv":[0,0.75,0,0],"texture":"#1"},"down":{"uv":[0,0,0,0.75],"texture":"#1"}}},{"from":[15.92533,7.57609,3],"to":[15.92533,11.57609,13],"rotation":{"angle":22.5,"axis":"z","origin":[15.92533,9.57609,8]},"faces":{"north":{"uv":[0,0,0,0.25],"texture":"#1"},"east":{"uv":[3.75,6.9375,3.125,7.1875],"texture":"#1"},"south":{"uv":[0,0,0,0.25],"texture":"#1"},"west":{"uv":[7.5625,0.25,6.9375,0.5],"texture":"#1"},"up":{"uv":[0,0.625,0,0],"texture":"#1"},"down":{"uv":[0,0,0,0.625],"texture":"#1"}}},{"from":[14.21822,15.28319,4],"to":[14.21822,19.28319,12],"rotation":{"angle":22.5,"axis":"z","origin":[14.21822,17.28319,8]},"faces":{"north":{"uv":[0,0,0,0.25],"texture":"#1"},"east":{"uv":[4.75,6.9375,4.25,7.1875],"texture":"#1"},"south":{"uv":[0,0,0,0.25],"texture":"#1"},"west":{"uv":[4.25,6.9375,3.75,7.1875],"texture":"#1"},"up":{"uv":[0,0.5,0,0],"texture":"#1"},"down":{"uv":[0,0,0,0.5],"texture":"#1"}}},{"from":[4,15.28319,1.78178],"to":[12,19.28319,1.78178],"rotation":{"angle":22.5,"axis":"x","origin":[8,17.28319,1.78178]},"faces":{"north":{"uv":[4.25,6.9375,4.75,7.1875],"texture":"#1"},"east":{"uv":[0,0,0,0.25],"texture":"#1"},"south":{"uv":[3.75,6.9375,4.25,7.1875],"texture":"#1"},"west":{"uv":[0,0,0,0.25],"texture":"#1"},"up":{"uv":[0,0.5,0,0],"rotation":90,"texture":"#1"},"down":{"uv":[0,0,0,0.5],"rotation":270,"texture":"#1"}}},{"from":[3,7.57609,0.07467],"to":[13,11.57609,0.07467],"rotation":{"angle":22.5,"axis":"x","origin":[8,9.57609,0.07467]},"faces":{"north":{"uv":[3.125,6.9375,3.75,7.1875],"texture":"#1"},"east":{"uv":[0,0,0,0.25],"texture":"#1"},"south":{"uv":[6.9375,0.25,7.5625,0.5],"texture":"#1"},"west":{"uv":[0,0,0,0.25],"texture":"#1"},"up":{"uv":[0,0.625,0,0],"rotation":90,"texture":"#1"},"down":{"uv":[0,0,0,0.625],"rotation":270,"texture":"#1"}}},{"from":[2,0.86898,-0.63244],"to":[14,4.86898,-0.63244],"rotation":{"angle":22.5,"axis":"x","origin":[8,2.86898,-0.63244]},"faces":{"north":{"uv":[6.9375,0,7.6875,0.25],"texture":"#1"},"east":{"uv":[0,0,0,0.25],"texture":"#1"},"south":{"uv":[4.625,3,5.375,3.25],"texture":"#1"},"west":{"uv":[0,0,0,0.25],"texture":"#1"},"up":{"uv":[0,0.75,0,0],"rotation":90,"texture":"#1"},"down":{"uv":[0,0,0,0.75],"rotation":270,"texture":"#1"}}},{"from":[0,-6.93067,-5.82052],"to":[16,-2.93067,-5.82052],"rotation":{"angle":22.5,"axis":"x","origin":[8,-4.93067,-5.82052]},"faces":{"north":{"uv":[6.625,5.5625,7.625,5.8125],"texture":"#1"},"east":{"uv":[0,0,0,0.25],"texture":"#1"},"south":{"uv":[6.4375,0.625,7.4375,0.875],"texture":"#1"},"west":{"uv":[0,0,0,0.25],"texture":"#1"},"up":{"uv":[0,1,0,0],"rotation":90,"texture":"#1"},"down":{"uv":[0,0,0,1],"rotation":270,"texture":"#1"}}},{"from":[4,15.28319,14.21822],"to":[12,19.28319,14.21822],"rotation":{"angle":-22.5,"axis":"x","origin":[8,17.28319,14.21822]},"faces":{"north":{"uv":[4.25,6.9375,3.75,7.1875],"texture":"#1"},"east":{"uv":[0,0,0,0.25],"texture":"#1"},"south":{"uv":[4.75,6.9375,4.25,7.1875],"texture":"#1"},"west":{"uv":[0,0,0,0.25],"texture":"#1"},"up":{"uv":[0,0.5,0,0],"rotation":90,"texture":"#1"},"down":{"uv":[0,0,0,0.5],"rotation":270,"texture":"#1"}}},{"from":[3,7.57609,15.92533],"to":[13,11.57609,15.92533],"rotation":{"angle":-22.5,"axis":"x","origin":[8,9.57609,15.92533]},"faces":{"north":{"uv":[7.5625,0.25,6.9375,0.5],"texture":"#1"},"east":{"uv":[0,0,0,0.25],"texture":"#1"},"south":{"uv":[3.75,6.9375,3.125,7.1875],"texture":"#1"},"west":{"uv":[0,0,0,0.25],"texture":"#1"},"up":{"uv":[0,0.625,0,0],"rotation":90,"texture":"#1"},"down":{"uv":[0,0,0,0.625],"rotation":270,"texture":"#1"}}},{"from":[2,0.86898,16.63244],"to":[14,4.86898,16.63244],"rotation":{"angle":-22.5,"axis":"x","origin":[8,2.86898,16.63244]},"faces":{"north":{"uv":[5.375,3,4.625,3.25],"texture":"#1"},"east":{"uv":[0,0,0,0.25],"texture":"#1"},"south":{"uv":[7.6875,0,6.9375,0.25],"texture":"#1"},"west":{"uv":[0,0,0,0.25],"texture":"#1"},"up":{"uv":[0,0.75,0,0],"rotation":90,"texture":"#1"},"down":{"uv":[0,0,0,0.75],"rotation":270,"texture":"#1"}}},{"from":[0,-6.93067,21.82052],"to":[16,-2.93067,21.82052],"rotation":{"angle":-22.5,"axis":"x","origin":[8,-4.93067,21.82052]},"faces":{"north":{"uv":[7.4375,0.625,6.4375,0.875],"texture":"#1"},"east":{"uv":[0,0,0,0.25],"texture":"#1"},"south":{"uv":[7.625,5.5625,6.625,5.8125],"texture":"#1"},"west":{"uv":[0,0,0,0.25],"texture":"#1"},"up":{"uv":[0,1,0,0],"rotation":90,"texture":"#1"},"down":{"uv":[0,0,0,1],"rotation":270,"texture":"#1"}}}],"display":{"thirdperson_righthand":{"rotation":[75,45,0],"translation":[0,2.5,0],"scale":[0.375,0.375,0.375]},"thirdperson_lefthand":{"rotation":[75,45,0],"translation":[0,2.5,0],"scale":[0.375,0.375,0.375]},"firstperson_righthand":{"rotation":[0,45,0],"scale":[0.4,0.4,0.4]},"firstperson_lefthand":{"rotation":[0,225,0],"scale":[0.4,0.4,0.4]},"ground":{"translation":[0,3,0],"scale":[0.25,0.25,0.25]},"gui":{"rotation":[30,225,0],"scale":[0.3,0.3,0.3]},"fixed":{"rotation":[-90,0,0],"translation":[0,0,-48],"scale":[2,2,2]}}}