{"textures":{"0":"modelengine:entity/green_crewmate_texture"},"elements":[{"name":"right_hand","from":[8.0,5.6,6.8],"to":[9.2,8.0,9.8],"rotation":{"angle":0.0,"axis":"x","origin":[8.0,8.0,8.0]},"faces":{"down":{"uv":[3.0,9.5,2.5,10.75],"rotation":0,"texture":"#0","tintindex":0},"east":{"uv":[8.25,6.0,9.5,7.0],"rotation":0,"texture":"#0","tintindex":0},"north":{"uv":[3.25,9.5,3.75,10.5],"rotation":0,"texture":"#0","tintindex":0},"south":{"uv":[7.0,9.5,7.5,10.5],"rotation":0,"texture":"#0","tintindex":0},"up":{"uv":[6.75,10.5,6.25,9.25],"rotation":0,"texture":"#0","tintindex":0},"west":{"uv":[7.25,8.25,8.5,9.25],"rotation":0,"texture":"#0","tintindex":0}}},{"name":"right_hand_outline","from":[9.38,8.18,9.98],"to":[7.8199997,5.42,6.62],"rotation":{"angle":0.0,"axis":"x","origin":[8.0,8.0,8.0]},"faces":{"down":{"uv":[10.75,0.5,10.75,0.5],"rotation":180,"texture":"#0","tintindex":0},"east":{"uv":[10.75,0.5,10.75,0.5],"rotation":180,"texture":"#0","tintindex":0},"north":{"uv":[10.75,0.5,10.75,0.5],"rotation":180,"texture":"#0","tintindex":0},"south":{"uv":[10.75,0.5,10.75,0.5],"rotation":180,"texture":"#0","tintindex":0},"up":{"uv":[10.75,0.5,10.75,0.5],"rotation":180,"texture":"#0","tintindex":0},"west":{"uv":[10.75,0.5,10.75,0.5],"rotation":180,"texture":"#0","tintindex":0}}}],"display":{"head":{"translation":[0.0,-6.4,0.0],"rotation":[0.0,0.0,0.0],"scale":[3.8095,3.8095,3.8095]}}}