{"textures":{"0":"modelengine:entity/jackpot_mc"},"elements":[{"name":"cube","from":[8.729437,6.674489,7.544385],"to":[9.689438,10.03449,8.624385],"rotation":{"angle":0.0,"axis":"x","origin":[14.969438,7.7544894,7.784385]},"faces":{"down":{"uv":[7.75,13.0,7.5,13.25],"rotation":0,"texture":"#0","tintindex":0},"east":{"uv":[0.5,9.25,0.75,10.0],"rotation":0,"texture":"#0","tintindex":0},"north":{"uv":[0.25,9.25,0.5,10.0],"rotation":0,"texture":"#0","tintindex":0},"south":{"uv":[0.75,9.25,1.0,10.0],"rotation":0,"texture":"#0","tintindex":0},"up":{"uv":[5.875,13.25,5.625,13.0],"rotation":0,"texture":"#0","tintindex":0},"west":{"uv":[1.0,9.25,1.25,10.0],"rotation":0,"texture":"#0","tintindex":0}}},{"name":"cube","from":[7.4843397,6.6763163,7.546065],"to":[8.367977,7.0409255,8.623665],"rotation":{"angle":0.0,"axis":"x","origin":[14.849177,7.7551165,7.784865]},"faces":{"down":{"uv":[13.625,2.25,13.5,2.5],"rotation":0,"texture":"#0","tintindex":0},"east":{"uv":[9.75,8.125,10.0,8.25],"rotation":0,"texture":"#0","tintindex":0},"north":{"uv":[11.0,1.125,11.125,1.25],"rotation":0,"texture":"#0","tintindex":0},"south":{"uv":[11.0,4.125,11.125,4.25],"rotation":0,"texture":"#0","tintindex":0},"up":{"uv":[2.375,13.75,2.25,13.5],"rotation":0,"texture":"#0","tintindex":0},"west":{"uv":[10.0,8.125,10.25,8.25],"rotation":0,"texture":"#0","tintindex":0}}},{"name":"cube","from":[7.34691,6.526316,7.546665],"to":[8.517977,7.100502,8.623665],"rotation":{"angle":0.0,"axis":"x","origin":[14.849177,7.7551165,7.784865]},"faces":{"down":{"uv":[8.875,13.0,8.625,13.25],"rotation":0,"texture":"#0","tintindex":0},"east":{"uv":[6.5,10.75,6.75,10.875],"rotation":0,"texture":"#0","tintindex":0},"north":{"uv":[10.75,4.125,11.0,4.25],"rotation":0,"texture":"#0","tintindex":0},"south":{"uv":[11.375,11.25,11.625,11.375],"rotation":0,"texture":"#0","tintindex":0},"up":{"uv":[13.25,8.25,13.0,8.0],"rotation":0,"texture":"#0","tintindex":0},"west":{"uv":[11.625,2.875,11.875,3.0],"rotation":0,"texture":"#0","tintindex":0}}},{"name":"cube","from":[7.595362,9.713911,7.546185],"to":[8.367912,10.032505,8.623185],"rotation":{"angle":0.0,"axis":"x","origin":[14.969438,7.7544894,7.784385]},"faces":{"down":{"uv":[2.625,13.5,2.5,13.75],"rotation":0,"texture":"#0","tintindex":0},"east":{"uv":[11.75,11.125,12.0,11.25],"rotation":0,"texture":"#0","tintindex":0},"north":{"uv":[4.875,11.0,5.0,11.125],"rotation":0,"texture":"#0","tintindex":0},"south":{"uv":[11.125,2.625,11.25,2.75],"rotation":0,"texture":"#0","tintindex":0},"up":{"uv":[2.5,13.75,2.375,13.5],"rotation":0,"texture":"#0","tintindex":0},"west":{"uv":[10.5,11.875,10.75,12.0],"rotation":0,"texture":"#0","tintindex":0}}},{"name":"cube","from":[7.457932,9.654334,7.546785],"to":[8.517913,10.182506,8.623185],"rotation":{"angle":0.0,"axis":"x","origin":[14.969438,7.7544894,7.784385]},"faces":{"down":{"uv":[9.375,13.0,9.125,13.25],"rotation":0,"texture":"#0","tintindex":0},"east":{"uv":[12.125,4.25,12.375,4.375],"rotation":0,"texture":"#0","tintindex":0},"north":{"uv":[12.0,11.625,12.25,11.75],"rotation":0,"texture":"#0","tintindex":0},"south":{"uv":[6.0,12.25,6.25,12.375],"rotation":0,"texture":"#0","tintindex":0},"up":{"uv":[9.125,13.25,8.875,13.0],"rotation":0,"texture":"#0","tintindex":0},"west":{"uv":[7.5,12.375,7.75,12.5],"rotation":0,"texture":"#0","tintindex":0}}},{"name":"cube","from":[8.580637,6.525689,7.5455847],"to":[9.838238,10.18329,8.623185],"rotation":{"angle":0.0,"axis":"x","origin":[14.969438,7.7544894,7.784385]},"faces":{"down":{"uv":[9.875,13.0,9.625,13.25],"rotation":0,"texture":"#0","tintindex":0},"east":{"uv":[1.5,9.25,1.75,10.0],"rotation":0,"texture":"#0","tintindex":0},"north":{"uv":[1.25,9.25,1.5,10.0],"rotation":0,"texture":"#0","tintindex":0},"south":{"uv":[1.75,9.25,2.0,10.0],"rotation":0,"texture":"#0","tintindex":0},"up":{"uv":[9.625,13.25,9.375,13.0],"rotation":0,"texture":"#0","tintindex":0},"west":{"uv":[9.25,2.0,9.5,2.75],"rotation":0,"texture":"#0","tintindex":0}}},{"name":"cube","from":[9.610569,2.833889,7.543785],"to":[10.571768,6.1950893,8.624985],"rotation":{"angle":0.0,"axis":"x","origin":[13.451169,7.7544894,7.784385]},"faces":{"down":{"uv":[10.375,13.0,10.125,13.25],"rotation":0,"texture":"#0","tintindex":0},"east":{"uv":[9.25,4.25,9.5,5.0],"rotation":0,"texture":"#0","tintindex":0},"north":{"uv":[9.25,2.75,9.5,3.5],"rotation":0,"texture":"#0","tintindex":0},"south":{"uv":[9.25,5.0,9.5,5.75],"rotation":0,"texture":"#0","tintindex":0},"up":{"uv":[10.125,13.25,9.875,13.0],"rotation":0,"texture":"#0","tintindex":0},"west":{"uv":[9.25,6.25,9.5,7.0],"rotation":0,"texture":"#0","tintindex":0}}},{"name":"cube","from":[8.28264,5.667116,7.544385],"to":[9.24264,6.347139,8.624385],"rotation":{"angle":-45.0,"axis":"z","origin":[8.76264,4.6671386,7.784385]},"faces":{"down":{"uv":[10.875,13.0,10.625,13.25],"rotation":0,"texture":"#0","tintindex":0},"east":{"uv":[12.5,8.0,12.75,8.125],"rotation":0,"texture":"#0","tintindex":0},"north":{"uv":[12.375,12.125,12.625,12.25],"rotation":0,"texture":"#0","tintindex":0},"south":{"uv":[13.375,12.0,13.625,12.125],"rotation":0,"texture":"#0","tintindex":0},"up":{"uv":[10.625,13.25,10.375,13.0],"rotation":0,"texture":"#0","tintindex":0},"west":{"uv":[2.625,13.5,2.875,13.625],"rotation":0,"texture":"#0","tintindex":0}}},{"name":"cube","from":[7.3226404,4.084195,7.544385],"to":[8.28264,5.7230177,8.624385],"rotation":{"angle":45.0,"axis":"z","origin":[7.80264,6.364195,7.784385]},"faces":{"down":{"uv":[11.375,13.0,11.125,13.25],"rotation":0,"texture":"#0","tintindex":0},"east":{"uv":[11.875,5.875,12.125,6.25],"rotation":0,"texture":"#0","tintindex":0},"north":{"uv":[5.625,11.875,5.875,12.25],"rotation":0,"texture":"#0","tintindex":0},"south":{"uv":[11.875,6.25,12.125,6.625],"rotation":0,"texture":"#0","tintindex":0},"up":{"uv":[11.125,13.25,10.875,13.0],"rotation":0,"texture":"#0","tintindex":0},"west":{"uv":[11.875,6.625,12.125,7.0],"rotation":0,"texture":"#0","tintindex":0}}},{"name":"cube","from":[7.6905684,2.833889,7.543785],"to":[8.651769,6.1950893,8.624985],"rotation":{"angle":0.0,"axis":"x","origin":[13.451169,7.7544894,7.784385]},"faces":{"down":{"uv":[11.875,13.0,11.625,13.25],"rotation":0,"texture":"#0","tintindex":0},"east":{"uv":[9.25,9.0,9.5,9.75],"rotation":0,"texture":"#0","tintindex":0},"north":{"uv":[9.25,7.0,9.5,7.75],"rotation":0,"texture":"#0","tintindex":0},"south":{"uv":[9.5,2.0,9.75,2.75],"rotation":0,"texture":"#0","tintindex":0},"up":{"uv":[11.625,13.25,11.375,13.0],"rotation":0,"texture":"#0","tintindex":0},"west":{"uv":[9.5,2.75,9.75,3.5],"rotation":0,"texture":"#0","tintindex":0}}},{"name":"cube","from":[9.461768,2.6850896,7.544985],"to":[10.720569,6.3438897,8.623785],"rotation":{"angle":0.0,"axis":"x","origin":[13.451169,7.7544894,7.784385]},"faces":{"down":{"uv":[12.125,13.0,11.875,13.25],"rotation":0,"texture":"#0","tintindex":0},"east":{"uv":[9.5,5.0,9.75,5.75],"rotation":0,"texture":"#0","tintindex":0},"north":{"uv":[9.5,4.25,9.75,5.0],"rotation":0,"texture":"#0","tintindex":0},"south":{"uv":[9.5,6.25,9.75,7.0],"rotation":0,"texture":"#0","tintindex":0},"up":{"uv":[13.25,11.875,13.0,11.625],"rotation":0,"texture":"#0","tintindex":0},"west":{"uv":[9.5,7.0,9.75,7.75],"rotation":0,"texture":"#0","tintindex":0}}},{"name":"cube","from":[8.133841,5.5183163,7.5455847],"to":[9.09144,6.3459387,8.623185],"rotation":{"angle":-45.0,"axis":"z","origin":[8.76264,4.6671386,7.784385]},"faces":{"down":{"uv":[13.25,12.125,13.0,12.375],"rotation":0,"texture":"#0","tintindex":0},"east":{"uv":[2.875,13.5,3.125,13.625],"rotation":0,"texture":"#0","tintindex":0},"north":{"uv":[13.5,2.75,13.75,2.875],"rotation":0,"texture":"#0","tintindex":0},"south":{"uv":[13.5,2.875,13.75,3.0],"rotation":0,"texture":"#0","tintindex":0},"up":{"uv":[12.375,13.25,12.125,13.0],"rotation":0,"texture":"#0","tintindex":0},"west":{"uv":[13.5,3.0,13.75,3.125],"rotation":0,"texture":"#0","tintindex":0}}},{"name":"cube","from":[7.17384,3.9353948,7.5455847],"to":[8.43144,5.721818,8.623185],"rotation":{"angle":45.0,"axis":"z","origin":[7.80264,6.364195,7.784385]},"faces":{"down":{"uv":[13.25,12.875,13.0,13.125],"rotation":0,"texture":"#0","tintindex":0},"east":{"uv":[11.875,7.375,12.125,7.75],"rotation":0,"texture":"#0","tintindex":0},"north":{"uv":[11.875,7.0,12.125,7.375],"rotation":0,"texture":"#0","tintindex":0},"south":{"uv":[7.75,11.875,8.0,12.25],"rotation":0,"texture":"#0","tintindex":0},"up":{"uv":[12.625,13.25,12.375,13.0],"rotation":0,"texture":"#0","tintindex":0},"west":{"uv":[11.875,7.75,12.125,8.125],"rotation":0,"texture":"#0","tintindex":0}}},{"name":"cube","from":[7.541768,2.6850896,7.544985],"to":[8.800568,6.3438897,8.623785],"rotation":{"angle":0.0,"axis":"x","origin":[13.451169,7.7544894,7.784385]},"faces":{"down":{"uv":[0.5,13.125,0.25,13.375],"rotation":0,"texture":"#0","tintindex":0},"east":{"uv":[9.75,2.0,10.0,2.75],"rotation":0,"texture":"#0","tintindex":0},"north":{"uv":[9.5,9.0,9.75,9.75],"rotation":0,"texture":"#0","tintindex":0},"south":{"uv":[9.75,2.75,10.0,3.5],"rotation":0,"texture":"#0","tintindex":0},"up":{"uv":[0.25,13.375,0.0,13.125],"rotation":0,"texture":"#0","tintindex":0},"west":{"uv":[9.75,4.25,10.0,5.0],"rotation":0,"texture":"#0","tintindex":0}}},{"name":"cube","from":[8.016288,6.363399,7.5448647],"to":[8.9753275,8.0424385,8.623905],"rotation":{"angle":-22.5,"axis":"z","origin":[9.455808,8.042919,7.784385]},"faces":{"down":{"uv":[13.5,0.25,13.25,0.5],"rotation":0,"texture":"#0","tintindex":0},"east":{"uv":[8.25,11.875,8.5,12.25],"rotation":0,"texture":"#0","tintindex":0},"north":{"uv":[8.0,11.875,8.25,12.25],"rotation":0,"texture":"#0","tintindex":0},"south":{"uv":[8.5,11.875,8.75,12.25],"rotation":0,"texture":"#0","tintindex":0},"up":{"uv":[13.5,0.25,13.25,0.0],"rotation":0,"texture":"#0","tintindex":0},"west":{"uv":[8.75,11.875,9.0,12.25],"rotation":0,"texture":"#0","tintindex":0}}},{"name":"cube","from":[7.868088,6.365199,7.5466647],"to":[9.123528,8.040639,8.622106],"rotation":{"angle":-22.5,"axis":"z","origin":[9.455808,8.042919,7.784385]},"faces":{"down":{"uv":[13.5,0.75,13.25,1.0],"rotation":0,"texture":"#0","tintindex":0},"east":{"uv":[9.25,11.875,9.5,12.25],"rotation":0,"texture":"#0","tintindex":0},"north":{"uv":[9.0,11.875,9.25,12.25],"rotation":0,"texture":"#0","tintindex":0},"south":{"uv":[9.5,11.875,9.75,12.25],"rotation":0,"texture":"#0","tintindex":0},"up":{"uv":[13.5,0.75,13.25,0.5],"rotation":0,"texture":"#0","tintindex":0},"west":{"uv":[9.75,11.875,10.0,12.25],"rotation":0,"texture":"#0","tintindex":0}}},{"name":"cube","from":[7.2730236,8.447184,7.544985],"to":[8.111824,10.125982,8.623785],"rotation":{"angle":22.5,"axis":"z","origin":[8.472424,10.7265835,7.784385]},"faces":{"down":{"uv":[9.5,13.5,9.375,13.75],"rotation":0,"texture":"#0","tintindex":0},"east":{"uv":[10.0,11.875,10.25,12.25],"rotation":0,"texture":"#0","tintindex":0},"north":{"uv":[10.125,7.75,10.25,8.125],"rotation":0,"texture":"#0","tintindex":0},"south":{"uv":[4.25,13.375,4.375,13.75],"rotation":0,"texture":"#0","tintindex":0},"up":{"uv":[9.375,13.75,9.25,13.5],"rotation":0,"texture":"#0","tintindex":0},"west":{"uv":[10.25,11.875,10.5,12.25],"rotation":0,"texture":"#0","tintindex":0}}},{"name":"cube","from":[7.1248236,8.898983,7.546785],"to":[8.260023,10.124184,8.621985],"rotation":{"angle":22.5,"axis":"z","origin":[8.472424,10.7265835,7.784385]},"faces":{"down":{"uv":[2.25,13.25,2.0,13.5],"rotation":0,"texture":"#0","tintindex":0},"east":{"uv":[13.25,1.25,13.5,1.5],"rotation":0,"texture":"#0","tintindex":0},"north":{"uv":[13.25,1.0,13.5,1.25],"rotation":0,"texture":"#0","tintindex":0},"south":{"uv":[13.25,1.5,13.5,1.75],"rotation":0,"texture":"#0","tintindex":0},"up":{"uv":[13.5,2.0,13.25,1.75],"rotation":0,"texture":"#0","tintindex":0},"west":{"uv":[1.75,13.25,2.0,13.5],"rotation":0,"texture":"#0","tintindex":0}}},{"name":"cube","from":[6.371168,2.8344893,7.544385],"to":[7.331168,6.1944895,8.624385],"rotation":{"angle":0.0,"axis":"x","origin":[13.451169,7.7544894,7.904385]},"faces":{"down":{"uv":[11.0,13.25,10.75,13.5],"rotation":0,"texture":"#0","tintindex":0},"east":{"uv":[10.0,7.0,10.25,7.75],"rotation":0,"texture":"#0","tintindex":0},"north":{"uv":[10.0,6.25,10.25,7.0],"rotation":0,"texture":"#0","tintindex":0},"south":{"uv":[10.0,9.0,10.25,9.75],"rotation":0,"texture":"#0","tintindex":0},"up":{"uv":[10.75,13.5,10.5,13.25],"rotation":0,"texture":"#0","tintindex":0},"west":{"uv":[10.0,9.75,10.25,10.5],"rotation":0,"texture":"#0","tintindex":0}}},{"name":"cube","from":[5.411168,5.2344894,7.544385],"to":[6.371168,6.1944895,8.624385],"rotation":{"angle":0.0,"axis":"x","origin":[13.451169,7.7544894,7.904385]},"faces":{"down":{"uv":[12.25,13.25,12.0,13.5],"rotation":0,"texture":"#0","tintindex":0},"east":{"uv":[11.25,13.25,11.5,13.5],"rotation":0,"texture":"#0","tintindex":0},"north":{"uv":[11.0,13.25,11.25,13.5],"rotation":0,"texture":"#0","tintindex":0},"south":{"uv":[11.5,13.25,11.75,13.5],"rotation":0,"texture":"#0","tintindex":0},"up":{"uv":[12.0,13.5,11.75,13.25],"rotation":0,"texture":"#0","tintindex":0},"west":{"uv":[13.25,11.5,13.5,11.75],"rotation":0,"texture":"#0","tintindex":0}}},{"name":"cube","from":[5.411168,2.8344893,7.544385],"to":[6.371168,3.7944891,8.624385],"rotation":{"angle":0.0,"axis":"x","origin":[13.451169,7.7544894,7.904385]},"faces":{"down":{"uv":[0.75,13.375,0.5,13.625],"rotation":0,"texture":"#0","tintindex":0},"east":{"uv":[12.25,13.25,12.5,13.5],"rotation":0,"texture":"#0","tintindex":0},"north":{"uv":[13.25,12.125,13.5,12.375],"rotation":0,"texture":"#0","tintindex":0},"south":{"uv":[13.25,12.875,13.5,13.125],"rotation":0,"texture":"#0","tintindex":0},"up":{"uv":[0.5,13.625,0.25,13.375],"rotation":0,"texture":"#0","tintindex":0},"west":{"uv":[0.0,13.375,0.25,13.625],"rotation":0,"texture":"#0","tintindex":0}}},{"name":"cube","from":[6.2217684,2.6850896,7.544985],"to":[7.4805684,6.3438897,8.623785],"rotation":{"angle":0.0,"axis":"x","origin":[13.451169,7.7544894,7.904385]},"faces":{"down":{"uv":[1.25,13.375,1.0,13.625],"rotation":0,"texture":"#0","tintindex":0},"east":{"uv":[10.25,2.75,10.5,3.5],"rotation":0,"texture":"#0","tintindex":0},"north":{"uv":[10.25,2.0,10.5,2.75],"rotation":0,"texture":"#0","tintindex":0},"south":{"uv":[10.25,4.25,10.5,5.0],"rotation":0,"texture":"#0","tintindex":0},"up":{"uv":[1.0,13.625,0.75,13.375],"rotation":0,"texture":"#0","tintindex":0},"west":{"uv":[10.25,5.0,10.5,5.75],"rotation":0,"texture":"#0","tintindex":0}}},{"name":"cube","from":[5.2617683,5.085089,7.544985],"to":[6.2205687,6.3438897,8.623785],"rotation":{"angle":0.0,"axis":"x","origin":[13.451169,7.7544894,7.904385]},"faces":{"down":{"uv":[4.25,13.375,4.0,13.625],"rotation":0,"texture":"#0","tintindex":0},"east":{"uv":[1.5,13.375,1.75,13.625],"rotation":0,"texture":"#0","tintindex":0},"north":{"uv":[1.25,13.375,1.5,13.625],"rotation":0,"texture":"#0","tintindex":0},"south":{"uv":[13.375,2.5,13.625,2.75],"rotation":0,"texture":"#0","tintindex":0},"up":{"uv":[4.0,13.625,3.75,13.375],"rotation":0,"texture":"#0","tintindex":0},"west":{"uv":[3.5,13.375,3.75,13.625],"rotation":0,"texture":"#0","tintindex":0}}},{"name":"cube","from":[5.2617683,2.6850896,7.544985],"to":[6.2205687,3.9438891,8.623785],"rotation":{"angle":0.0,"axis":"x","origin":[13.451169,7.7544894,7.904385]},"faces":{"down":{"uv":[13.625,5.0,13.375,5.25],"rotation":0,"texture":"#0","tintindex":0},"east":{"uv":[13.375,4.5,13.625,4.75],"rotation":0,"texture":"#0","tintindex":0},"north":{"uv":[13.375,4.25,13.625,4.5],"rotation":0,"texture":"#0","tintindex":0},"south":{"uv":[4.625,13.375,4.875,13.625],"rotation":0,"texture":"#0","tintindex":0},"up":{"uv":[5.125,13.625,4.875,13.375],"rotation":0,"texture":"#0","tintindex":0},"west":{"uv":[13.375,4.75,13.625,5.0],"rotation":0,"texture":"#0","tintindex":0}}}],"display":{"head":{"translation":[0.0,-6.4,0.0],"rotation":[0.0,0.0,0.0],"scale":[3.8095,3.8095,3.8095]}}}