{"textures":{"0":"modelengine:entity/crate5"},"elements":[{"name":"cube","from":[4.32961,8.777162,5.2080307],"to":[9.72961,11.777162,8.208031],"rotation":{"angle":-45.0,"axis":"x","origin":[8.0,11.56913,8.0]},"faces":{"down":{"uv":[4.75,9.0,3.625,9.625],"rotation":0,"texture":"#0","tintindex":0},"east":{"uv":[0.875,12.375,1.5,13.0],"rotation":0,"texture":"#0","tintindex":0},"north":{"uv":[3.625,9.0,4.75,9.625],"rotation":0,"texture":"#0","tintindex":0},"south":{"uv":[7.0,9.0,5.875,9.625],"rotation":0,"texture":"#0","tintindex":0},"up":{"uv":[7.0,9.625,5.875,9.0],"rotation":0,"texture":"#0","tintindex":0},"west":{"uv":[4.5,12.375,5.125,13.0],"rotation":0,"texture":"#0","tintindex":0}}},{"name":"cube","from":[8.162359,8.314802,6.9623585],"to":[10.562359,13.114802,9.362358],"rotation":{"angle":45.0,"axis":"y","origin":[9.2,11.86913,8.0]},"faces":{"down":{"uv":[15.0,10.75,14.5,11.25],"rotation":0,"texture":"#0","tintindex":0},"east":{"uv":[4.625,11.375,5.125,12.375],"rotation":0,"texture":"#0","tintindex":0},"north":{"uv":[1.0,11.375,1.5,12.375],"rotation":0,"texture":"#0","tintindex":0},"south":{"uv":[5.125,11.375,4.625,12.375],"rotation":0,"texture":"#0","tintindex":0},"up":{"uv":[15.0,8.25,14.5,7.75],"rotation":0,"texture":"#0","tintindex":0},"west":{"uv":[1.5,11.375,1.0,12.375],"rotation":0,"texture":"#0","tintindex":0}}},{"name":"cube","from":[6.5,3.4397151,9.705443],"to":[9.5,8.839716,12.105443],"rotation":{"angle":-22.5,"axis":"x","origin":[8.0,8.292282,8.0]},"faces":{"down":{"uv":[14.5,4.5,13.875,5.0],"rotation":0,"texture":"#0","tintindex":0},"east":{"uv":[4.0,10.25,3.5,11.375],"rotation":0,"texture":"#0","tintindex":0},"north":{"uv":[3.5,10.25,4.0,11.375],"rotation":0,"texture":"#0","tintindex":0},"south":{"uv":[9.875,1.875,9.25,3.0],"rotation":0,"texture":"#0","tintindex":0},"up":{"uv":[14.5,4.5,13.875,4.0],"rotation":0,"texture":"#0","tintindex":0},"west":{"uv":[4.0,10.25,3.5,11.375],"rotation":0,"texture":"#0","tintindex":0}}},{"name":"cube","from":[6.4994,7.9685297,4.3993998],"to":[9.5006,10.36973,11.6006],"rotation":{"angle":0.0,"axis":"x","origin":[8.0,8.292282,8.0]},"faces":{"down":{"uv":[3.625,8.375,3.0,9.875],"rotation":0,"texture":"#0","tintindex":0},"east":{"uv":[8.625,4.125,10.125,4.625],"rotation":0,"texture":"#0","tintindex":0},"north":{"uv":[6.5,13.875,7.125,14.375],"rotation":0,"texture":"#0","tintindex":0},"south":{"uv":[13.875,6.75,14.5,7.25],"rotation":0,"texture":"#0","tintindex":0},"up":{"uv":[3.0,9.875,2.375,8.375],"rotation":0,"texture":"#0","tintindex":0},"west":{"uv":[8.625,4.125,10.125,4.625],"rotation":0,"texture":"#0","tintindex":0}}},{"name":"cube","from":[6.5,3.4397151,3.8945565],"to":[9.5,8.839716,6.2945566],"rotation":{"angle":22.5,"axis":"x","origin":[8.0,8.292282,8.0]},"faces":{"down":{"uv":[14.5,11.0,13.875,11.5],"rotation":0,"texture":"#0","tintindex":0},"east":{"uv":[3.5,10.25,4.0,11.375],"rotation":0,"texture":"#0","tintindex":0},"north":{"uv":[9.25,1.875,9.875,3.0],"rotation":0,"texture":"#0","tintindex":0},"south":{"uv":[4.0,10.25,3.5,11.375],"rotation":0,"texture":"#0","tintindex":0},"up":{"uv":[14.5,8.5,13.875,8.0],"rotation":0,"texture":"#0","tintindex":0},"west":{"uv":[3.5,10.25,4.0,11.375],"rotation":0,"texture":"#0","tintindex":0}}}],"display":{"head":{"translation":[0.0,-6.4,0.0],"rotation":[0.0,0.0,0.0],"scale":[3.8095,3.8095,3.8095]}}}