{"textures":{"0":"modelengine:entity/crate5"},"elements":[{"name":"cube","from":[6.2,6.2,6.2],"to":[9.8,9.8,9.8],"rotation":{"angle":45.0,"axis":"x","origin":[8.0,8.0,8.0]},"faces":{"down":{"uv":[11.375,9.875,10.625,10.625],"rotation":0,"texture":"#0","tintindex":0},"east":{"uv":[11.375,9.875,10.625,10.625],"rotation":0,"texture":"#0","tintindex":0},"north":{"uv":[11.375,9.875,10.625,10.625],"rotation":0,"texture":"#0","tintindex":0},"south":{"uv":[11.375,9.875,10.625,10.625],"rotation":0,"texture":"#0","tintindex":0},"up":{"uv":[11.375,9.875,10.625,10.625],"rotation":0,"texture":"#0","tintindex":0},"west":{"uv":[11.375,9.875,10.625,10.625],"rotation":0,"texture":"#0","tintindex":0}}}],"display":{"head":{"translation":[0.0,-6.4,0.0],"rotation":[0.0,0.0,0.0],"scale":[3.8095,3.8095,3.8095]}}}