{"textures":{"0":"modelengine:entity/crate5"},"elements":[{"name":"cube","from":[5.437641,8.314802,6.9623585],"to":[7.837641,13.114802,9.362358],"rotation":{"angle":-45.0,"axis":"y","origin":[6.8,11.86913,8.0]},"faces":{"down":{"uv":[1.0,14.625,0.5,15.125],"rotation":0,"texture":"#0","tintindex":0},"east":{"uv":[1.0,11.375,1.5,12.375],"rotation":0,"texture":"#0","tintindex":0},"north":{"uv":[1.5,11.375,1.0,12.375],"rotation":0,"texture":"#0","tintindex":0},"south":{"uv":[4.625,11.375,5.125,12.375],"rotation":0,"texture":"#0","tintindex":0},"up":{"uv":[14.5,8.25,15.0,7.75],"rotation":0,"texture":"#0","tintindex":0},"west":{"uv":[5.125,11.375,4.625,12.375],"rotation":0,"texture":"#0","tintindex":0}}},{"name":"cube","from":[6.5,4.853076,10.4],"to":[9.5,10.253077,12.8],"rotation":{"angle":-22.5,"axis":"x","origin":[8.0,7.253076,11.900001]},"faces":{"down":{"uv":[14.0,13.875,13.375,14.375],"rotation":0,"texture":"#0","tintindex":0},"east":{"uv":[3.5,10.25,4.0,11.375],"rotation":0,"texture":"#0","tintindex":0},"north":{"uv":[4.0,10.25,3.5,11.375],"rotation":0,"texture":"#0","tintindex":0},"south":{"uv":[9.25,1.875,9.875,3.0],"rotation":0,"texture":"#0","tintindex":0},"up":{"uv":[13.375,14.375,12.75,13.875],"rotation":0,"texture":"#0","tintindex":0},"west":{"uv":[4.0,10.25,3.5,11.375],"rotation":0,"texture":"#0","tintindex":0}}},{"name":"cube","from":[6.4994,7.9685297,4.3993998],"to":[9.5006,10.36973,11.6006],"rotation":{"angle":0.0,"axis":"x","origin":[8.0,6.7691298,9.05]},"faces":{"down":{"uv":[1.25,8.5,0.625,10.0],"rotation":0,"texture":"#0","tintindex":0},"east":{"uv":[8.625,4.125,10.125,4.625],"rotation":0,"texture":"#0","tintindex":0},"north":{"uv":[1.75,14.0,2.375,14.5],"rotation":0,"texture":"#0","tintindex":0},"south":{"uv":[2.375,14.0,3.0,14.5],"rotation":0,"texture":"#0","tintindex":0},"up":{"uv":[2.375,9.875,3.0,8.375],"rotation":0,"texture":"#0","tintindex":0},"west":{"uv":[8.625,4.125,10.125,4.625],"rotation":0,"texture":"#0","tintindex":0}}},{"name":"cube","from":[6.27039,8.777162,5.2080307],"to":[11.67039,11.777162,8.208031],"rotation":{"angle":-45.0,"axis":"x","origin":[8.0,11.56913,8.0]},"faces":{"down":{"uv":[3.625,9.0,4.75,9.625],"rotation":0,"texture":"#0","tintindex":0},"east":{"uv":[4.5,12.375,5.125,13.0],"rotation":0,"texture":"#0","tintindex":0},"north":{"uv":[4.75,9.0,3.625,9.625],"rotation":0,"texture":"#0","tintindex":0},"south":{"uv":[5.875,9.0,7.0,9.625],"rotation":0,"texture":"#0","tintindex":0},"up":{"uv":[5.875,9.625,7.0,9.0],"rotation":0,"texture":"#0","tintindex":0},"west":{"uv":[5.625,12.375,6.25,13.0],"rotation":0,"texture":"#0","tintindex":0}}},{"name":"cube","from":[6.5,4.853076,3.1999998],"to":[9.5,10.253077,5.6],"rotation":{"angle":22.5,"axis":"x","origin":[8.0,7.253076,4.1]},"faces":{"down":{"uv":[14.625,9.25,14.0,9.75],"rotation":0,"texture":"#0","tintindex":0},"east":{"uv":[4.0,10.25,3.5,11.375],"rotation":0,"texture":"#0","tintindex":0},"north":{"uv":[9.875,1.875,9.25,3.0],"rotation":0,"texture":"#0","tintindex":0},"south":{"uv":[3.5,10.25,4.0,11.375],"rotation":0,"texture":"#0","tintindex":0},"up":{"uv":[14.625,7.75,14.0,7.25],"rotation":0,"texture":"#0","tintindex":0},"west":{"uv":[3.5,10.25,4.0,11.375],"rotation":0,"texture":"#0","tintindex":0}}}],"display":{"head":{"translation":[0.0,-6.4,0.0],"rotation":[0.0,0.0,0.0],"scale":[3.8095,3.8095,3.8095]}}}