{"textures":{"0":"modelengine:entity/crate5"},"elements":[{"name":"cube","from":[2.4499998,1.8499998,3.6499999],"to":[4.85,3.6499999,7.25],"rotation":{"angle":22.5,"axis":"y","origin":[3.1999998,2.7499998,6.8]},"faces":{"down":{"uv":[13.875,3.75,13.375,4.5],"rotation":0,"texture":"#0","tintindex":0},"east":{"uv":[7.125,6.25,7.875,6.625],"rotation":0,"texture":"#0","tintindex":0},"north":{"uv":[10.0,9.125,10.5,9.5],"rotation":0,"texture":"#0","tintindex":0},"south":{"uv":[10.5,1.375,11.0,1.75],"rotation":0,"texture":"#0","tintindex":0},"up":{"uv":[13.375,4.5,13.875,5.25],"rotation":0,"texture":"#0","tintindex":0},"west":{"uv":[15.25,3.0,14.5,3.375],"rotation":0,"texture":"#0","tintindex":0}}},{"name":"cube","from":[5.8999996,1.5499997,3.4999998],"to":[10.1,3.9499998,12.5],"rotation":{"angle":0.0,"axis":"x","origin":[8.0,-1.0000005,8.0]},"faces":{"down":{"uv":[1.75,6.625,0.875,8.5],"rotation":0,"texture":"#0","tintindex":0},"east":{"uv":[4.625,8.5,6.5,9.0],"rotation":0,"texture":"#0","tintindex":0},"north":{"uv":[12.125,12.25,13.0,12.75],"rotation":0,"texture":"#0","tintindex":0},"south":{"uv":[12.125,12.25,13.0,12.75],"rotation":0,"texture":"#0","tintindex":0},"up":{"uv":[0.875,8.5,0.0,6.625],"rotation":0,"texture":"#0","tintindex":0},"west":{"uv":[8.625,3.625,10.5,4.125],"rotation":0,"texture":"#0","tintindex":0}}},{"name":"cube","from":[1.6999998,1.5499997,5.8999996],"to":[14.3,3.9499998,10.1],"rotation":{"angle":0.0,"axis":"x","origin":[8.0,-1.0000005,8.0]},"faces":{"down":{"uv":[7.375,4.875,4.75,5.75],"rotation":0,"texture":"#0","tintindex":0},"east":{"uv":[12.125,12.25,13.0,12.75],"rotation":0,"texture":"#0","tintindex":0},"north":{"uv":[7.125,3.125,9.75,3.625],"rotation":0,"texture":"#0","tintindex":0},"south":{"uv":[7.125,5.75,9.75,6.25],"rotation":0,"texture":"#0","tintindex":0},"up":{"uv":[7.375,4.875,4.75,4.0],"rotation":0,"texture":"#0","tintindex":0},"west":{"uv":[12.125,12.25,13.0,12.75],"rotation":0,"texture":"#0","tintindex":0}}},{"name":"cube","from":[2.2999997,3.6499999,4.1],"to":[13.7,7.85,11.900001],"rotation":{"angle":0.0,"axis":"x","origin":[8.0,-1.0000005,8.0]},"faces":{"down":{"uv":[2.375,1.625,0.0,3.25],"rotation":0,"texture":"#0","tintindex":0},"east":{"uv":[6.375,6.625,8.0,7.5],"rotation":0,"texture":"#0","tintindex":0},"north":{"uv":[4.75,5.75,7.125,6.625],"rotation":0,"texture":"#0","tintindex":0},"south":{"uv":[4.75,5.75,7.125,6.625],"rotation":0,"texture":"#0","tintindex":0},"up":{"uv":[2.375,1.625,0.0,0.0],"rotation":0,"texture":"#0","tintindex":0},"west":{"uv":[6.375,6.625,8.0,7.5],"rotation":0,"texture":"#0","tintindex":0}}},{"name":"cube","from":[6.6499996,1.3999997,2.8999999],"to":[9.35,4.1,13.1],"rotation":{"angle":45.0,"axis":"z","origin":[8.0,2.7499998,8.0]},"faces":{"down":{"uv":[2.375,7.375,1.75,9.5],"rotation":0,"texture":"#0","tintindex":0},"east":{"uv":[7.125,1.875,9.25,2.5],"rotation":0,"texture":"#0","tintindex":0},"north":{"uv":[12.625,10.75,13.25,11.375],"rotation":0,"texture":"#0","tintindex":0},"south":{"uv":[13.25,10.75,12.625,11.375],"rotation":0,"texture":"#0","tintindex":0},"up":{"uv":[4.625,8.875,4.0,6.75],"rotation":0,"texture":"#0","tintindex":0},"west":{"uv":[7.125,2.5,9.25,3.125],"rotation":0,"texture":"#0","tintindex":0}}},{"name":"cube","from":[11.15,1.8499998,8.75],"to":[13.55,3.6499999,12.35],"rotation":{"angle":22.5,"axis":"y","origin":[12.8,2.7499998,9.2]},"faces":{"down":{"uv":[13.875,8.0,13.375,8.75],"rotation":0,"texture":"#0","tintindex":0},"east":{"uv":[15.25,3.0,14.5,3.375],"rotation":0,"texture":"#0","tintindex":0},"north":{"uv":[5.125,12.625,5.625,13.0],"rotation":0,"texture":"#0","tintindex":0},"south":{"uv":[0.0,14.875,0.5,15.25],"rotation":0,"texture":"#0","tintindex":0},"up":{"uv":[13.875,5.25,13.375,4.5],"rotation":0,"texture":"#0","tintindex":0},"west":{"uv":[14.125,12.75,14.875,13.125],"rotation":0,"texture":"#0","tintindex":0}}},{"name":"cube","from":[11.15,1.8499998,3.6499999],"to":[13.55,3.6499999,7.25],"rotation":{"angle":-22.5,"axis":"y","origin":[12.8,2.7499998,6.8]},"faces":{"down":{"uv":[11.75,13.375,11.25,14.125],"rotation":0,"texture":"#0","tintindex":0},"east":{"uv":[15.25,3.0,14.5,3.375],"rotation":0,"texture":"#0","tintindex":0},"north":{"uv":[7.875,14.875,8.375,15.25],"rotation":0,"texture":"#0","tintindex":0},"south":{"uv":[14.875,12.75,15.375,13.125],"rotation":0,"texture":"#0","tintindex":0},"up":{"uv":[13.875,4.5,13.375,5.25],"rotation":0,"texture":"#0","tintindex":0},"west":{"uv":[14.375,0.0,15.125,0.375],"rotation":0,"texture":"#0","tintindex":0}}},{"name":"cube","from":[2.4499998,1.8499998,8.75],"to":[4.85,3.6499999,12.35],"rotation":{"angle":-22.5,"axis":"y","origin":[3.1999998,2.7499998,9.2]},"faces":{"down":{"uv":[12.75,13.375,12.25,14.125],"rotation":0,"texture":"#0","tintindex":0},"east":{"uv":[6.125,14.375,6.875,14.75],"rotation":0,"texture":"#0","tintindex":0},"north":{"uv":[13.125,14.875,13.625,15.25],"rotation":0,"texture":"#0","tintindex":0},"south":{"uv":[15.0,1.75,15.5,2.125],"rotation":0,"texture":"#0","tintindex":0},"up":{"uv":[13.375,5.25,13.875,4.5],"rotation":0,"texture":"#0","tintindex":0},"west":{"uv":[15.25,3.0,14.5,3.375],"rotation":0,"texture":"#0","tintindex":0}}},{"name":"cube","from":[5.3599997,7.55,2.6],"to":[10.639999,10.55,5.6],"rotation":{"angle":0.0,"axis":"x","origin":[8.0,0.19999981,8.0]},"faces":{"down":{"uv":[11.0,1.75,9.875,2.375],"rotation":0,"texture":"#0","tintindex":0},"east":{"uv":[10.0,13.0,10.625,13.625],"rotation":0,"texture":"#0","tintindex":0},"north":{"uv":[6.0,9.625,7.125,10.25],"rotation":0,"texture":"#0","tintindex":0},"south":{"uv":[6.0,9.625,7.125,10.25],"rotation":0,"texture":"#0","tintindex":0},"up":{"uv":[11.0,2.375,9.875,1.75],"rotation":0,"texture":"#0","tintindex":0},"west":{"uv":[10.625,13.0,11.25,13.625],"rotation":0,"texture":"#0","tintindex":0}}},{"name":"cube","from":[5.3599997,7.55,10.4],"to":[10.639999,10.55,13.400001],"rotation":{"angle":0.0,"axis":"x","origin":[8.0,1.9999998,20.0]},"faces":{"down":{"uv":[11.0,2.375,9.875,1.75],"rotation":0,"texture":"#0","tintindex":0},"east":{"uv":[13.0,12.0,13.625,12.625],"rotation":0,"texture":"#0","tintindex":0},"north":{"uv":[6.0,9.625,7.125,10.25],"rotation":0,"texture":"#0","tintindex":0},"south":{"uv":[6.0,9.625,7.125,10.25],"rotation":0,"texture":"#0","tintindex":0},"up":{"uv":[11.0,1.75,9.875,2.375],"rotation":0,"texture":"#0","tintindex":0},"west":{"uv":[1.25,13.125,1.875,13.75],"rotation":0,"texture":"#0","tintindex":0}}},{"name":"cube","from":[13.1,7.85,8.9],"to":[15.5,10.25,12.5],"rotation":{"angle":22.5,"axis":"y","origin":[15.5,9.05,11.900001]},"faces":{"down":{"uv":[1.25,13.75,1.75,14.5],"rotation":0,"texture":"#0","tintindex":0},"east":{"uv":[5.125,13.625,5.875,14.125],"rotation":0,"texture":"#0","tintindex":0},"north":{"uv":[14.625,13.625,15.125,14.125],"rotation":0,"texture":"#0","tintindex":0},"south":{"uv":[14.75,2.125,15.25,2.625],"rotation":0,"texture":"#0","tintindex":0},"up":{"uv":[9.125,13.625,9.625,14.375],"rotation":0,"texture":"#0","tintindex":0},"west":{"uv":[5.125,13.625,5.875,14.125],"rotation":0,"texture":"#0","tintindex":0}}},{"name":"cube","from":[13.1,7.85,3.4999998],"to":[15.5,10.25,7.1],"rotation":{"angle":-22.5,"axis":"y","origin":[15.5,9.05,4.1]},"faces":{"down":{"uv":[1.25,14.5,1.75,13.75],"rotation":0,"texture":"#0","tintindex":0},"east":{"uv":[5.875,13.625,5.125,14.125],"rotation":0,"texture":"#0","tintindex":0},"north":{"uv":[15.25,2.125,14.75,2.625],"rotation":0,"texture":"#0","tintindex":0},"south":{"uv":[14.75,0.875,15.25,1.375],"rotation":0,"texture":"#0","tintindex":0},"up":{"uv":[9.125,14.375,9.625,13.625],"rotation":0,"texture":"#0","tintindex":0},"west":{"uv":[5.875,13.625,5.125,14.125],"rotation":0,"texture":"#0","tintindex":0}}},{"name":"cube","from":[12.05,7.55,5.8999996],"to":[15.05,10.55,10.1],"rotation":{"angle":0.0,"axis":"x","origin":[15.5,9.05,4.1]},"faces":{"down":{"uv":[11.125,3.625,11.75,4.5],"rotation":0,"texture":"#0","tintindex":0},"east":{"uv":[11.0,7.875,11.875,8.5],"rotation":0,"texture":"#0","tintindex":0},"north":{"uv":[5.875,13.125,6.5,13.75],"rotation":0,"texture":"#0","tintindex":0},"south":{"uv":[13.125,6.25,13.75,6.875],"rotation":0,"texture":"#0","tintindex":0},"up":{"uv":[11.125,4.5,11.75,3.625],"rotation":0,"texture":"#0","tintindex":0},"west":{"uv":[11.0,7.875,11.875,8.5],"rotation":0,"texture":"#0","tintindex":0}}},{"name":"cube","from":[0.9499998,7.55,5.8999996],"to":[3.9499998,10.55,10.1],"rotation":{"angle":0.0,"axis":"x","origin":[0.49999976,9.05,4.1]},"faces":{"down":{"uv":[11.75,3.625,11.125,4.5],"rotation":0,"texture":"#0","tintindex":0},"east":{"uv":[11.0,7.875,11.875,8.5],"rotation":0,"texture":"#0","tintindex":0},"north":{"uv":[6.5,13.25,7.125,13.875],"rotation":0,"texture":"#0","tintindex":0},"south":{"uv":[13.25,6.875,13.875,7.5],"rotation":0,"texture":"#0","tintindex":0},"up":{"uv":[11.75,3.625,11.125,4.5],"rotation":0,"texture":"#0","tintindex":0},"west":{"uv":[11.0,7.875,11.875,8.5],"rotation":0,"texture":"#0","tintindex":0}}},{"name":"cube","from":[0.49999976,7.85,3.4999998],"to":[2.8999999,10.25,7.1],"rotation":{"angle":22.5,"axis":"y","origin":[0.49999976,9.05,4.1]},"faces":{"down":{"uv":[9.625,13.625,9.125,14.375],"rotation":0,"texture":"#0","tintindex":0},"east":{"uv":[5.125,13.625,5.875,14.125],"rotation":0,"texture":"#0","tintindex":0},"north":{"uv":[14.75,2.125,15.25,2.625],"rotation":0,"texture":"#0","tintindex":0},"south":{"uv":[14.75,5.0,15.25,5.5],"rotation":0,"texture":"#0","tintindex":0},"up":{"uv":[9.625,14.375,9.125,13.625],"rotation":0,"texture":"#0","tintindex":0},"west":{"uv":[5.125,13.625,5.875,14.125],"rotation":0,"texture":"#0","tintindex":0}}},{"name":"cube","from":[0.49999976,7.85,8.9],"to":[2.8999999,10.25,12.5],"rotation":{"angle":-22.5,"axis":"y","origin":[0.49999976,9.05,11.900001]},"faces":{"down":{"uv":[1.75,13.75,1.25,14.5],"rotation":0,"texture":"#0","tintindex":0},"east":{"uv":[5.875,13.625,5.125,14.125],"rotation":0,"texture":"#0","tintindex":0},"north":{"uv":[14.75,5.5,15.25,6.0],"rotation":0,"texture":"#0","tintindex":0},"south":{"uv":[15.25,2.125,14.75,2.625],"rotation":0,"texture":"#0","tintindex":0},"up":{"uv":[9.625,13.625,9.125,14.375],"rotation":0,"texture":"#0","tintindex":0},"west":{"uv":[5.875,13.625,5.125,14.125],"rotation":0,"texture":"#0","tintindex":0}}}],"display":{"head":{"translation":[0.0,-6.4,0.0],"rotation":[0.0,0.0,0.0],"scale":[3.8095,3.8095,3.8095]}}}