{"textures":{"0":"modelengine:entity/crate5"},"elements":[{"name":"cube","from":[-0.10000038,18.316053,1.3999997],"to":[2.2999997,23.116055,3.7999997],"rotation":{"angle":45.0,"axis":"z","origin":[4.1,16.516054,2.6]},"faces":{"down":{"uv":[13.875,14.375,13.375,14.875],"rotation":0,"texture":"#0","tintindex":0},"east":{"uv":[1.625,10.75,2.125,11.75],"rotation":0,"texture":"#0","tintindex":0},"north":{"uv":[1.25,8.5,1.75,9.5],"rotation":0,"texture":"#0","tintindex":0},"south":{"uv":[1.75,8.5,1.25,9.5],"rotation":0,"texture":"#0","tintindex":0},"up":{"uv":[10.5,1.125,10.0,0.625],"rotation":0,"texture":"#0","tintindex":0},"west":{"uv":[2.125,11.25,2.625,12.25],"rotation":0,"texture":"#0","tintindex":0}}},{"name":"cube","from":[13.7,18.316053,1.3999997],"to":[16.1,23.116055,3.7999997],"rotation":{"angle":-45.0,"axis":"z","origin":[11.900001,16.516054,2.6]},"faces":{"down":{"uv":[15.0,6.625,14.5,7.125],"rotation":0,"texture":"#0","tintindex":0},"east":{"uv":[2.125,11.25,2.625,12.25],"rotation":0,"texture":"#0","tintindex":0},"north":{"uv":[1.75,8.5,1.25,9.5],"rotation":0,"texture":"#0","tintindex":0},"south":{"uv":[1.25,8.5,1.75,9.5],"rotation":0,"texture":"#0","tintindex":0},"up":{"uv":[10.0,1.125,10.5,0.625],"rotation":0,"texture":"#0","tintindex":0},"west":{"uv":[1.625,10.75,2.125,11.75],"rotation":0,"texture":"#0","tintindex":0}}},{"name":"cube","from":[2.6,8.3,-4.0000005],"to":[13.400001,10.700001,-1.0000005],"rotation":{"angle":0.0,"axis":"x","origin":[8.0,10.1,2.6]},"faces":{"down":{"uv":[4.0,6.75,1.75,7.375],"rotation":0,"texture":"#0","tintindex":0},"east":{"uv":[14.0,9.75,14.625,10.25],"rotation":0,"texture":"#0","tintindex":0},"north":{"uv":[5.875,7.5,8.125,8.0],"rotation":0,"texture":"#0","tintindex":0},"south":{"uv":[8.0,6.25,10.25,6.75],"rotation":0,"texture":"#0","tintindex":0},"up":{"uv":[4.0,7.375,1.75,6.75],"rotation":0,"texture":"#0","tintindex":0},"west":{"uv":[14.0,10.25,14.625,10.75],"rotation":0,"texture":"#0","tintindex":0}}},{"name":"cube","from":[5.8999996,8.0,-4.4500003],"to":[10.1,11.0,-1.4500003],"rotation":{"angle":0.0,"axis":"x","origin":[8.0,10.1,2.6]},"faces":{"down":{"uv":[5.375,10.75,4.5,11.375],"rotation":0,"texture":"#0","tintindex":0},"east":{"uv":[6.875,12.5,6.25,13.125],"rotation":0,"texture":"#0","tintindex":0},"north":{"uv":[10.625,10.625,11.5,11.25],"rotation":0,"texture":"#0","tintindex":0},"south":{"uv":[10.875,3.0,11.75,3.625],"rotation":0,"texture":"#0","tintindex":0},"up":{"uv":[5.375,11.375,4.5,10.75],"rotation":0,"texture":"#0","tintindex":0},"west":{"uv":[6.25,12.5,6.875,13.125],"rotation":0,"texture":"#0","tintindex":0}}},{"name":"cube","from":[5.84,7.3399997,-4.1500006],"to":[8.719999,10.220001,-2.3500004],"rotation":{"angle":45.0,"axis":"z","origin":[8.0,9.5,-2.9500003]},"faces":{"down":{"uv":[7.875,14.875,7.25,15.25],"rotation":0,"texture":"#0","tintindex":0},"east":{"uv":[3.625,7.375,4.0,8.0],"rotation":0,"texture":"#0","tintindex":0},"north":{"uv":[12.5,6.5,13.125,7.125],"rotation":0,"texture":"#0","tintindex":0},"south":{"uv":[6.875,12.625,7.5,13.25],"rotation":0,"texture":"#0","tintindex":0},"up":{"uv":[7.25,15.25,6.625,14.875],"rotation":0,"texture":"#0","tintindex":0},"west":{"uv":[3.625,8.0,4.0,8.625],"rotation":0,"texture":"#0","tintindex":0}}},{"name":"cube","from":[0.19999981,8.15,-2.5000005],"to":[3.1999998,10.55,1.0999997],"rotation":{"angle":22.5,"axis":"y","origin":[2.2999997,8.9,-0.40000033]},"faces":{"down":{"uv":[10.25,13.0,10.875,12.25],"rotation":0,"texture":"#0","tintindex":0},"east":{"uv":[12.75,9.0,13.5,9.5],"rotation":0,"texture":"#0","tintindex":0},"north":{"uv":[14.0,13.125,14.625,13.625],"rotation":0,"texture":"#0","tintindex":0},"south":{"uv":[14.0,13.625,14.625,14.125],"rotation":0,"texture":"#0","tintindex":0},"up":{"uv":[10.25,13.0,10.875,12.25],"rotation":0,"texture":"#0","tintindex":0},"west":{"uv":[8.625,13.25,7.875,13.75],"rotation":0,"texture":"#0","tintindex":0}}},{"name":"cube","from":[0.19999981,7.7,0.7999997],"to":[3.1999998,10.700001,4.3999996],"rotation":{"angle":0.0,"axis":"x","origin":[2.2999997,9.05,-0.40000033]},"faces":{"down":{"uv":[9.0,13.0,9.625,12.25],"rotation":0,"texture":"#0","tintindex":0},"east":{"uv":[6.625,11.875,7.375,12.5],"rotation":0,"texture":"#0","tintindex":0},"north":{"uv":[6.875,12.5,6.25,13.125],"rotation":0,"texture":"#0","tintindex":0},"south":{"uv":[6.25,12.5,6.875,13.125],"rotation":0,"texture":"#0","tintindex":0},"up":{"uv":[9.0,13.0,9.625,12.25],"rotation":0,"texture":"#0","tintindex":0},"west":{"uv":[11.875,7.25,12.625,7.875],"rotation":0,"texture":"#0","tintindex":0}}},{"name":"cube","from":[0.19999981,8.15,4.1],"to":[3.1999998,10.55,7.7],"rotation":{"angle":-22.5,"axis":"y","origin":[2.2999997,8.9,5.6]},"faces":{"down":{"uv":[10.25,12.25,10.875,13.0],"rotation":0,"texture":"#0","tintindex":0},"east":{"uv":[13.25,7.5,14.0,8.0],"rotation":0,"texture":"#0","tintindex":0},"north":{"uv":[0.5,14.125,1.125,14.625],"rotation":0,"texture":"#0","tintindex":0},"south":{"uv":[14.125,2.125,14.75,2.625],"rotation":0,"texture":"#0","tintindex":0},"up":{"uv":[10.25,12.25,10.875,13.0],"rotation":0,"texture":"#0","tintindex":0},"west":{"uv":[7.875,13.25,8.625,13.75],"rotation":0,"texture":"#0","tintindex":0}}},{"name":"cube","from":[2.6,8.3,6.2],"to":[13.400001,10.700001,9.2],"rotation":{"angle":0.0,"axis":"x","origin":[8.0,10.1,2.6]},"faces":{"down":{"uv":[4.0,7.375,1.75,6.75],"rotation":0,"texture":"#0","tintindex":0},"east":{"uv":[4.375,14.125,5.0,14.625],"rotation":0,"texture":"#0","tintindex":0},"north":{"uv":[8.0,6.25,10.25,6.75],"rotation":0,"texture":"#0","tintindex":0},"south":{"uv":[5.875,7.5,8.125,8.0],"rotation":0,"texture":"#0","tintindex":0},"up":{"uv":[4.0,6.75,1.75,7.375],"rotation":0,"texture":"#0","tintindex":0},"west":{"uv":[5.0,14.125,5.625,14.625],"rotation":0,"texture":"#0","tintindex":0}}},{"name":"cube","from":[5.8999996,8.0,6.6499996],"to":[10.1,11.0,9.65],"rotation":{"angle":0.0,"axis":"x","origin":[8.0,10.1,2.6]},"faces":{"down":{"uv":[5.375,11.375,4.5,10.75],"rotation":0,"texture":"#0","tintindex":0},"east":{"uv":[6.25,12.5,6.875,13.125],"rotation":0,"texture":"#0","tintindex":0},"north":{"uv":[10.875,3.0,11.75,3.625],"rotation":0,"texture":"#0","tintindex":0},"south":{"uv":[10.875,5.375,11.75,6.0],"rotation":0,"texture":"#0","tintindex":0},"up":{"uv":[5.375,10.75,4.5,11.375],"rotation":0,"texture":"#0","tintindex":0},"west":{"uv":[6.875,12.5,6.25,13.125],"rotation":0,"texture":"#0","tintindex":0}}},{"name":"cube","from":[12.8,8.15,4.1],"to":[15.8,10.55,7.7],"rotation":{"angle":22.5,"axis":"y","origin":[13.7,8.9,5.6]},"faces":{"down":{"uv":[10.875,13.0,10.25,12.25],"rotation":0,"texture":"#0","tintindex":0},"east":{"uv":[8.625,13.25,7.875,13.75],"rotation":0,"texture":"#0","tintindex":0},"north":{"uv":[9.625,14.125,10.25,14.625],"rotation":0,"texture":"#0","tintindex":0},"south":{"uv":[10.25,14.125,10.875,14.625],"rotation":0,"texture":"#0","tintindex":0},"up":{"uv":[10.875,12.25,10.25,13.0],"rotation":0,"texture":"#0","tintindex":0},"west":{"uv":[13.25,10.0,14.0,10.5],"rotation":0,"texture":"#0","tintindex":0}}},{"name":"cube","from":[12.8,7.7,0.7999997],"to":[15.8,10.700001,4.3999996],"rotation":{"angle":0.0,"axis":"x","origin":[13.7,9.05,-0.40000033]},"faces":{"down":{"uv":[9.625,13.0,9.0,12.25],"rotation":0,"texture":"#0","tintindex":0},"east":{"uv":[11.875,7.25,12.625,7.875],"rotation":0,"texture":"#0","tintindex":0},"north":{"uv":[6.25,12.5,6.875,13.125],"rotation":0,"texture":"#0","tintindex":0},"south":{"uv":[6.875,12.5,6.25,13.125],"rotation":0,"texture":"#0","tintindex":0},"up":{"uv":[9.625,13.0,9.0,12.25],"rotation":0,"texture":"#0","tintindex":0},"west":{"uv":[12.25,0.0,13.0,0.625],"rotation":0,"texture":"#0","tintindex":0}}},{"name":"cube","from":[12.8,8.15,-2.5000005],"to":[15.8,10.55,1.0999997],"rotation":{"angle":-22.5,"axis":"y","origin":[13.7,8.9,-0.40000033]},"faces":{"down":{"uv":[10.875,12.25,10.25,13.0],"rotation":0,"texture":"#0","tintindex":0},"east":{"uv":[7.875,13.25,8.625,13.75],"rotation":0,"texture":"#0","tintindex":0},"north":{"uv":[10.875,14.125,11.5,14.625],"rotation":0,"texture":"#0","tintindex":0},"south":{"uv":[11.5,14.125,12.125,14.625],"rotation":0,"texture":"#0","tintindex":0},"up":{"uv":[10.875,13.0,10.25,12.25],"rotation":0,"texture":"#0","tintindex":0},"west":{"uv":[13.375,2.5,14.125,3.0],"rotation":0,"texture":"#0","tintindex":0}}},{"name":"cube","from":[2.2988,10.5487995,-0.4012003],"to":[13.7012,14.7512,5.6012],"rotation":{"angle":0.0,"axis":"x","origin":[8.0,-1.7500005,2.6]},"faces":{"down":{"uv":[4.75,1.25,2.375,2.5],"rotation":0,"texture":"#0","tintindex":0},"east":{"uv":[8.125,7.25,9.375,8.125],"rotation":0,"texture":"#0","tintindex":0},"north":{"uv":[2.375,5.0,4.75,5.875],"rotation":0,"texture":"#0","tintindex":0},"south":{"uv":[0.0,5.75,2.375,6.625],"rotation":0,"texture":"#0","tintindex":0},"up":{"uv":[4.75,1.25,2.375,0.0],"rotation":0,"texture":"#0","tintindex":0},"west":{"uv":[8.125,7.25,9.375,8.125],"rotation":0,"texture":"#0","tintindex":0}}},{"name":"cube","from":[2.2988,9.348801,-1.0012002],"to":[13.7012,9.9512005,6.2011995],"rotation":{"angle":0.0,"axis":"x","origin":[8.0,-1.7500005,2.6]},"faces":{"down":{"uv":[2.375,1.625,0.0,0.0],"rotation":0,"texture":"#0","tintindex":0},"east":{"uv":[8.125,7.25,9.375,8.125],"rotation":0,"texture":"#0","tintindex":0},"north":{"uv":[2.375,5.0,4.75,5.875],"rotation":0,"texture":"#0","tintindex":0},"south":{"uv":[0.0,5.75,2.375,6.625],"rotation":0,"texture":"#0","tintindex":0},"up":{"uv":[4.75,1.25,2.375,0.0],"rotation":0,"texture":"#0","tintindex":0},"west":{"uv":[8.125,7.25,9.375,8.125],"rotation":0,"texture":"#0","tintindex":0}}},{"name":"cube","from":[2.2999997,8.9618025,-1.4319973],"to":[13.7,13.761803,4.568003],"rotation":{"angle":22.5,"axis":"x","origin":[8.0,11.661803,1.568003]},"faces":{"down":{"uv":[2.375,3.25,0.0,4.5],"rotation":0,"texture":"#0","tintindex":0},"east":{"uv":[2.375,7.375,3.625,8.375],"rotation":0,"texture":"#0","tintindex":0},"north":{"uv":[4.75,0.0,7.125,1.0],"rotation":0,"texture":"#0","tintindex":0},"south":{"uv":[4.75,1.0,7.125,2.0],"rotation":0,"texture":"#0","tintindex":0},"up":{"uv":[4.75,3.75,2.375,2.5],"rotation":0,"texture":"#0","tintindex":0},"west":{"uv":[7.375,3.625,8.625,4.625],"rotation":0,"texture":"#0","tintindex":0}}},{"name":"cube","from":[2.2999997,8.9618025,0.6319964],"to":[13.7,13.761803,6.6319966],"rotation":{"angle":-22.5,"axis":"x","origin":[8.0,11.661803,3.6319966]},"faces":{"down":{"uv":[2.375,4.5,0.0,5.75],"rotation":0,"texture":"#0","tintindex":0},"east":{"uv":[7.375,4.625,8.625,5.625],"rotation":0,"texture":"#0","tintindex":0},"north":{"uv":[4.75,2.0,7.125,3.0],"rotation":0,"texture":"#0","tintindex":0},"south":{"uv":[4.75,0.0,7.125,1.0],"rotation":0,"texture":"#0","tintindex":0},"up":{"uv":[4.75,5.0,2.375,3.75],"rotation":0,"texture":"#0","tintindex":0},"west":{"uv":[4.625,7.5,5.875,8.5],"rotation":0,"texture":"#0","tintindex":0}}}],"display":{"head":{"translation":[0.0,-6.4,0.0],"rotation":[0.0,0.0,0.0],"scale":[3.8095,3.8095,3.8095]}}}