{"textures":{"0":"modelengine:entity/crate6"},"elements":[{"name":"cube","from":[7.7,7.4,6.8],"to":[10.1,13.400001,9.2],"rotation":{"angle":0.0,"axis":"x","origin":[13.7,6.2,3.4999998]},"faces":{"down":{"uv":[3.375,13.0,2.875,13.5],"rotation":0,"texture":"#0","tintindex":0},"east":{"uv":[0.5,10.375,1.0,11.625],"rotation":0,"texture":"#0","tintindex":0},"north":{"uv":[11.25,10.625,10.75,11.875],"rotation":0,"texture":"#0","tintindex":0},"south":{"uv":[10.75,10.625,11.25,11.875],"rotation":0,"texture":"#0","tintindex":0},"up":{"uv":[2.875,13.5,2.375,13.0],"rotation":0,"texture":"#0","tintindex":0},"west":{"uv":[10.875,0.0,11.375,1.25],"rotation":0,"texture":"#0","tintindex":0}}},{"name":"cube","from":[7.1,12.8,6.5],"to":[10.1,15.2,9.5],"rotation":{"angle":0.0,"axis":"x","origin":[13.7,6.2,3.4999998]},"faces":{"down":{"uv":[8.25,12.375,7.625,13.0],"rotation":0,"texture":"#0","tintindex":0},"east":{"uv":[3.625,12.75,4.25,13.25],"rotation":0,"texture":"#0","tintindex":0},"north":{"uv":[8.875,12.875,9.5,13.375],"rotation":0,"texture":"#0","tintindex":0},"south":{"uv":[8.875,12.875,9.5,13.375],"rotation":0,"texture":"#0","tintindex":0},"up":{"uv":[7.0,13.125,6.375,12.5],"rotation":0,"texture":"#0","tintindex":0},"west":{"uv":[8.875,12.875,9.5,13.375],"rotation":0,"texture":"#0","tintindex":0}}},{"name":"cube","from":[6.35,6.2,6.5],"to":[9.35,10.4,9.5],"rotation":{"angle":-22.5,"axis":"z","origin":[8.0,8.0,8.0]},"faces":{"down":{"uv":[1.25,12.375,0.625,13.0],"rotation":0,"texture":"#0","tintindex":0},"east":{"uv":[11.875,2.75,12.5,3.625],"rotation":0,"texture":"#0","tintindex":0},"north":{"uv":[11.875,2.75,12.5,3.625],"rotation":0,"texture":"#0","tintindex":0},"south":{"uv":[11.875,2.75,12.5,3.625],"rotation":0,"texture":"#0","tintindex":0},"up":{"uv":[1.25,12.375,0.625,13.0],"rotation":0,"texture":"#0","tintindex":0},"west":{"uv":[11.875,2.75,12.5,3.625],"rotation":0,"texture":"#0","tintindex":0}}}],"display":{"head":{"translation":[0.0,-6.4,0.0],"rotation":[0.0,0.0,0.0],"scale":[3.8095,3.8095,3.8095]}}}