{"textures":{"0":"modelengine:entity/crate6"},"elements":[{"name":"cube","from":[6.6499996,6.2,6.5],"to":[9.65,10.4,9.5],"rotation":{"angle":22.5,"axis":"z","origin":[8.0,8.0,8.0]},"faces":{"down":{"uv":[1.25,12.375,0.625,13.0],"rotation":0,"texture":"#0","tintindex":0},"east":{"uv":[11.875,2.75,12.5,3.625],"rotation":0,"texture":"#0","tintindex":0},"north":{"uv":[11.875,2.75,12.5,3.625],"rotation":0,"texture":"#0","tintindex":0},"south":{"uv":[11.875,2.75,12.5,3.625],"rotation":0,"texture":"#0","tintindex":0},"up":{"uv":[1.25,12.375,0.625,13.0],"rotation":0,"texture":"#0","tintindex":0},"west":{"uv":[11.875,2.75,12.5,3.625],"rotation":0,"texture":"#0","tintindex":0}}},{"name":"cube","from":[5.8999996,7.4,6.8],"to":[8.3,13.400001,9.2],"rotation":{"angle":0.0,"axis":"x","origin":[2.2999997,6.2,3.4999998]},"faces":{"down":{"uv":[7.5,13.0,7.0,13.5],"rotation":0,"texture":"#0","tintindex":0},"east":{"uv":[10.875,0.0,11.375,1.25],"rotation":0,"texture":"#0","tintindex":0},"north":{"uv":[10.75,10.625,11.25,11.875],"rotation":0,"texture":"#0","tintindex":0},"south":{"uv":[11.25,10.625,10.75,11.875],"rotation":0,"texture":"#0","tintindex":0},"up":{"uv":[13.5,7.0,13.0,6.5],"rotation":0,"texture":"#0","tintindex":0},"west":{"uv":[10.625,4.375,11.125,5.625],"rotation":0,"texture":"#0","tintindex":0}}},{"name":"cube","from":[5.8999996,12.8,6.5],"to":[8.9,15.2,9.5],"rotation":{"angle":0.0,"axis":"x","origin":[2.2999997,6.2,3.4999998]},"faces":{"down":{"uv":[7.625,12.375,8.25,13.0],"rotation":0,"texture":"#0","tintindex":0},"east":{"uv":[8.875,12.875,9.5,13.375],"rotation":0,"texture":"#0","tintindex":0},"north":{"uv":[8.875,12.875,9.5,13.375],"rotation":0,"texture":"#0","tintindex":0},"south":{"uv":[8.875,12.875,9.5,13.375],"rotation":0,"texture":"#0","tintindex":0},"up":{"uv":[7.0,13.125,6.375,12.5],"rotation":0,"texture":"#0","tintindex":0},"west":{"uv":[12.75,9.375,13.375,9.875],"rotation":0,"texture":"#0","tintindex":0}}}],"display":{"head":{"translation":[0.0,-6.4,0.0],"rotation":[0.0,0.0,0.0],"scale":[3.8095,3.8095,3.8095]}}}