{"textures":{"0":"modelengine:entity/crate6"},"elements":[{"name":"cube","from":[5.6,6.5,6.2],"to":[9.2,9.5,9.8],"rotation":{"angle":-22.5,"axis":"z","origin":[8.0,8.0,8.0]},"faces":{"down":{"uv":[11.875,7.625,11.125,8.375],"rotation":0,"texture":"#0","tintindex":0},"east":{"uv":[12.0,8.875,12.75,9.5],"rotation":0,"texture":"#0","tintindex":0},"north":{"uv":[12.0,9.5,12.75,10.125],"rotation":0,"texture":"#0","tintindex":0},"south":{"uv":[12.75,9.5,12.0,10.125],"rotation":0,"texture":"#0","tintindex":0},"up":{"uv":[11.125,7.625,11.875,8.375],"rotation":0,"texture":"#0","tintindex":0},"west":{"uv":[12.0,8.875,12.75,9.5],"rotation":0,"texture":"#0","tintindex":0}}}],"display":{"head":{"translation":[0.0,-6.4,0.0],"rotation":[0.0,0.0,0.0],"scale":[3.8095,3.8095,3.8095]}}}