{"textures":{"0":"modelengine:entity/crate6"},"elements":[{"name":"cube","from":[6.5,4.5977044,11.0],"to":[9.5,10.597705,13.400001],"rotation":{"angle":-22.5,"axis":"x","origin":[8.0,5.4977045,12.5]},"faces":{"down":{"uv":[10.625,0.75,10.0,1.25],"rotation":0,"texture":"#0","tintindex":0},"east":{"uv":[3.375,10.25,2.875,11.5],"rotation":0,"texture":"#0","tintindex":0},"north":{"uv":[6.125,9.625,6.75,10.875],"rotation":0,"texture":"#0","tintindex":0},"south":{"uv":[6.125,9.625,6.75,10.875],"rotation":0,"texture":"#0","tintindex":0},"up":{"uv":[4.875,8.0,4.25,7.5],"rotation":0,"texture":"#0","tintindex":0},"west":{"uv":[3.375,10.25,2.875,11.5],"rotation":0,"texture":"#0","tintindex":0}}},{"name":"cube","from":[6.4994,8.153305,4.6244],"to":[9.5006,10.554506,11.3756],"rotation":{"angle":0.0,"axis":"x","origin":[8.0,2.453905,10.475]},"faces":{"down":{"uv":[5.5,9.875,4.875,8.5],"rotation":0,"texture":"#0","tintindex":0},"east":{"uv":[9.75,8.875,11.125,9.375],"rotation":0,"texture":"#0","tintindex":0},"north":{"uv":[11.375,6.375,12.0,6.875],"rotation":0,"texture":"#0","tintindex":0},"south":{"uv":[12.5,4.0,13.125,4.5],"rotation":0,"texture":"#0","tintindex":0},"up":{"uv":[5.5,9.875,4.875,8.5],"rotation":0,"texture":"#0","tintindex":0},"west":{"uv":[9.75,8.875,11.125,9.375],"rotation":0,"texture":"#0","tintindex":0}}},{"name":"cube","from":[6.5,4.5977044,2.6],"to":[9.5,10.597705,5.0],"rotation":{"angle":22.5,"axis":"x","origin":[8.0,5.4977045,3.4999998]},"faces":{"down":{"uv":[1.875,12.625,1.25,13.125],"rotation":0,"texture":"#0","tintindex":0},"east":{"uv":[3.375,10.25,2.875,11.5],"rotation":0,"texture":"#0","tintindex":0},"north":{"uv":[6.125,9.625,6.75,10.875],"rotation":0,"texture":"#0","tintindex":0},"south":{"uv":[6.125,9.625,6.75,10.875],"rotation":0,"texture":"#0","tintindex":0},"up":{"uv":[10.875,13.0,10.25,12.5],"rotation":0,"texture":"#0","tintindex":0},"west":{"uv":[3.375,10.25,2.875,11.5],"rotation":0,"texture":"#0","tintindex":0}}}],"display":{"head":{"translation":[0.0,-6.4,0.0],"rotation":[0.0,0.0,0.0],"scale":[3.8095,3.8095,3.8095]}}}