{"textures":{"0":"modelengine:entity/crate6"},"elements":[{"name":"cube","from":[2.6,11.0,3.7999997],"to":[13.400001,15.2,12.2],"rotation":{"angle":0.0,"axis":"x","origin":[8.0,8.0,8.0]},"faces":{"down":{"uv":[4.75,1.75,2.5,3.5],"rotation":0,"texture":"#0","tintindex":0},"east":{"uv":[4.875,7.125,6.625,8.0],"rotation":0,"texture":"#0","tintindex":0},"north":{"uv":[2.625,6.625,4.875,7.5],"rotation":0,"texture":"#0","tintindex":0},"south":{"uv":[2.625,6.625,4.875,7.5],"rotation":0,"texture":"#0","tintindex":0},"up":{"uv":[4.75,1.75,2.5,0.0],"rotation":0,"texture":"#0","tintindex":0},"west":{"uv":[4.875,7.125,6.625,8.0],"rotation":0,"texture":"#0","tintindex":0}}},{"name":"cube","from":[1.9999998,9.2,3.1999998],"to":[14.0,11.0,12.8],"rotation":{"angle":0.0,"axis":"x","origin":[8.0,8.0,8.0]},"faces":{"down":{"uv":[2.5,2.0,0.0,0.0],"rotation":0,"texture":"#0","tintindex":0},"east":{"uv":[9.375,1.625,11.375,2.0],"rotation":0,"texture":"#0","tintindex":0},"north":{"uv":[7.875,6.75,10.375,7.125],"rotation":0,"texture":"#0","tintindex":0},"south":{"uv":[7.875,6.75,10.375,7.125],"rotation":0,"texture":"#0","tintindex":0},"up":{"uv":[2.5,2.0,0.0,0.0],"rotation":0,"texture":"#0","tintindex":0},"west":{"uv":[9.375,1.625,11.375,2.0],"rotation":0,"texture":"#0","tintindex":0}}},{"name":"cube","from":[2.6,15.2,10.4],"to":[13.400001,16.400002,12.8],"rotation":{"angle":0.0,"axis":"x","origin":[8.0,7.4,8.0]},"faces":{"down":{"uv":[8.75,8.5,6.5,8.0],"rotation":0,"texture":"#0","tintindex":0},"east":{"uv":[13.125,4.125,13.625,4.375],"rotation":0,"texture":"#0","tintindex":0},"north":{"uv":[11.375,0.75,13.625,1.0],"rotation":0,"texture":"#0","tintindex":0},"south":{"uv":[11.375,0.75,13.625,1.0],"rotation":0,"texture":"#0","tintindex":0},"up":{"uv":[10.125,6.25,7.875,5.75],"rotation":0,"texture":"#0","tintindex":0},"west":{"uv":[4.875,13.125,5.375,13.375],"rotation":0,"texture":"#0","tintindex":0}}},{"name":"cube","from":[1.9987998,15.198801,3.7988],"to":[3.8011997,16.4012,12.8012],"rotation":{"angle":0.0,"axis":"x","origin":[8.0,7.4,8.0]},"faces":{"down":{"uv":[8.125,9.625,7.75,11.5],"rotation":0,"texture":"#0","tintindex":0},"east":{"uv":[12.25,1.875,14.125,2.125],"rotation":0,"texture":"#0","tintindex":0},"north":{"uv":[10.25,2.0,10.625,2.25],"rotation":0,"texture":"#0","tintindex":0},"south":{"uv":[10.625,2.375,11.0,2.625],"rotation":0,"texture":"#0","tintindex":0},"up":{"uv":[7.75,11.5,7.375,9.625],"rotation":0,"texture":"#0","tintindex":0},"west":{"uv":[12.25,1.875,14.125,2.125],"rotation":0,"texture":"#0","tintindex":0}}},{"name":"cube","from":[12.1988,15.198801,3.7988],"to":[14.0012,16.4012,12.8012],"rotation":{"angle":0.0,"axis":"x","origin":[8.0,7.4,8.0]},"faces":{"down":{"uv":[7.75,9.625,8.125,11.5],"rotation":0,"texture":"#0","tintindex":0},"east":{"uv":[12.25,1.875,14.125,2.125],"rotation":0,"texture":"#0","tintindex":0},"north":{"uv":[9.375,11.125,9.75,11.375],"rotation":0,"texture":"#0","tintindex":0},"south":{"uv":[1.625,11.5,2.0,11.75],"rotation":0,"texture":"#0","tintindex":0},"up":{"uv":[8.5,11.5,8.125,9.625],"rotation":0,"texture":"#0","tintindex":0},"west":{"uv":[12.25,1.875,14.125,2.125],"rotation":0,"texture":"#0","tintindex":0}}},{"name":"cube","from":[2.6,15.2,3.1999998],"to":[13.400001,16.400002,5.6],"rotation":{"angle":0.0,"axis":"x","origin":[8.0,7.4,8.0]},"faces":{"down":{"uv":[8.75,8.0,6.5,8.5],"rotation":0,"texture":"#0","tintindex":0},"east":{"uv":[6.25,13.125,6.75,13.375],"rotation":0,"texture":"#0","tintindex":0},"north":{"uv":[11.375,0.75,13.625,1.0],"rotation":0,"texture":"#0","tintindex":0},"south":{"uv":[11.375,0.75,13.625,1.0],"rotation":0,"texture":"#0","tintindex":0},"up":{"uv":[6.5,8.5,4.25,8.0],"rotation":0,"texture":"#0","tintindex":0},"west":{"uv":[8.0,13.125,8.5,13.375],"rotation":0,"texture":"#0","tintindex":0}}}],"display":{"head":{"translation":[0.0,-6.4,0.0],"rotation":[0.0,0.0,0.0],"scale":[3.8095,3.8095,3.8095]}}}