{"textures":{"0":"modelengine:entity/crate6"},"elements":[{"name":"cube","from":[2.6,8.0,6.5],"to":[13.400001,10.4,8.9],"rotation":{"angle":0.0,"axis":"x","origin":[8.0,-1.0000005,3.1999998]},"faces":{"down":{"uv":[10.125,5.25,7.875,4.75],"rotation":0,"texture":"#0","tintindex":0},"east":{"uv":[1.125,13.125,1.625,13.5],"rotation":0,"texture":"#0","tintindex":0},"north":{"uv":[7.75,3.75,10.0,4.25],"rotation":0,"texture":"#0","tintindex":0},"south":{"uv":[7.75,3.75,10.0,4.25],"rotation":0,"texture":"#0","tintindex":0},"up":{"uv":[9.625,3.25,7.375,2.75],"rotation":0,"texture":"#0","tintindex":0},"west":{"uv":[1.625,13.125,2.125,13.5],"rotation":0,"texture":"#0","tintindex":0}}},{"name":"cube","from":[0.79879975,7.9988003,-0.70120025],"to":[3.2011998,9.8012,7.1012],"rotation":{"angle":0.0,"axis":"x","origin":[8.0,-1.0000005,3.1999998]},"faces":{"down":{"uv":[0.5,8.75,1.0,10.375],"rotation":0,"texture":"#0","tintindex":0},"east":{"uv":[10.625,7.25,12.25,7.625],"rotation":0,"texture":"#0","tintindex":0},"north":{"uv":[13.125,2.625,13.625,3.0],"rotation":0,"texture":"#0","tintindex":0},"south":{"uv":[13.125,3.0,13.625,3.375],"rotation":0,"texture":"#0","tintindex":0},"up":{"uv":[0.5,8.75,1.0,10.375],"rotation":0,"texture":"#0","tintindex":0},"west":{"uv":[10.625,7.25,12.25,7.625],"rotation":0,"texture":"#0","tintindex":0}}},{"name":"cube","from":[12.7988,7.9988003,-0.70120025],"to":[15.2012,9.8012,7.1012],"rotation":{"angle":0.0,"axis":"x","origin":[8.0,-1.0000005,3.1999998]},"faces":{"down":{"uv":[1.0,8.75,0.5,10.375],"rotation":0,"texture":"#0","tintindex":0},"east":{"uv":[10.625,7.25,12.25,7.625],"rotation":0,"texture":"#0","tintindex":0},"north":{"uv":[13.125,3.375,13.625,3.75],"rotation":0,"texture":"#0","tintindex":0},"south":{"uv":[13.125,3.75,13.625,4.125],"rotation":0,"texture":"#0","tintindex":0},"up":{"uv":[1.0,8.75,0.5,10.375],"rotation":0,"texture":"#0","tintindex":0},"west":{"uv":[10.625,7.25,12.25,7.625],"rotation":0,"texture":"#0","tintindex":0}}},{"name":"cube","from":[7.7,6.5,-2.5000005],"to":[10.1,8.9,-1.3000002],"rotation":{"angle":45.0,"axis":"z","origin":[8.0,6.8,-1.3000002]},"faces":{"down":{"uv":[11.125,7.625,10.625,7.875],"rotation":0,"texture":"#0","tintindex":0},"east":{"uv":[4.875,6.625,5.125,7.125],"rotation":0,"texture":"#0","tintindex":0},"north":{"uv":[2.0,4.0,2.5,4.5],"rotation":0,"texture":"#0","tintindex":0},"south":{"uv":[2.5,4.0,2.0,4.5],"rotation":0,"texture":"#0","tintindex":0},"up":{"uv":[2.5,4.75,2.0,4.5],"rotation":0,"texture":"#0","tintindex":0},"west":{"uv":[8.75,7.875,9.0,8.375],"rotation":0,"texture":"#0","tintindex":0}}},{"name":"cube","from":[2.5988,7.9988003,-2.5012007],"to":[13.401199,10.401199,-0.09880042],"rotation":{"angle":0.0,"axis":"x","origin":[8.0,-1.0000005,3.1999998]},"faces":{"down":{"uv":[10.125,4.75,7.875,5.25],"rotation":0,"texture":"#0","tintindex":0},"east":{"uv":[12.5,12.875,13.0,13.375],"rotation":0,"texture":"#0","tintindex":0},"north":{"uv":[7.75,3.75,10.0,4.25],"rotation":0,"texture":"#0","tintindex":0},"south":{"uv":[7.75,3.75,10.0,4.25],"rotation":0,"texture":"#0","tintindex":0},"up":{"uv":[10.125,5.25,7.875,4.75],"rotation":0,"texture":"#0","tintindex":0},"west":{"uv":[0.625,13.0,1.125,13.5],"rotation":0,"texture":"#0","tintindex":0}}},{"name":"cube","from":[1.7887996,9.0487995,0.19879985],"to":[14.211201,14.4512,6.2011995],"rotation":{"angle":0.0,"axis":"x","origin":[8.0,-0.40000033,3.1999998]},"faces":{"down":{"uv":[2.625,4.75,0.0,6.0],"rotation":0,"texture":"#0","tintindex":0},"east":{"uv":[3.0,7.5,4.25,8.625],"rotation":0,"texture":"#0","tintindex":0},"north":{"uv":[4.75,0.0,7.375,1.125],"rotation":0,"texture":"#0","tintindex":0},"south":{"uv":[4.75,1.125,7.375,2.25],"rotation":0,"texture":"#0","tintindex":0},"up":{"uv":[5.125,4.75,2.5,3.5],"rotation":0,"texture":"#0","tintindex":0},"west":{"uv":[3.0,7.5,4.25,8.625],"rotation":0,"texture":"#0","tintindex":0}}},{"name":"cube","from":[6.2,10.25,-1.6000004],"to":[9.8,13.85,8.0],"rotation":{"angle":-45.0,"axis":"z","origin":[8.0,12.05,3.1999998]},"faces":{"down":{"uv":[3.0,7.5,2.25,9.5],"rotation":0,"texture":"#0","tintindex":0},"east":{"uv":[0.0,4.0,2.0,4.75],"rotation":0,"texture":"#0","tintindex":0},"north":{"uv":[11.25,10.625,12.0,11.375],"rotation":0,"texture":"#0","tintindex":0},"south":{"uv":[12.0,10.625,11.25,11.375],"rotation":0,"texture":"#0","tintindex":0},"up":{"uv":[8.125,2.75,7.375,0.75],"rotation":0,"texture":"#0","tintindex":0},"west":{"uv":[7.375,0.0,9.375,0.75],"rotation":0,"texture":"#0","tintindex":0}}},{"name":"cube","from":[6.2,10.6653805,-1.5723662],"to":[9.7987995,14.26418,2.6264334],"rotation":{"angle":22.5,"axis":"x","origin":[7.9994,10.664782,2.6270337]},"faces":{"down":{"uv":[13.875,7.0,13.0,7.25],"rotation":0,"texture":"#0","tintindex":0},"east":{"uv":[5.75,9.875,6.0,10.625],"rotation":0,"texture":"#0","tintindex":0},"north":{"uv":[5.625,10.625,4.875,9.875],"rotation":90,"texture":"#0","tintindex":0},"south":{"uv":[10.0,0.0,10.875,0.75],"rotation":0,"texture":"#0","tintindex":0},"up":{"uv":[13.875,7.25,13.0,7.0],"rotation":0,"texture":"#0","tintindex":0},"west":{"uv":[10.125,5.625,10.375,6.375],"rotation":0,"texture":"#0","tintindex":0}}},{"name":"cube","from":[6.2,10.6653805,3.773566],"to":[9.7987995,14.26418,7.9723663],"rotation":{"angle":-22.5,"axis":"x","origin":[7.9994,10.664782,3.772966]},"faces":{"down":{"uv":[13.875,7.25,13.0,7.0],"rotation":0,"texture":"#0","tintindex":0},"east":{"uv":[6.0,9.875,5.75,10.625],"rotation":0,"texture":"#0","tintindex":0},"north":{"uv":[10.875,0.0,10.0,0.75],"rotation":0,"texture":"#0","tintindex":0},"south":{"uv":[5.625,9.875,4.875,10.625],"rotation":90,"texture":"#0","tintindex":0},"up":{"uv":[13.875,7.0,13.0,7.25],"rotation":0,"texture":"#0","tintindex":0},"west":{"uv":[10.375,5.625,10.125,6.375],"rotation":0,"texture":"#0","tintindex":0}}},{"name":"cube","from":[6.1994,11.996819,0.12439942],"to":[9.8006,15.598019,6.2756],"rotation":{"angle":0.0,"axis":"x","origin":[8.0,13.797418,3.1999998]},"faces":{"down":{"uv":[4.25,8.625,4.0,9.875],"rotation":0,"texture":"#0","tintindex":0},"east":{"uv":[8.125,1.5,9.375,2.25],"rotation":0,"texture":"#0","tintindex":0},"north":{"uv":[9.375,10.375,9.625,11.125],"rotation":0,"texture":"#0","tintindex":0},"south":{"uv":[2.5,10.75,2.75,11.5],"rotation":0,"texture":"#0","tintindex":0},"up":{"uv":[11.875,4.375,12.625,5.5],"rotation":0,"texture":"#0","tintindex":0},"west":{"uv":[8.125,1.5,9.375,2.25],"rotation":0,"texture":"#0","tintindex":0}}},{"name":"cube","from":[1.7899995,8.107475,3.8616066],"to":[14.21,13.507475,7.4616065],"rotation":{"angle":-22.5,"axis":"x","origin":[8.0,10.807475,4.4616065]},"faces":{"down":{"uv":[5.25,5.875,2.625,6.625],"rotation":0,"texture":"#0","tintindex":0},"east":{"uv":[6.125,8.5,6.875,9.625],"rotation":0,"texture":"#0","tintindex":0},"north":{"uv":[4.75,2.25,7.375,3.375],"rotation":0,"texture":"#0","tintindex":0},"south":{"uv":[5.125,3.375,7.75,4.5],"rotation":0,"texture":"#0","tintindex":0},"up":{"uv":[7.875,6.375,5.25,5.625],"rotation":0,"texture":"#0","tintindex":0},"west":{"uv":[6.875,8.5,7.625,9.625],"rotation":0,"texture":"#0","tintindex":0}}},{"name":"cube","from":[1.7899995,8.107475,-1.0616074],"to":[14.21,13.507475,2.5383928],"rotation":{"angle":22.5,"axis":"x","origin":[8.0,10.807475,1.9383928]},"faces":{"down":{"uv":[7.875,6.375,5.25,7.125],"rotation":0,"texture":"#0","tintindex":0},"east":{"uv":[7.625,8.5,8.375,9.625],"rotation":0,"texture":"#0","tintindex":0},"north":{"uv":[5.125,3.375,7.75,4.5],"rotation":0,"texture":"#0","tintindex":0},"south":{"uv":[5.25,4.5,7.875,5.625],"rotation":0,"texture":"#0","tintindex":0},"up":{"uv":[2.625,6.75,0.0,6.0],"rotation":0,"texture":"#0","tintindex":0},"west":{"uv":[8.375,8.5,9.125,9.625],"rotation":0,"texture":"#0","tintindex":0}}},{"name":"cube","from":[2.6,8.6,-1.0000005],"to":[13.400001,8.6,7.4],"rotation":{"angle":0.0,"axis":"x","origin":[8.0,-0.40000033,3.1999998]},"faces":{"down":{"uv":[4.75,1.75,2.5,0.0],"rotation":0,"texture":"#0","tintindex":0},"east":{"uv":[4.875,7.125,6.625,8.0],"rotation":0,"texture":"#0","tintindex":0},"north":{"uv":[2.625,6.625,4.875,7.5],"rotation":0,"texture":"#0","tintindex":0},"south":{"uv":[2.625,6.625,4.875,7.5],"rotation":0,"texture":"#0","tintindex":0},"up":{"uv":[4.75,1.75,2.5,0.0],"rotation":0,"texture":"#0","tintindex":0},"west":{"uv":[4.875,7.125,6.625,8.0],"rotation":0,"texture":"#0","tintindex":0}}}],"display":{"head":{"translation":[0.0,-6.4,0.0],"rotation":[0.0,0.0,0.0],"scale":[3.8095,3.8095,3.8095]}}}