{"providers":[{"file":"char/black.png","chars":[""],"height":1,"ascent":-5000,"type":"bitmap"},{"file":"char/black.png","chars":[""],"height":2,"ascent":-5000,"type":"bitmap"},{"file":"char/black.png","chars":[""],"height":3,"ascent":-5000,"type":"bitmap"},{"file":"char/black.png","chars":[""],"height":4,"ascent":-5000,"type":"bitmap"},{"file":"char/black.png","chars":[""],"height":5,"ascent":-5000,"type":"bitmap"},{"file":"char/black.png","chars":[""],"height":6,"ascent":-5000,"type":"bitmap"},{"file":"char/black.png","chars":[""],"height":7,"ascent":-5000,"type":"bitmap"},{"file":"char/black.png","chars":[""],"height":15,"ascent":-5000,"type":"bitmap"},{"file":"char/black.png","chars":[""],"height":31,"ascent":-5000,"type":"bitmap"},{"file":"char/black.png","chars":[""],"height":63,"ascent":-5000,"type":"bitmap"},{"file":"char/black.png","chars":[""],"height":127,"ascent":-5000,"type":"bitmap"},{"file":"char/black.png","chars":[""],"height":256,"ascent":-5000,"type":"bitmap"},{"file":"char/black.png","chars":[""],"height":512,"ascent":-5000,"type":"bitmap"},{"file":"char/black.png","chars":[""],"height":1024,"ascent":-5000,"type":"bitmap"},{"file":"char/black.png","chars":[""],"height":-3,"ascent":-5000,"type":"bitmap"},{"file":"char/black.png","chars":[""],"height":-4,"ascent":-5000,"type":"bitmap"},{"file":"char/black.png","chars":[""],"height":-5,"ascent":-5000,"type":"bitmap"},{"file":"char/black.png","chars":[""],"height":-6,"ascent":-5000,"type":"bitmap"},{"file":"char/black.png","chars":[""],"height":-7,"ascent":-5000,"type":"bitmap"},{"file":"char/black.png","chars":[""],"height":-8,"ascent":-5000,"type":"bitmap"},{"file":"char/black.png","chars":[""],"height":-9,"ascent":-5000,"type":"bitmap"},{"file":"char/black.png","chars":[""],"height":-10,"ascent":-5000,"type":"bitmap"},{"file":"char/black.png","chars":[""],"height":-18,"ascent":-5000,"type":"bitmap"},{"file":"char/black.png","chars":[""],"height":-34,"ascent":-5000,"type":"bitmap"},{"file":"char/black.png","chars":[""],"height":-66,"ascent":-5000,"type":"bitmap"},{"file":"char/black.png","chars":[""],"height":-130,"ascent":-5000,"type":"bitmap"},{"file":"char/black.png","chars":[""],"height":-259,"ascent":-5000,"type":"bitmap"},{"file":"char/black.png","chars":[""],"height":-515,"ascent":-5000,"type":"bitmap"},{"file":"char/black.png","chars":[""],"height":-1027,"ascent":-5000,"type":"bitmap"},{"file":"mcguis:font/gui/crafting.png","chars":[""],"height":170,"ascent":47,"type":"bitmap"},{"file":"mcguis:font/gui/cooking.png","chars":[""],"height":170,"ascent":47,"type":"bitmap"},{"file":"mcguis:font/gui/blank_menu.png","chars":[""],"height":170,"ascent":47,"type":"bitmap"},{"file":"mcguis:font/gui/anvil_repair.png","chars":[""],"height":170,"ascent":47,"type":"bitmap"},{"file":"mcguis:font/gui/lifesteal_logo.png","chars":[""],"height":30,"ascent":30,"type":"bitmap"},{"file":"mcguis:font/gui/keysranks.png","chars":[""],"height":90,"ascent":20,"type":"bitmap"},{"file":"mcguis:font/gui/jackpot.png","chars":[""],"height":36,"ascent":20,"type":"bitmap"},{"file":"mcguis:font/gui/mainmenu.png","chars":[""],"height":90,"ascent":20,"type":"bitmap"},{"file":"mcguis:font/gui/coins.png","chars":[""],"height":90,"ascent":20,"type":"bitmap"},{"file":"mcguis:font/gui/keysgui.png","chars":[""],"height":90,"ascent":20,"type":"bitmap"},{"file":"mcguis:font/gui/ranksgui.png","chars":[""],"height":90,"ascent":20,"type":"bitmap"},{"file":"betterranks:font/rank/ah.png","chars":[""],"height":15,"ascent":14,"type":"bitmap"},{"file":"betterranks:font/rank/wild.png","chars":[""],"height":12,"ascent":11,"type":"bitmap"},{"file":"betterranks:font/rank/w.png","chars":[""],"height":9,"ascent":8,"type":"bitmap"},{"file":"betterranks:font/rank/helperplus.png","chars":[""],"height":9,"ascent":8,"type":"bitmap"},{"file":"betterranks:font/rank/logohalf1.png","chars":[""],"height":32,"ascent":0,"type":"bitmap"},{"file":"betterranks:font/rank/logohalf2.png","chars":[""],"height":32,"ascent":0,"type":"bitmap"},{"file":"betterranks:font/rank/top_logo.png","chars":[""],"height":24,"ascent":0,"type":"bitmap"},{"file":"betterranks:font/rank/admin.png","chars":[""],"height":9,"ascent":8,"type":"bitmap"},{"file":"betterranks:font/rank/mod.png","chars":[""],"height":9,"ascent":8,"type":"bitmap"},{"file":"betterranks:font/rank/helper.png","chars":[""],"height":9,"ascent":8,"type":"bitmap"},{"file":"betterranks:font/rank/youtube.png","chars":[""],"height":9,"ascent":8,"type":"bitmap"},{"file":"betterranks:font/rank/dev.png","chars":[""],"height":9,"ascent":8,"type":"bitmap"},{"file":"betterranks:font/rank/owner.png","chars":[""],"height":9,"ascent":8,"type":"bitmap"},{"file":"betterranks:font/rank/peasant.png","chars":[""],"height":9,"ascent":8,"type":"bitmap"},{"file":"betterranks:font/rank/official.png","chars":[""],"height":9,"ascent":8,"type":"bitmap"},{"file":"betterranks:font/rank/noble.png","chars":[""],"height":9,"ascent":8,"type":"bitmap"},{"file":"betterranks:font/rank/prophet.png","chars":[""],"height":9,"ascent":8,"type":"bitmap"},{"file":"betterranks:font/rank/pharoah.png","chars":[""],"height":9,"ascent":8,"type":"bitmap"},{"file":"betterranks:font/rank/sheesh.png","chars":[""],"height":9,"ascent":8,"type":"bitmap"},{"file":"betterranks:font/rank/sussy.png","chars":[""],"height":9,"ascent":8,"type":"bitmap"},{"file":"betterranks:font/rank/player.png","chars":[""],"height":9,"ascent":8,"type":"bitmap"},{"file":"betterranks:font/rank/merchant.png","chars":[""],"height":9,"ascent":8,"type":"bitmap"},{"file":"betterranks:font/rank/supreme.png","chars":[""],"height":9,"ascent":8,"type":"bitmap"},{"file":"betterranks:font/rank/egirl.png","chars":[""],"height":9,"ascent":8,"type":"bitmap"},{"file":"betterranks:font/rank/rich.png","chars":[""],"height":9,"ascent":8,"type":"bitmap"},{"file":"betterranks:font/rank/hot.png","chars":[""],"height":9,"ascent":8,"type":"bitmap"},{"file":"betterranks:font/rank/hacker.png","chars":[""],"height":9,"ascent":8,"type":"bitmap"},{"file":"betterranks:font/rank/srmod.png","chars":[""],"height":9,"ascent":8,"type":"bitmap"},{"file":"betterranks:font/rank/gucci.png","chars":[""],"height":9,"ascent":8,"type":"bitmap"},{"file":"betterranks:font/rank/l.png","chars":[""],"height":9,"ascent":8,"type":"bitmap"},{"file":"betterranks:font/rank/eboy.png","chars":[""],"height":9,"ascent":8,"type":"bitmap"},{"file":"betterranks:font/rank/crown.png","chars":[""],"height":9,"ascent":8,"type":"bitmap"},{"file":"betterranks:font/rank/thicc.png","chars":[""],"height":9,"ascent":8,"type":"bitmap"},{"file":"betterranks:font/rank/pig.png","chars":[""],"height":9,"ascent":8,"type":"bitmap"},{"file":"betterranks:font/rank/twitch.png","chars":[""],"height":9,"ascent":8,"type":"bitmap"},{"file":"betterranks:font/rank/manager.png","chars":[""],"height":9,"ascent":8,"type":"bitmap"},{"file":"betterranks:font/rank/guide.png","chars":[""],"height":12,"ascent":11,"type":"bitmap"},{"file":"betterranks:font/rank/vote.png","chars":[""],"height":12,"ascent":11,"type":"bitmap"},{"file":"betterranks:font/rank/store.png","chars":[""],"height":12,"ascent":11,"type":"bitmap"},{"file":"betterranks:font/rank/rewards.png","chars":[""],"height":9,"ascent":8,"type":"bitmap"},{"file":"betterranks:font/rank/keys.png","chars":[""],"height":9,"ascent":8,"type":"bitmap"},{"file":"betterranks:font/rank/ranks.png","chars":[""],"height":9,"ascent":8,"type":"bitmap"},{"file":"betterranks:font/rank/tags.png","chars":[""],"height":9,"ascent":8,"type":"bitmap"},{"file":"betterranks:font/rank/click.png","chars":[""],"height":12,"ascent":11,"type":"bitmap"},{"file":"betterranks:font/rank/voter.png","chars":[""],"height":9,"ascent":8,"type":"bitmap"},{"file":"betterranks:font/rank/builder.png","chars":[""],"height":9,"ascent":8,"type":"bitmap"},{"file":"betterranks:font/rank/trash.png","chars":[""],"height":9,"ascent":8,"type":"bitmap"},{"file":"betterranks:font/rank/smallbuilder.png","chars":[""],"height":9,"ascent":8,"type":"bitmap"},{"file":"betterranks:font/rank/media.png","chars":[""],"height":9,"ascent":8,"type":"bitmap"},{"file":"betterranks:font/rank/jackpotmc.png","chars":[""],"height":64,"ascent":8,"type":"bitmap"},{"file":"betterranks:font/rank/jackpotmc.png","chars":[""],"height":96,"ascent":8,"type":"bitmap"},{"file":"betterranks:font/rank/jackpotmc.png","chars":[""],"height":128,"ascent":8,"type":"bitmap"},{"file":"betterranks:font/rank/jackpotmc.png","chars":[""],"height":256,"ascent":8,"type":"bitmap"},{"file":"_iainternal:gui/no_recipe.png","chars":[""],"height":170,"ascent":47,"type":"bitmap"},{"file":"_iainternal:gui/crafting.png","chars":[""],"height":170,"ascent":47,"type":"bitmap"},{"file":"_iainternal:gui/cooking.png","chars":[""],"height":170,"ascent":47,"type":"bitmap"},{"file":"_iainternal:gui/blank_menu.png","chars":[""],"height":170,"ascent":47,"type":"bitmap"},{"file":"_iainternal:gui/anvil_repair.png","chars":[""],"height":170,"ascent":47,"type":"bitmap"},{"file":"_iainternal:gui/smithing.png","chars":[""],"height":170,"ascent":47,"type":"bitmap"},{"file":"emojipedia:emojis/8ball.png","chars":[""],"height":9,"ascent":8,"type":"bitmap"},{"file":"emojipedia:emojis/alarm.png","chars":[""],"height":9,"ascent":8,"type":"bitmap"},{"file":"emojipedia:emojis/alert.png","chars":[""],"height":9,"ascent":8,"type":"bitmap"},{"file":"emojipedia:emojis/alien.png","chars":[""],"height":9,"ascent":8,"type":"bitmap"},{"file":"emojipedia:emojis/angry.png","chars":[""],"height":9,"ascent":8,"type":"bitmap"},{"file":"emojipedia:emojis/anguish.png","chars":[""],"height":9,"ascent":8,"type":"bitmap"},{"file":"emojipedia:emojis/anxious.png","chars":[""],"height":9,"ascent":8,"type":"bitmap"},{"file":"emojipedia:emojis/banana.png","chars":[""],"height":9,"ascent":8,"type":"bitmap"},{"file":"emojipedia:emojis/bang.png","chars":[""],"height":9,"ascent":8,"type":"bitmap"},{"file":"emojipedia:emojis/baseball.png","chars":[""],"height":9,"ascent":8,"type":"bitmap"},{"file":"emojipedia:emojis/basketball.png","chars":[""],"height":9,"ascent":8,"type":"bitmap"},{"file":"emojipedia:emojis/battery.png","chars":[""],"height":9,"ascent":8,"type":"bitmap"},{"file":"emojipedia:emojis/beam.png","chars":[""],"height":9,"ascent":8,"type":"bitmap"},{"file":"emojipedia:emojis/bear.png","chars":[""],"height":9,"ascent":8,"type":"bitmap"},{"file":"emojipedia:emojis/blowkiss.png","chars":[""],"height":9,"ascent":8,"type":"bitmap"},{"file":"emojipedia:emojis/blush.png","chars":[""],"height":9,"ascent":8,"type":"bitmap"},{"file":"emojipedia:emojis/blushkiss.png","chars":[""],"height":9,"ascent":8,"type":"bitmap"},{"file":"emojipedia:emojis/bolt.png","chars":[""],"height":9,"ascent":8,"type":"bitmap"},{"file":"emojipedia:emojis/bomb.png","chars":[""],"height":9,"ascent":8,"type":"bitmap"},{"file":"emojipedia:emojis/box.png","chars":[""],"height":9,"ascent":8,"type":"bitmap"},{"file":"emojipedia:emojis/brokenheart.png","chars":[""],"height":9,"ascent":8,"type":"bitmap"},{"file":"emojipedia:emojis/bulb.png","chars":[""],"height":9,"ascent":8,"type":"bitmap"},{"file":"emojipedia:emojis/burger.png","chars":[""],"height":9,"ascent":8,"type":"bitmap"},{"file":"emojipedia:emojis/cake.png","chars":[""],"height":9,"ascent":8,"type":"bitmap"},{"file":"emojipedia:emojis/card.png","chars":[""],"height":9,"ascent":8,"type":"bitmap"},{"file":"emojipedia:emojis/cat.png","chars":[""],"height":9,"ascent":8,"type":"bitmap"},{"file":"emojipedia:emojis/check.png","chars":[""],"height":9,"ascent":8,"type":"bitmap"},{"file":"emojipedia:emojis/chick.png","chars":[""],"height":9,"ascent":8,"type":"bitmap"},{"file":"emojipedia:emojis/chickinegg.png","chars":[""],"height":9,"ascent":8,"type":"bitmap"},{"file":"emojipedia:emojis/chocolate.png","chars":[""],"height":9,"ascent":8,"type":"bitmap"},{"file":"emojipedia:emojis/cloud.png","chars":[""],"height":9,"ascent":8,"type":"bitmap"},{"file":"emojipedia:emojis/cloudy.png","chars":[""],"height":9,"ascent":8,"type":"bitmap"},{"file":"emojipedia:emojis/cone.png","chars":[""],"height":9,"ascent":8,"type":"bitmap"},{"file":"emojipedia:emojis/confounded.png","chars":[""],"height":9,"ascent":8,"type":"bitmap"},{"file":"emojipedia:emojis/cookie.png","chars":[""],"height":9,"ascent":8,"type":"bitmap"},{"file":"emojipedia:emojis/cross.png","chars":[""],"height":9,"ascent":8,"type":"bitmap"},{"file":"emojipedia:emojis/crown.png","chars":[""],"height":9,"ascent":8,"type":"bitmap"},{"file":"emojipedia:emojis/cry.png","chars":[""],"height":9,"ascent":8,"type":"bitmap"},{"file":"emojipedia:emojis/dead.png","chars":[""],"height":9,"ascent":8,"type":"bitmap"},{"file":"emojipedia:emojis/deny.png","chars":[""],"height":9,"ascent":8,"type":"bitmap"},{"file":"emojipedia:emojis/dice.png","chars":[""],"height":9,"ascent":8,"type":"bitmap"},{"file":"emojipedia:emojis/disappointed.png","chars":[""],"height":9,"ascent":8,"type":"bitmap"},{"file":"emojipedia:emojis/dog.png","chars":[""],"height":9,"ascent":8,"type":"bitmap"},{"file":"emojipedia:emojis/donut.png","chars":[""],"height":9,"ascent":8,"type":"bitmap"},{"file":"emojipedia:emojis/downcast.png","chars":[""],"height":9,"ascent":8,"type":"bitmap"},{"file":"emojipedia:emojis/droplet.png","chars":[""],"height":9,"ascent":8,"type":"bitmap"},{"file":"emojipedia:emojis/earth.png","chars":[""],"height":9,"ascent":8,"type":"bitmap"},{"file":"emojipedia:emojis/envelope.png","chars":[""],"height":9,"ascent":8,"type":"bitmap"},{"file":"emojipedia:emojis/expressionless.png","chars":[""],"height":9,"ascent":8,"type":"bitmap"},{"file":"emojipedia:emojis/eyes.png","chars":[""],"height":9,"ascent":8,"type":"bitmap"},{"file":"emojipedia:emojis/ez.png","chars":[""],"height":9,"ascent":8,"type":"bitmap"},{"file":"emojipedia:emojis/faceless.png","chars":[""],"height":9,"ascent":8,"type":"bitmap"},{"file":"emojipedia:emojis/fearful.png","chars":[""],"height":9,"ascent":8,"type":"bitmap"},{"file":"emojipedia:emojis/finish.png","chars":[""],"height":9,"ascent":8,"type":"bitmap"},{"file":"emojipedia:emojis/fish.png","chars":[""],"height":9,"ascent":8,"type":"bitmap"},{"file":"emojipedia:emojis/fist.png","chars":[""],"height":9,"ascent":8,"type":"bitmap"},{"file":"emojipedia:emojis/flame.png","chars":[""],"height":9,"ascent":8,"type":"bitmap"},{"file":"emojipedia:emojis/flex.png","chars":[""],"height":9,"ascent":8,"type":"bitmap"},{"file":"emojipedia:emojis/flower.png","chars":[""],"height":9,"ascent":8,"type":"bitmap"},{"file":"emojipedia:emojis/football.png","chars":[""],"height":9,"ascent":8,"type":"bitmap"},{"file":"emojipedia:emojis/fries.png","chars":[""],"height":9,"ascent":8,"type":"bitmap"},{"file":"emojipedia:emojis/frown.png","chars":[""],"height":9,"ascent":8,"type":"bitmap"},{"file":"emojipedia:emojis/gg.png","chars":[""],"height":9,"ascent":8,"type":"bitmap"},{"file":"emojipedia:emojis/glasses.png","chars":[""],"height":9,"ascent":8,"type":"bitmap"},{"file":"emojipedia:emojis/goblin.png","chars":[""],"height":9,"ascent":8,"type":"bitmap"},{"file":"emojipedia:emojis/grimace.png","chars":[""],"height":9,"ascent":8,"type":"bitmap"},{"file":"emojipedia:emojis/grin.png","chars":[""],"height":9,"ascent":8,"type":"bitmap"},{"file":"emojipedia:emojis/happyhorns.png","chars":[""],"height":9,"ascent":8,"type":"bitmap"},{"file":"emojipedia:emojis/happysun.png","chars":[""],"height":9,"ascent":8,"type":"bitmap"},{"file":"emojipedia:emojis/heart.png","chars":[""],"height":9,"ascent":8,"type":"bitmap"},{"file":"emojipedia:emojis/hearteyes.png","chars":[""],"height":9,"ascent":8,"type":"bitmap"},{"file":"emojipedia:emojis/hibiscus.png","chars":[""],"height":9,"ascent":8,"type":"bitmap"},{"file":"emojipedia:emojis/horse.png","chars":[""],"height":9,"ascent":8,"type":"bitmap"},{"file":"emojipedia:emojis/hushed.png","chars":[""],"height":9,"ascent":8,"type":"bitmap"},{"file":"emojipedia:emojis/indexup.png","chars":[""],"height":9,"ascent":8,"type":"bitmap"},{"file":"emojipedia:emojis/kiss.png","chars":[""],"height":9,"ascent":8,"type":"bitmap"},{"file":"emojipedia:emojis/ladybug.png","chars":[""],"height":9,"ascent":8,"type":"bitmap"},{"file":"emojipedia:emojis/lion.png","chars":[""],"height":9,"ascent":8,"type":"bitmap"},{"file":"emojipedia:emojis/lips.png","chars":[""],"height":9,"ascent":8,"type":"bitmap"},{"file":"emojipedia:emojis/lock.png","chars":[""],"height":9,"ascent":8,"type":"bitmap"},{"file":"emojipedia:emojis/lol.png","chars":[""],"height":9,"ascent":8,"type":"bitmap"},{"file":"emojipedia:emojis/lollipop.png","chars":[""],"height":9,"ascent":8,"type":"bitmap"},{"file":"emojipedia:emojis/lovenote.png","chars":[""],"height":9,"ascent":8,"type":"bitmap"},{"file":"emojipedia:emojis/mail.png","chars":[""],"height":9,"ascent":8,"type":"bitmap"},{"file":"emojipedia:emojis/mailclosed.png","chars":[""],"height":9,"ascent":8,"type":"bitmap"},{"file":"emojipedia:emojis/mask.png","chars":[""],"height":9,"ascent":8,"type":"bitmap"},{"file":"emojipedia:emojis/masks.png","chars":[""],"height":9,"ascent":8,"type":"bitmap"},{"file":"emojipedia:emojis/meat.png","chars":[""],"height":9,"ascent":8,"type":"bitmap"},{"file":"emojipedia:emojis/money.png","chars":[""],"height":9,"ascent":8,"type":"bitmap"},{"file":"emojipedia:emojis/monkey.png","chars":[""],"height":9,"ascent":8,"type":"bitmap"},{"file":"emojipedia:emojis/moon.png","chars":[""],"height":9,"ascent":8,"type":"bitmap"},{"file":"emojipedia:emojis/moonbright.png","chars":[""],"height":9,"ascent":8,"type":"bitmap"},{"file":"emojipedia:emojis/moondark.png","chars":[""],"height":9,"ascent":8,"type":"bitmap"},{"file":"emojipedia:emojis/mouse.png","chars":[""],"height":9,"ascent":8,"type":"bitmap"},{"file":"emojipedia:emojis/mushroom.png","chars":[""],"height":9,"ascent":8,"type":"bitmap"},{"file":"emojipedia:emojis/neutral.png","chars":[""],"height":9,"ascent":8,"type":"bitmap"},{"file":"emojipedia:emojis/newspaper.png","chars":[""],"height":9,"ascent":8,"type":"bitmap"},{"file":"emojipedia:emojis/blocked.png","chars":[""],"height":9,"ascent":8,"type":"bitmap"},{"file":"emojipedia:emojis/nomail.png","chars":[""],"height":9,"ascent":8,"type":"bitmap"},{"file":"emojipedia:emojis/notstonks.png","chars":[""],"height":9,"ascent":8,"type":"bitmap"},{"file":"emojipedia:emojis/ok.png","chars":[""],"height":9,"ascent":8,"type":"bitmap"},{"file":"emojipedia:emojis/openmouth.png","chars":[""],"height":9,"ascent":8,"type":"bitmap"},{"file":"emojipedia:emojis/palette.png","chars":[""],"height":9,"ascent":8,"type":"bitmap"},{"file":"emojipedia:emojis/panda.png","chars":[""],"height":9,"ascent":8,"type":"bitmap"},{"file":"emojipedia:emojis/peace.png","chars":[""],"height":9,"ascent":8,"type":"bitmap"},{"file":"emojipedia:emojis/peach.png","chars":[""],"height":9,"ascent":8,"type":"bitmap"},{"file":"emojipedia:emojis/pencil.png","chars":[""],"height":9,"ascent":8,"type":"bitmap"},{"file":"emojipedia:emojis/penguin.png","chars":[""],"height":9,"ascent":8,"type":"bitmap"},{"file":"emojipedia:emojis/pensive.png","chars":[""],"height":9,"ascent":8,"type":"bitmap"},{"file":"emojipedia:emojis/perservere.png","chars":[""],"height":9,"ascent":8,"type":"bitmap"},{"file":"emojipedia:emojis/phone.png","chars":[""],"height":9,"ascent":8,"type":"bitmap"},{"file":"emojipedia:emojis/pig.png","chars":[""],"height":9,"ascent":8,"type":"bitmap"},{"file":"emojipedia:emojis/pigsnout.png","chars":[""],"height":9,"ascent":8,"type":"bitmap"},{"file":"emojipedia:emojis/pineapple.png","chars":[""],"height":9,"ascent":8,"type":"bitmap"},{"file":"emojipedia:emojis/pizza.png","chars":[""],"height":9,"ascent":8,"type":"bitmap"},{"file":"emojipedia:emojis/poop.png","chars":[""],"height":9,"ascent":8,"type":"bitmap"},{"file":"emojipedia:emojis/pout.png","chars":[""],"height":9,"ascent":8,"type":"bitmap"},{"file":"emojipedia:emojis/relieved.png","chars":[""],"height":9,"ascent":8,"type":"bitmap"},{"file":"emojipedia:emojis/rocket.png","chars":[""],"height":9,"ascent":8,"type":"bitmap"},{"file":"emojipedia:emojis/sadhorns.png","chars":[""],"height":9,"ascent":8,"type":"bitmap"},{"file":"emojipedia:emojis/sadworry.png","chars":[""],"height":9,"ascent":8,"type":"bitmap"},{"file":"emojipedia:emojis/screaming.png","chars":[""],"height":9,"ascent":8,"type":"bitmap"},{"file":"emojipedia:emojis/shimmer.png","chars":[""],"height":9,"ascent":8,"type":"bitmap"},{"file":"emojipedia:emojis/shimmeryheart.png","chars":[""],"height":9,"ascent":8,"type":"bitmap"},{"file":"emojipedia:emojis/shocked.png","chars":[""],"height":9,"ascent":8,"type":"bitmap"},{"file":"emojipedia:emojis/sidetongue.png","chars":[""],"height":9,"ascent":8,"type":"bitmap"},{"file":"emojipedia:emojis/silverware.png","chars":[""],"height":9,"ascent":8,"type":"bitmap"},{"file":"emojipedia:emojis/skull.png","chars":[""],"height":9,"ascent":8,"type":"bitmap"},{"file":"emojipedia:emojis/sleeping.png","chars":[""],"height":9,"ascent":8,"type":"bitmap"},{"file":"emojipedia:emojis/sleepy.png","chars":[""],"height":9,"ascent":8,"type":"bitmap"},{"file":"emojipedia:emojis/smile.png","chars":[""],"height":9,"ascent":8,"type":"bitmap"},{"file":"emojipedia:emojis/smirk.png","chars":[""],"height":9,"ascent":8,"type":"bitmap"},{"file":"emojipedia:emojis/snail.png","chars":[""],"height":9,"ascent":8,"type":"bitmap"},{"file":"emojipedia:emojis/snowman.png","chars":[""],"height":9,"ascent":8,"type":"bitmap"},{"file":"emojipedia:emojis/sob.png","chars":[""],"height":9,"ascent":8,"type":"bitmap"},{"file":"emojipedia:emojis/soccer.png","chars":[""],"height":9,"ascent":8,"type":"bitmap"},{"file":"emojipedia:emojis/spooky.png","chars":[""],"height":9,"ascent":8,"type":"bitmap"},{"file":"emojipedia:emojis/squid.png","chars":[""],"height":9,"ascent":8,"type":"bitmap"},{"file":"emojipedia:emojis/squint.png","chars":[""],"height":9,"ascent":8,"type":"bitmap"},{"file":"emojipedia:emojis/squintkiss.png","chars":[""],"height":9,"ascent":8,"type":"bitmap"},{"file":"emojipedia:emojis/squinttongue.png","chars":[""],"height":9,"ascent":8,"type":"bitmap"},{"file":"emojipedia:emojis/star.png","chars":[""],"height":9,"ascent":8,"type":"bitmap"},{"file":"emojipedia:emojis/steam.png","chars":[""],"height":9,"ascent":8,"type":"bitmap"},{"file":"emojipedia:emojis/stonks.png","chars":[""],"height":9,"ascent":8,"type":"bitmap"},{"file":"emojipedia:emojis/sun.png","chars":[""],"height":9,"ascent":8,"type":"bitmap"},{"file":"emojipedia:emojis/sweat.png","chars":[""],"height":9,"ascent":8,"type":"bitmap"},{"file":"emojipedia:emojis/tag.png","chars":[""],"height":9,"ascent":8,"type":"bitmap"},{"file":"emojipedia:emojis/target.png","chars":[""],"height":9,"ascent":8,"type":"bitmap"},{"file":"emojipedia:emojis/thumbsdown.png","chars":[""],"height":9,"ascent":8,"type":"bitmap"},{"file":"emojipedia:emojis/thumbsup.png","chars":[""],"height":9,"ascent":8,"type":"bitmap"},{"file":"emojipedia:emojis/tired.png","chars":[""],"height":9,"ascent":8,"type":"bitmap"},{"file":"emojipedia:emojis/toilet.png","chars":[""],"height":9,"ascent":8,"type":"bitmap"},{"file":"emojipedia:emojis/tongue.png","chars":[""],"height":9,"ascent":8,"type":"bitmap"},{"file":"emojipedia:emojis/tophat.png","chars":[""],"height":9,"ascent":8,"type":"bitmap"},{"file":"emojipedia:emojis/trafficlight.png","chars":[""],"height":9,"ascent":8,"type":"bitmap"},{"file":"emojipedia:emojis/trophy.png","chars":[""],"height":9,"ascent":8,"type":"bitmap"},{"file":"emojipedia:emojis/unamused.png","chars":[""],"height":9,"ascent":8,"type":"bitmap"},{"file":"emojipedia:emojis/unlock.png","chars":[""],"height":9,"ascent":8,"type":"bitmap"},{"file":"emojipedia:emojis/weary.png","chars":[""],"height":9,"ascent":8,"type":"bitmap"},{"file":"emojipedia:emojis/wink.png","chars":[""],"height":9,"ascent":8,"type":"bitmap"},{"file":"emojipedia:emojis/winktongue.png","chars":[""],"height":9,"ascent":8,"type":"bitmap"},{"file":"emojipedia:emojis/worry.png","chars":[""],"height":9,"ascent":8,"type":"bitmap"},{"file":"emojipedia:emojis/confirm.png","chars":[""],"height":9,"ascent":8,"type":"bitmap"}]}