{"textures":{"0":"modelengine:entity/mechanical_bull"},"elements":[{"name":"cube","from":[3.1999998,7.22,5.0],"to":[5.0,9.02,11.0],"rotation":{"angle":0.0,"axis":"x","origin":[18.2,24.620003,8.0]},"faces":{"down":{"uv":[0.75,8.5,0.375,9.75],"rotation":0,"texture":"#0","tintindex":0},"east":{"uv":[7.5,8.75,8.75,9.125],"rotation":0,"texture":"#0","tintindex":0},"north":{"uv":[4.0,9.5,4.375,9.875],"rotation":0,"texture":"#0","tintindex":0},"south":{"uv":[4.375,9.5,4.75,9.875],"rotation":0,"texture":"#0","tintindex":0},"up":{"uv":[0.375,9.75,0.0,8.5],"rotation":0,"texture":"#0","tintindex":0},"west":{"uv":[8.75,8.75,10.0,9.125],"rotation":0,"texture":"#0","tintindex":0}}},{"name":"cube","from":[3.1999998,7.22,3.1999998],"to":[12.8,9.02,5.0],"rotation":{"angle":0.0,"axis":"x","origin":[18.2,24.620003,8.0]},"faces":{"down":{"uv":[9.875,1.625,7.875,2.0],"rotation":0,"texture":"#0","tintindex":0},"east":{"uv":[2.25,9.5,2.625,9.875],"rotation":0,"texture":"#0","tintindex":0},"north":{"uv":[7.75,6.75,9.75,7.125],"rotation":0,"texture":"#0","tintindex":0},"south":{"uv":[7.75,7.125,9.75,7.5],"rotation":0,"texture":"#0","tintindex":0},"up":{"uv":[9.875,1.625,7.875,1.25],"rotation":0,"texture":"#0","tintindex":0},"west":{"uv":[2.625,9.5,3.0,9.875],"rotation":0,"texture":"#0","tintindex":0}}},{"name":"cube","from":[3.1999998,7.22,11.0],"to":[12.8,9.02,12.8],"rotation":{"angle":0.0,"axis":"x","origin":[18.2,24.620003,8.0]},"faces":{"down":{"uv":[10.0,7.875,8.0,8.25],"rotation":0,"texture":"#0","tintindex":0},"east":{"uv":[9.5,2.75,9.875,3.125],"rotation":0,"texture":"#0","tintindex":0},"north":{"uv":[7.875,2.0,9.875,2.375],"rotation":0,"texture":"#0","tintindex":0},"south":{"uv":[7.875,2.375,9.875,2.75],"rotation":0,"texture":"#0","tintindex":0},"up":{"uv":[10.0,7.875,8.0,7.5],"rotation":0,"texture":"#0","tintindex":0},"west":{"uv":[9.5,3.125,9.875,3.5],"rotation":0,"texture":"#0","tintindex":0}}},{"name":"cube","from":[11.0,7.22,5.0],"to":[12.8,9.02,11.0],"rotation":{"angle":0.0,"axis":"x","origin":[18.2,24.620003,8.0]},"faces":{"down":{"uv":[7.5,8.375,7.125,9.625],"rotation":0,"texture":"#0","tintindex":0},"east":{"uv":[8.5,0.5,9.75,0.875],"rotation":0,"texture":"#0","tintindex":0},"north":{"uv":[9.5,3.5,9.875,3.875],"rotation":0,"texture":"#0","tintindex":0},"south":{"uv":[3.625,9.5,4.0,9.875],"rotation":0,"texture":"#0","tintindex":0},"up":{"uv":[2.125,5.75,1.75,4.5],"rotation":0,"texture":"#0","tintindex":0},"west":{"uv":[8.5,0.875,9.75,1.25],"rotation":0,"texture":"#0","tintindex":0}}},{"name":"cube","from":[5.0,7.22,5.0],"to":[11.0,7.8199997,11.0],"rotation":{"angle":0.0,"axis":"x","origin":[18.2,24.620003,8.0]},"faces":{"down":{"uv":[4.25,5.75,3.0,7.0],"rotation":0,"texture":"#0","tintindex":0},"east":{"uv":[7.125,4.625,8.375,4.75],"rotation":0,"texture":"#0","tintindex":0},"north":{"uv":[7.125,4.5,8.375,4.625],"rotation":0,"texture":"#0","tintindex":0},"south":{"uv":[8.25,3.75,9.5,3.875],"rotation":0,"texture":"#0","tintindex":0},"up":{"uv":[3.0,7.0,1.75,5.75],"rotation":0,"texture":"#0","tintindex":0},"west":{"uv":[8.25,3.875,9.5,4.0],"rotation":0,"texture":"#0","tintindex":0}}}],"display":{"head":{"translation":[0.0,-6.4,0.0],"rotation":[0.0,0.0,0.0],"scale":[3.8095,3.8095,3.8095]}}}